age,job,marital,education,default,balance,housing,loan,contact,day,month,duration,campaign,pdays,previous,poutcome,y
28,unemployed,single,secondary,no,1055,no,no,cellular,28,jan,196,1,-1,0,unknown,no
36,blue-collar,married,secondary,no,520,yes,no,unknown,23,may,110,2,-1,0,unknown,no
38,technician,single,tertiary,no,1314,yes,yes,cellular,16,jul,378,2,-1,0,unknown,no
41,unemployed,married,tertiary,no,28,yes,no,cellular,4,feb,358,2,-1,0,unknown,no
27,technician,single,tertiary,no,290,no,no,cellular,10,aug,88,1,-1,0,unknown,no
50,services,married,secondary,no,2362,yes,yes,cellular,23,jul,59,4,-1,0,unknown,no
27,blue-collar,married,secondary,no,106,yes,no,unknown,8,may,207,2,-1,0,unknown,no
52,housemaid,divorced,primary,no,337,no,no,cellular,28,jan,130,1,-1,0,unknown,no
34,blue-collar,married,primary,no,336,yes,no,unknown,21,may,713,4,-1,0,unknown,no
31,technician,married,secondary,no,510,yes,no,unknown,21,may,117,3,-1,0,unknown,no
53,blue-collar,divorced,secondary,no,145,yes,no,unknown,8,may,193,1,-1,0,unknown,no
41,blue-collar,married,primary,no,8,yes,no,cellular,15,jul,155,2,-1,0,unknown,no
45,blue-collar,married,secondary,no,430,no,yes,cellular,21,aug,140,2,-1,0,unknown,no
49,unemployed,married,tertiary,no,-471,yes,no,cellular,20,nov,77,3,185,7,failure,no
31,blue-collar,married,secondary,no,1716,yes,no,cellular,13,apr,542,2,340,2,other,no
31,admin.,married,secondary,no,10,no,no,cellular,15,jul,156,4,-1,0,unknown,no
37,management,single,tertiary,no,146,yes,no,cellular,17,apr,135,1,336,3,failure,no
47,blue-collar,married,primary,no,373,yes,no,cellular,11,may,480,2,-1,0,unknown,no
41,technician,single,secondary,no,2919,yes,no,unknown,16,may,329,3,-1,0,unknown,no
39,management,married,secondary,no,2445,no,no,unknown,16,jun,303,5,-1,0,unknown,no
34,services,married,secondary,no,-85,yes,no,cellular,8,may,129,4,-1,0,unknown,no
30,blue-collar,single,primary,no,395,no,no,cellular,21,nov,429,1,-1,0,unknown,no
40,blue-collar,married,secondary,no,59,yes,no,unknown,13,may,420,1,-1,0,unknown,no
48,entrepreneur,married,secondary,no,151,no,no,cellular,16,jul,191,1,-1,0,unknown,no
48,blue-collar,divorced,secondary,no,2071,no,no,cellular,14,may,127,1,-1,0,unknown,no
58,services,married,primary,no,443,no,no,telephone,6,feb,41,2,204,1,failure,no
34,housemaid,married,tertiary,no,0,no,no,cellular,26,may,141,1,188,1,failure,no
39,management,married,tertiary,no,141,yes,no,cellular,13,may,788,2,331,6,other,no
59,retired,married,tertiary,no,3843,no,no,cellular,11,aug,104,4,-1,0,unknown,no
53,services,married,primary,no,6,no,no,cellular,22,aug,80,2,-1,0,unknown,no
48,management,married,tertiary,no,0,yes,no,unknown,6,jun,300,5,-1,0,unknown,no
36,management,married,tertiary,no,481,yes,no,cellular,13,may,215,1,175,3,failure,no
30,services,married,unknown,no,280,yes,yes,unknown,28,may,674,2,-1,0,unknown,no
32,technician,single,tertiary,no,471,no,no,cellular,14,jan,67,1,-1,0,unknown,no
39,services,married,primary,no,276,yes,yes,cellular,13,may,628,1,-1,0,unknown,no
32,management,single,tertiary,no,1047,yes,no,cellular,13,aug,203,6,-1,0,unknown,no
31,management,single,tertiary,no,949,yes,no,cellular,28,jul,52,7,-1,0,unknown,no
33,technician,married,secondary,no,4790,yes,no,cellular,20,apr,137,1,272,2,failure,no
40,services,divorced,secondary,no,-81,no,yes,cellular,23,jul,186,1,-1,0,unknown,no
47,technician,single,secondary,no,58,no,no,telephone,5,feb,33,1,-1,0,unknown,no
36,management,single,tertiary,no,2163,no,no,cellular,5,jun,317,1,-1,0,unknown,no
32,management,married,tertiary,no,312,no,no,cellular,11,aug,67,4,-1,0,unknown,no
50,management,married,tertiary,no,964,yes,no,unknown,6,may,323,1,-1,0,unknown,no
57,management,married,tertiary,no,113,no,no,cellular,3,feb,191,2,-1,0,unknown,no
53,blue-collar,married,secondary,no,1140,yes,no,unknown,15,may,241,32,-1,0,unknown,no
48,blue-collar,divorced,primary,no,0,no,no,unknown,6,jun,248,2,-1,0,unknown,no
42,blue-collar,divorced,secondary,no,198,no,no,cellular,15,may,133,1,-1,0,unknown,no
42,housemaid,single,secondary,no,284,yes,no,cellular,17,apr,134,3,-1,0,unknown,no
33,blue-collar,married,primary,no,1165,yes,no,unknown,21,may,420,2,-1,0,unknown,no
42,management,married,secondary,no,372,yes,no,telephone,31,jul,130,8,-1,0,unknown,no
39,management,single,tertiary,no,375,yes,no,unknown,8,may,66,2,-1,0,unknown,no
32,admin.,single,secondary,no,613,yes,no,cellular,2,feb,88,1,-1,0,unknown,no
55,housemaid,married,primary,no,16,no,no,unknown,20,jun,64,1,-1,0,unknown,no
44,blue-collar,married,primary,no,976,yes,no,cellular,11,may,164,2,-1,0,unknown,no
46,management,married,tertiary,no,466,yes,no,cellular,31,jul,109,8,-1,0,unknown,no
35,management,married,tertiary,no,24,yes,no,cellular,20,aug,174,2,-1,0,unknown,no
39,unemployed,single,secondary,no,2208,no,no,telephone,22,may,23,2,-1,0,unknown,no
30,technician,single,secondary,no,2573,yes,no,unknown,5,may,67,2,-1,0,unknown,no
53,services,married,tertiary,no,-3,no,no,cellular,8,aug,133,2,-1,0,unknown,no
35,self-employed,single,tertiary,no,398,no,no,cellular,5,jul,101,3,-1,0,unknown,no
30,technician,single,secondary,no,1286,no,no,telephone,28,aug,44,12,-1,0,unknown,no
32,technician,married,secondary,no,524,no,no,cellular,5,aug,493,1,-1,0,unknown,no
34,technician,single,secondary,no,2131,yes,no,cellular,13,may,53,1,-1,0,unknown,no
39,technician,married,secondary,no,211,no,no,telephone,6,feb,53,2,-1,0,unknown,no
47,blue-collar,married,primary,no,673,no,yes,cellular,14,aug,106,6,-1,0,unknown,no
50,admin.,married,secondary,no,326,yes,no,cellular,11,may,124,1,369,2,failure,no
36,management,married,tertiary,no,0,yes,no,cellular,29,jan,86,1,237,17,other,no
34,admin.,divorced,secondary,no,0,no,no,cellular,10,jul,268,1,-1,0,unknown,no
38,services,married,primary,yes,1,yes,no,cellular,17,jul,169,7,-1,0,unknown,no
30,blue-collar,single,secondary,no,191,no,no,cellular,25,jul,66,2,-1,0,unknown,no
33,services,divorced,secondary,no,2358,yes,no,cellular,20,apr,529,3,-1,0,unknown,no
39,management,single,tertiary,no,313,no,yes,cellular,29,jan,118,5,196,1,other,no
26,blue-collar,single,secondary,no,1,yes,no,cellular,22,jul,36,2,-1,0,unknown,no
67,retired,married,primary,no,2,no,no,cellular,28,oct,1118,1,-1,0,unknown,no
30,management,single,tertiary,no,528,yes,no,unknown,8,may,145,4,-1,0,unknown,no
38,services,divorced,secondary,no,710,yes,no,cellular,18,may,1880,2,-1,0,unknown,no
27,management,single,secondary,no,924,yes,no,cellular,3,feb,84,1,-1,0,unknown,no
38,technician,divorced,secondary,no,0,yes,no,cellular,16,apr,867,1,-1,0,unknown,no
58,services,single,secondary,no,1430,yes,no,cellular,20,apr,861,6,321,5,failure,no
31,services,married,secondary,no,272,yes,no,unknown,13,may,133,12,-1,0,unknown,no
34,admin.,single,secondary,no,5057,yes,no,cellular,19,nov,73,1,-1,0,unknown,no
34,management,divorced,tertiary,no,13204,yes,yes,cellular,20,nov,197,2,-1,0,unknown,no
58,retired,married,secondary,no,610,yes,no,unknown,6,jun,651,1,-1,0,unknown,no
26,blue-collar,single,secondary,no,786,yes,yes,unknown,14,may,103,5,-1,0,unknown,no
33,technician,married,secondary,no,6419,no,no,cellular,7,aug,419,3,-1,0,unknown,no
57,services,married,secondary,no,5486,yes,no,cellular,11,may,86,7,285,3,failure,no
35,blue-collar,married,secondary,no,270,yes,yes,cellular,6,apr,332,2,335,1,failure,no
41,services,single,primary,no,5907,yes,no,cellular,7,may,198,1,167,5,failure,no
48,management,married,secondary,no,-1157,no,yes,cellular,17,nov,125,2,-1,0,unknown,no
38,housemaid,married,secondary,no,0,yes,no,unknown,6,may,59,3,-1,0,unknown,no
30,technician,divorced,secondary,no,3028,yes,no,cellular,28,aug,65,5,-1,0,unknown,no
32,management,married,tertiary,no,124,no,no,unknown,27,may,193,1,-1,0,unknown,no
38,management,married,tertiary,no,7255,yes,no,cellular,20,apr,410,2,-1,0,unknown,no
42,technician,married,secondary,no,234,no,no,cellular,4,feb,765,2,-1,0,unknown,no
47,blue-collar,married,primary,no,205,yes,no,unknown,8,may,128,2,-1,0,unknown,no
26,services,single,secondary,no,-72,yes,no,unknown,30,jun,82,9,-1,0,unknown,no
45,admin.,single,secondary,no,946,yes,no,cellular,13,apr,754,3,143,6,failure,no
29,management,single,tertiary,no,42,yes,no,unknown,26,jun,91,4,-1,0,unknown,no
40,technician,married,secondary,no,4186,no,no,cellular,11,aug,129,1,-1,0,unknown,no
35,unemployed,single,secondary,no,221,no,no,cellular,29,jan,374,1,-1,0,unknown,no
31,services,married,secondary,no,891,yes,no,unknown,21,may,44,3,-1,0,unknown,no
60,retired,married,primary,no,17413,no,no,unknown,9,jun,200,1,-1,0,unknown,no
51,blue-collar,married,primary,no,230,yes,no,cellular,17,nov,174,1,195,1,failure,no
56,management,married,tertiary,no,3172,yes,no,cellular,5,feb,139,1,-1,0,unknown,no
50,management,married,tertiary,no,1612,no,no,cellular,15,sep,188,1,92,4,success,no
34,management,single,tertiary,no,1009,yes,no,cellular,12,aug,68,2,-1,0,unknown,no
32,services,single,secondary,no,187,yes,no,unknown,29,may,315,1,-1,0,unknown,no
48,management,married,tertiary,no,288,no,no,cellular,18,aug,585,3,-1,0,unknown,no
45,blue-collar,divorced,primary,no,1805,no,no,cellular,7,jul,758,1,-1,0,unknown,no
59,blue-collar,married,secondary,no,104,yes,no,unknown,2,jun,92,5,-1,0,unknown,no
54,management,married,tertiary,no,3795,yes,yes,cellular,21,jul,381,1,-1,0,unknown,no
23,blue-collar,married,primary,no,-213,no,no,unknown,13,may,165,2,-1,0,unknown,no
21,technician,single,secondary,no,519,no,no,unknown,4,oct,5,1,-1,0,unknown,no
26,services,married,secondary,no,54,yes,no,unknown,13,may,116,1,-1,0,unknown,no
39,unemployed,single,secondary,no,804,no,no,cellular,21,dec,193,8,203,1,success,no
28,blue-collar,married,primary,no,115,yes,no,unknown,28,may,78,4,-1,0,unknown,no
45,blue-collar,married,primary,no,0,yes,no,telephone,24,jul,32,1,-1,0,unknown,no
28,blue-collar,single,secondary,no,56,yes,no,unknown,23,may,66,1,-1,0,unknown,no
41,technician,married,secondary,no,64,yes,yes,unknown,8,may,210,2,-1,0,unknown,no
60,retired,divorced,secondary,no,1382,no,no,cellular,30,jul,112,10,-1,0,unknown,no
34,technician,married,secondary,no,-346,no,no,cellular,13,aug,136,4,-1,0,unknown,no
31,services,single,secondary,no,0,yes,no,cellular,17,apr,815,2,-1,0,unknown,no
36,admin.,single,tertiary,no,918,yes,no,cellular,16,apr,127,2,-1,0,unknown,no
35,management,married,tertiary,no,2801,yes,no,cellular,19,nov,70,2,111,2,failure,no
60,blue-collar,married,primary,no,93,no,yes,unknown,27,may,125,4,-1,0,unknown,no
30,management,single,secondary,no,2143,yes,yes,cellular,18,aug,514,10,-1,0,unknown,no
34,services,single,secondary,no,215,no,no,cellular,28,jul,56,5,-1,0,unknown,no
37,management,single,tertiary,no,767,no,no,cellular,22,aug,160,2,-1,0,unknown,no
46,technician,divorced,secondary,yes,-1361,yes,yes,cellular,18,nov,78,1,-1,0,unknown,no
38,management,married,tertiary,no,0,no,no,cellular,5,feb,214,2,-1,0,unknown,no
55,technician,married,tertiary,no,639,yes,no,telephone,13,may,992,5,370,3,other,no
34,blue-collar,married,unknown,no,11,yes,no,cellular,8,apr,233,1,-1,0,unknown,no
60,technician,married,secondary,no,21,no,no,telephone,9,feb,172,4,-1,0,unknown,no
38,technician,single,secondary,no,275,yes,no,cellular,28,jan,52,1,-1,0,unknown,no
48,retired,single,primary,no,0,no,no,unknown,20,jun,9,16,-1,0,unknown,no
28,management,single,tertiary,no,6791,no,no,telephone,9,aug,361,1,46,35,failure,no
40,admin.,single,secondary,no,118,yes,no,unknown,8,may,383,3,-1,0,unknown,no
42,management,married,secondary,no,1079,no,no,cellular,19,aug,117,6,-1,0,unknown,no
30,management,single,tertiary,no,1456,yes,no,cellular,20,nov,227,1,-1,0,unknown,no
26,technician,married,secondary,no,351,yes,no,unknown,2,jun,758,3,-1,0,unknown,no
59,management,married,tertiary,no,315,no,no,cellular,7,sep,98,2,-1,0,unknown,no
44,technician,married,primary,no,7800,yes,no,cellular,19,nov,250,1,-1,0,unknown,no
32,technician,single,tertiary,no,5204,no,no,cellular,8,aug,31,2,-1,0,unknown,no
56,services,married,secondary,no,17,no,yes,cellular,25,aug,342,5,-1,0,unknown,no
57,retired,married,secondary,no,63,no,no,cellular,27,aug,91,2,-1,0,unknown,no
39,blue-collar,married,primary,no,1046,no,no,unknown,19,jun,112,4,-1,0,unknown,no
33,management,divorced,tertiary,no,0,no,no,cellular,13,aug,305,2,-1,0,unknown,no
51,blue-collar,married,primary,yes,-17,no,no,cellular,27,aug,134,6,-1,0,unknown,no
30,management,single,tertiary,no,1130,yes,no,unknown,14,may,138,3,-1,0,unknown,no
53,blue-collar,married,secondary,no,-71,yes,no,cellular,6,may,91,3,-1,0,unknown,no
33,management,single,tertiary,no,-2,no,yes,cellular,25,aug,147,6,-1,0,unknown,no
38,technician,married,secondary,no,61,yes,no,unknown,28,may,97,1,-1,0,unknown,no
51,blue-collar,married,primary,no,480,yes,no,cellular,12,may,189,1,326,5,failure,no
59,housemaid,married,primary,no,96,no,no,cellular,6,aug,88,2,-1,0,unknown,no
45,technician,married,secondary,no,366,no,yes,cellular,3,feb,235,2,169,12,failure,no
46,blue-collar,married,secondary,no,6215,no,no,unknown,16,jun,155,1,-1,0,unknown,no
47,self-employed,married,secondary,no,0,no,no,cellular,29,aug,90,6,-1,0,unknown,no
48,management,married,tertiary,no,4852,no,no,cellular,26,aug,41,11,-1,0,unknown,no
53,admin.,single,secondary,no,545,yes,no,cellular,12,may,305,1,370,1,failure,no
37,technician,married,secondary,no,430,no,no,cellular,27,aug,154,4,-1,0,unknown,no
56,services,married,secondary,no,4763,yes,no,telephone,28,jul,106,6,-1,0,unknown,no
35,services,married,tertiary,no,260,yes,no,cellular,11,jul,134,2,-1,0,unknown,no
59,management,married,primary,no,396,yes,no,unknown,2,jun,72,3,-1,0,unknown,no
77,retired,married,secondary,no,1208,no,no,telephone,28,apr,72,4,-1,0,unknown,no
42,admin.,married,secondary,no,3842,no,no,cellular,31,jul,130,4,-1,0,unknown,no
39,blue-collar,married,primary,no,295,yes,no,unknown,4,jun,38,1,-1,0,unknown,no
54,management,married,tertiary,no,284,yes,yes,telephone,15,may,65,5,-1,0,unknown,no
32,management,single,tertiary,no,3886,yes,yes,unknown,29,may,151,7,-1,0,unknown,no
46,management,married,tertiary,no,625,yes,no,unknown,6,jun,127,1,-1,0,unknown,no
62,technician,married,secondary,no,135,yes,no,telephone,16,nov,446,13,96,1,other,no
31,blue-collar,married,secondary,no,-112,no,yes,cellular,15,jul,128,1,-1,0,unknown,no
50,blue-collar,married,primary,no,5776,no,no,cellular,18,nov,49,3,-1,0,unknown,no
36,technician,married,secondary,no,186,yes,no,cellular,12,may,187,3,-1,0,unknown,no
38,blue-collar,married,secondary,no,213,yes,no,unknown,16,jun,270,15,-1,0,unknown,no
41,management,married,tertiary,no,371,yes,no,cellular,28,jul,81,8,-1,0,unknown,no
55,self-employed,married,secondary,no,-196,yes,no,unknown,20,may,210,2,-1,0,unknown,no
35,unemployed,single,secondary,no,0,no,no,cellular,30,jul,740,3,-1,0,unknown,no
36,blue-collar,single,secondary,no,3111,yes,no,unknown,20,may,445,2,-1,0,unknown,no
43,blue-collar,married,unknown,no,1123,yes,no,cellular,16,apr,191,2,322,3,failure,no
54,entrepreneur,married,secondary,no,52,yes,no,unknown,15,may,44,3,-1,0,unknown,no
48,blue-collar,married,primary,no,363,yes,no,unknown,18,jun,257,6,-1,0,unknown,no
49,technician,divorced,secondary,yes,-757,yes,yes,unknown,2,jun,68,1,-1,0,unknown,no
28,admin.,married,secondary,no,897,no,no,cellular,17,mar,395,1,285,1,success,no
26,housemaid,married,primary,no,158,no,yes,cellular,8,jul,416,4,-1,0,unknown,no
42,self-employed,single,tertiary,no,1225,no,no,cellular,18,aug,104,3,-1,0,unknown,no
35,management,single,tertiary,no,385,yes,no,cellular,29,aug,168,2,-1,0,unknown,no
34,admin.,single,secondary,no,0,yes,no,cellular,17,nov,214,1,174,2,failure,no
30,technician,single,secondary,no,790,no,no,cellular,20,aug,696,3,-1,0,unknown,no
42,admin.,married,unknown,no,756,no,no,cellular,7,may,116,3,-1,0,unknown,no
40,technician,single,secondary,no,360,yes,no,unknown,9,may,73,1,-1,0,unknown,no
30,management,divorced,tertiary,yes,-1105,yes,no,cellular,11,may,686,1,-1,0,unknown,no
47,blue-collar,married,primary,no,2,yes,yes,cellular,20,nov,661,4,190,1,failure,no
48,entrepreneur,married,tertiary,no,354,yes,no,cellular,9,feb,37,4,-1,0,unknown,no
56,self-employed,married,primary,no,-34,yes,yes,unknown,5,may,212,2,-1,0,unknown,no
35,technician,single,tertiary,no,33,no,no,cellular,29,aug,300,2,-1,0,unknown,no
41,blue-collar,married,secondary,no,59,yes,no,unknown,15,may,75,8,-1,0,unknown,no
45,blue-collar,married,unknown,no,-320,yes,no,unknown,28,may,204,3,-1,0,unknown,no
52,management,single,tertiary,no,5728,yes,no,cellular,21,nov,79,3,-1,0,unknown,no
49,housemaid,married,secondary,no,3570,no,no,cellular,24,dec,62,3,202,2,failure,no
67,retired,married,unknown,no,696,no,no,telephone,4,may,77,2,-1,0,unknown,no
36,technician,single,secondary,no,265,yes,yes,cellular,2,feb,88,1,273,1,failure,no
44,entrepreneur,married,tertiary,no,31,no,no,unknown,9,jun,467,1,-1,0,unknown,no
34,admin.,single,secondary,no,1,yes,no,cellular,9,feb,185,7,280,1,other,no
53,management,married,tertiary,no,0,yes,no,cellular,9,jul,296,1,-1,0,unknown,no
49,admin.,single,primary,no,655,yes,no,cellular,13,may,32,5,-1,0,unknown,no
34,technician,single,secondary,no,52,no,no,cellular,19,aug,90,4,-1,0,unknown,no
39,blue-collar,married,primary,no,3503,no,no,unknown,5,jun,89,1,-1,0,unknown,no
43,services,divorced,secondary,no,207,yes,no,unknown,16,may,132,1,-1,0,unknown,no
40,management,divorced,secondary,no,-626,yes,no,cellular,7,jul,140,4,-1,0,unknown,no
31,technician,divorced,secondary,no,202,yes,no,cellular,18,jul,146,1,-1,0,unknown,no
53,blue-collar,married,primary,no,0,no,no,cellular,7,jul,114,1,-1,0,unknown,no
52,admin.,married,secondary,no,423,yes,yes,cellular,20,oct,139,2,96,7,failure,no
59,unemployed,divorced,secondary,no,7469,no,no,cellular,22,feb,287,1,130,1,failure,no
47,housemaid,single,primary,no,46,no,no,cellular,4,feb,371,1,-1,0,unknown,no
53,blue-collar,single,primary,no,210,yes,no,cellular,15,may,984,1,368,1,failure,no
42,blue-collar,married,secondary,no,4,yes,yes,unknown,2,jun,229,8,-1,0,unknown,no
29,services,single,secondary,no,-32,no,yes,cellular,8,jul,510,1,-1,0,unknown,no
51,management,single,unknown,no,-461,yes,no,unknown,28,may,33,2,-1,0,unknown,no
43,technician,married,secondary,no,0,no,no,cellular,19,aug,313,3,-1,0,unknown,no
57,technician,married,tertiary,no,27069,no,yes,unknown,20,jun,174,3,-1,0,unknown,no
56,entrepreneur,married,tertiary,no,16125,no,no,telephone,21,nov,167,1,-1,0,unknown,no
35,blue-collar,single,secondary,no,507,no,no,unknown,17,jun,43,6,-1,0,unknown,no
56,blue-collar,divorced,primary,no,12,no,no,cellular,8,jul,226,1,-1,0,unknown,no
31,technician,single,tertiary,no,36,no,no,cellular,12,aug,111,3,-1,0,unknown,no
60,management,married,primary,no,92,no,no,telephone,2,feb,447,1,-1,0,unknown,no
29,management,single,tertiary,no,5894,yes,no,unknown,16,jun,223,2,-1,0,unknown,no
33,technician,divorced,secondary,yes,10,yes,yes,cellular,18,nov,167,5,-1,0,unknown,no
54,blue-collar,married,secondary,no,1223,yes,no,cellular,7,may,369,1,-1,0,unknown,no
26,blue-collar,married,primary,no,500,yes,no,unknown,15,may,21,6,-1,0,unknown,no
42,technician,married,tertiary,no,246,yes,no,telephone,12,may,360,2,-1,0,unknown,no
53,admin.,married,tertiary,no,5094,no,no,cellular,5,aug,114,1,-1,0,unknown,no
36,services,single,secondary,no,80,no,yes,cellular,17,jul,258,1,-1,0,unknown,no
40,self-employed,married,secondary,no,0,no,no,cellular,22,aug,55,6,-1,0,unknown,no
42,technician,single,secondary,no,77,no,yes,cellular,7,aug,152,2,-1,0,unknown,no
52,self-employed,married,secondary,no,213,yes,no,cellular,14,may,164,2,-1,0,unknown,no
44,services,divorced,secondary,no,1,yes,no,unknown,6,may,235,4,-1,0,unknown,no
48,management,married,tertiary,no,20718,yes,no,unknown,14,may,125,1,-1,0,unknown,no
38,management,single,tertiary,no,900,yes,no,unknown,2,jun,156,1,-1,0,unknown,no
32,blue-collar,married,secondary,no,5164,no,no,cellular,21,nov,253,1,-1,0,unknown,no
39,technician,married,secondary,no,6,yes,no,cellular,18,may,122,3,357,4,failure,no
35,technician,single,tertiary,no,817,yes,no,cellular,21,nov,12,5,-1,0,unknown,no
35,blue-collar,single,unknown,no,2298,no,no,cellular,31,jul,92,4,-1,0,unknown,no
40,unemployed,married,primary,no,400,no,no,unknown,9,jun,317,1,-1,0,unknown,no
25,management,single,tertiary,no,0,no,yes,cellular,18,jul,342,1,-1,0,unknown,no
39,admin.,married,secondary,no,70,yes,no,cellular,31,jul,13,11,-1,0,unknown,no
45,management,married,tertiary,no,80,no,yes,cellular,19,nov,157,1,-1,0,unknown,no
32,blue-collar,married,secondary,no,736,yes,no,unknown,23,may,700,3,-1,0,unknown,no
52,technician,married,unknown,no,9687,yes,no,cellular,19,nov,222,3,174,1,failure,no
60,admin.,married,unknown,no,2667,yes,no,unknown,15,may,140,1,-1,0,unknown,no
58,retired,married,primary,no,69,no,no,cellular,29,aug,76,8,-1,0,unknown,no
38,technician,single,tertiary,no,69,yes,no,cellular,13,may,253,3,-1,0,unknown,no
31,admin.,single,secondary,no,523,no,yes,cellular,16,oct,141,1,126,4,failure,no
32,services,married,secondary,no,268,no,no,cellular,29,jan,140,1,-1,0,unknown,no
38,technician,married,secondary,no,0,yes,yes,cellular,7,jul,500,5,-1,0,unknown,no
32,technician,single,tertiary,no,881,no,no,cellular,8,aug,79,1,-1,0,unknown,no
55,retired,married,secondary,no,0,no,no,cellular,29,jan,636,1,-1,0,unknown,no
46,management,married,secondary,yes,-333,no,yes,cellular,30,jul,597,2,-1,0,unknown,no
50,management,married,tertiary,no,0,no,no,unknown,11,jun,916,1,-1,0,unknown,no
25,technician,single,secondary,no,173,yes,no,cellular,15,may,186,2,-1,0,unknown,no
50,services,married,secondary,no,1134,no,no,unknown,18,jun,53,2,-1,0,unknown,no
58,housemaid,married,primary,no,260,yes,no,telephone,15,may,71,5,364,3,failure,no
37,blue-collar,married,primary,no,213,no,yes,unknown,5,jun,323,1,-1,0,unknown,no
29,admin.,married,secondary,no,-211,yes,no,cellular,18,may,58,1,-1,0,unknown,no
40,technician,married,secondary,no,500,yes,no,cellular,17,jul,175,3,-1,0,unknown,no
29,admin.,single,secondary,no,1992,no,no,cellular,12,apr,119,2,-1,0,unknown,no
50,admin.,married,secondary,no,311,yes,yes,unknown,18,jun,417,3,-1,0,unknown,no
31,management,married,tertiary,no,4924,yes,no,unknown,21,may,389,2,-1,0,unknown,no
53,retired,married,tertiary,no,1452,no,yes,cellular,19,nov,442,2,113,3,failure,no
51,blue-collar,divorced,secondary,no,78,yes,no,unknown,27,may,723,2,-1,0,unknown,no
40,technician,single,secondary,no,2244,no,yes,cellular,20,aug,58,2,-1,0,unknown,no
44,management,married,tertiary,no,-68,no,yes,cellular,25,aug,121,4,-1,0,unknown,no
57,technician,married,unknown,no,2610,no,no,telephone,3,feb,258,2,-1,0,unknown,no
40,management,divorced,tertiary,no,492,no,yes,cellular,7,jul,125,2,-1,0,unknown,no
46,blue-collar,married,primary,no,14,no,no,cellular,7,jul,407,1,-1,0,unknown,no
40,services,married,primary,no,170,yes,yes,cellular,8,may,361,3,-1,0,unknown,no
30,management,single,tertiary,no,1636,no,no,unknown,6,jun,301,2,-1,0,unknown,no
44,retired,divorced,primary,no,2083,yes,no,unknown,28,may,124,1,-1,0,unknown,no
42,blue-collar,single,primary,no,19,yes,no,unknown,7,may,158,1,-1,0,unknown,no
29,entrepreneur,single,secondary,no,404,no,no,cellular,30,jan,413,3,-1,0,unknown,no
37,technician,married,secondary,yes,-886,yes,no,unknown,26,may,224,1,-1,0,unknown,no
29,management,married,secondary,no,231,no,no,cellular,30,apr,80,1,-1,0,unknown,no
37,entrepreneur,married,tertiary,yes,-456,yes,yes,unknown,20,jun,42,7,-1,0,unknown,no
52,services,married,secondary,no,-888,no,no,cellular,16,jul,135,1,-1,0,unknown,no
50,management,divorced,tertiary,no,30,no,no,cellular,20,aug,76,2,-1,0,unknown,no
54,management,married,tertiary,no,153,no,no,cellular,12,aug,168,5,-1,0,unknown,no
54,unemployed,single,tertiary,no,252,yes,no,cellular,21,jul,101,1,-1,0,unknown,no
60,retired,single,tertiary,no,7440,yes,no,unknown,15,may,92,3,-1,0,unknown,no
46,blue-collar,married,primary,no,1666,yes,no,unknown,9,jun,94,13,-1,0,unknown,no
38,blue-collar,married,primary,no,689,yes,no,cellular,6,may,585,2,296,2,failure,no
46,unknown,married,unknown,no,0,no,no,cellular,4,aug,343,1,-1,0,unknown,no
35,admin.,single,secondary,no,10,no,yes,cellular,12,may,357,1,175,4,failure,no
37,admin.,married,secondary,no,281,yes,no,unknown,16,may,279,2,-1,0,unknown,no
43,admin.,married,secondary,no,-169,yes,no,cellular,24,apr,219,1,-1,0,unknown,no
59,management,divorced,secondary,no,0,no,no,cellular,22,aug,125,2,-1,0,unknown,no
30,management,single,tertiary,no,2592,no,no,cellular,19,nov,50,1,-1,0,unknown,no
51,blue-collar,married,secondary,no,0,yes,no,unknown,5,may,173,2,-1,0,unknown,no
35,technician,married,secondary,no,254,no,no,cellular,8,aug,153,7,-1,0,unknown,no
46,technician,married,tertiary,no,2207,yes,no,unknown,16,may,243,3,-1,0,unknown,no
41,admin.,married,secondary,no,683,no,yes,cellular,20,nov,77,1,-1,0,unknown,no
54,technician,single,tertiary,no,1433,yes,yes,unknown,18,jun,18,20,-1,0,unknown,no
44,admin.,married,secondary,no,399,yes,yes,unknown,3,jun,271,2,-1,0,unknown,no
33,management,married,tertiary,no,1657,yes,no,unknown,27,may,342,4,-1,0,unknown,no
58,blue-collar,married,secondary,no,0,no,no,cellular,18,aug,27,17,-1,0,unknown,no
29,admin.,married,tertiary,no,238,no,no,cellular,11,aug,97,1,78,3,success,no
32,admin.,married,secondary,no,187,no,yes,unknown,27,jun,381,3,-1,0,unknown,no
48,technician,married,secondary,no,-205,yes,yes,cellular,9,jul,112,1,-1,0,unknown,no
36,blue-collar,divorced,secondary,no,421,yes,no,cellular,15,may,34,7,360,4,other,no
37,technician,married,secondary,no,1725,no,no,cellular,22,aug,75,7,-1,0,unknown,no
37,management,married,tertiary,no,257,no,no,unknown,20,sep,11,1,-1,0,unknown,no
34,admin.,single,secondary,no,303,no,no,cellular,21,dec,94,3,200,6,success,no
58,unemployed,married,tertiary,no,1798,yes,no,cellular,5,feb,19,8,-1,0,unknown,no
26,admin.,married,secondary,no,3160,yes,no,unknown,27,may,154,1,-1,0,unknown,no
26,management,married,primary,no,1349,yes,no,unknown,9,may,275,1,-1,0,unknown,no
49,services,divorced,secondary,no,3649,yes,yes,unknown,15,may,150,1,-1,0,unknown,no
59,housemaid,married,primary,no,182,no,no,cellular,30,apr,92,1,86,1,failure,no
36,entrepreneur,married,secondary,yes,1,yes,no,cellular,21,nov,203,1,-1,0,unknown,no
37,management,single,tertiary,no,131,no,no,telephone,14,aug,293,2,-1,0,unknown,no
49,technician,married,secondary,no,425,yes,no,cellular,12,may,816,1,342,4,failure,no
32,management,single,tertiary,no,1831,yes,no,cellular,20,apr,86,2,-1,0,unknown,no
31,services,married,secondary,yes,29,no,no,cellular,21,nov,240,3,-1,0,unknown,no
32,blue-collar,married,primary,no,1518,yes,no,telephone,6,feb,35,3,-1,0,unknown,no
48,self-employed,married,secondary,no,1559,no,no,cellular,4,feb,130,2,-1,0,unknown,no
46,management,married,tertiary,yes,549,no,no,cellular,21,aug,87,8,-1,0,unknown,no
52,technician,married,secondary,no,230,yes,yes,cellular,21,nov,89,4,-1,0,unknown,no
37,blue-collar,single,primary,no,0,no,no,unknown,5,jun,39,1,-1,0,unknown,no
49,blue-collar,divorced,primary,no,0,yes,no,cellular,29,jul,468,2,-1,0,unknown,no
41,technician,single,tertiary,no,159,no,no,cellular,18,nov,164,1,-1,0,unknown,no
26,services,single,secondary,no,2158,yes,yes,telephone,5,jun,227,1,-1,0,unknown,no
35,technician,married,secondary,no,0,no,no,cellular,11,jul,271,2,-1,0,unknown,no
43,management,married,tertiary,no,46,no,no,cellular,27,aug,63,8,-1,0,unknown,no
52,admin.,married,secondary,no,2851,no,yes,telephone,2,feb,35,1,-1,0,unknown,no
37,blue-collar,married,primary,no,4997,no,no,unknown,9,jun,172,2,-1,0,unknown,no
41,entrepreneur,divorced,tertiary,yes,0,yes,no,cellular,19,nov,21,10,-1,0,unknown,no
30,management,married,tertiary,no,1022,yes,no,cellular,18,may,97,2,298,1,failure,no
34,management,married,tertiary,no,201,no,no,telephone,4,may,21,5,-1,0,unknown,no
35,blue-collar,married,primary,no,623,yes,no,cellular,6,may,97,2,-1,0,unknown,no
31,blue-collar,married,secondary,no,0,no,no,telephone,23,jul,36,1,-1,0,unknown,no
36,management,single,tertiary,no,678,no,yes,unknown,4,jul,85,3,-1,0,unknown,no
36,blue-collar,married,primary,no,347,no,no,cellular,4,feb,167,2,-1,0,unknown,no
29,technician,married,tertiary,no,4557,no,no,cellular,28,jan,103,2,-1,0,unknown,no
56,housemaid,married,primary,no,605,no,no,cellular,19,aug,207,6,-1,0,unknown,no
32,admin.,married,secondary,no,205,no,no,cellular,18,jul,197,3,-1,0,unknown,no
30,management,married,tertiary,no,805,no,no,cellular,10,aug,134,3,194,1,failure,no
39,technician,single,tertiary,no,-41,no,yes,cellular,25,aug,40,15,-1,0,unknown,no
42,admin.,divorced,secondary,no,23,no,yes,unknown,27,jun,397,1,-1,0,unknown,no
58,admin.,married,secondary,no,2777,yes,no,telephone,2,nov,214,3,-1,0,unknown,no
25,entrepreneur,married,tertiary,no,37,yes,yes,unknown,8,may,453,2,-1,0,unknown,no
29,blue-collar,divorced,secondary,no,291,yes,no,cellular,20,apr,405,2,-1,0,unknown,no
34,technician,single,secondary,no,-269,yes,no,unknown,17,jun,102,3,-1,0,unknown,no
28,blue-collar,married,secondary,no,2,yes,no,unknown,29,may,750,2,-1,0,unknown,no
26,self-employed,married,secondary,yes,254,yes,yes,cellular,25,jul,335,1,-1,0,unknown,no
53,technician,married,secondary,no,529,yes,no,cellular,28,jan,558,1,-1,0,unknown,no
35,blue-collar,married,secondary,no,913,yes,no,cellular,17,apr,738,2,-1,0,unknown,no
42,housemaid,married,primary,no,4279,yes,no,cellular,5,feb,97,1,198,1,failure,no
32,unemployed,single,tertiary,no,336,yes,no,unknown,8,may,139,1,-1,0,unknown,no
46,self-employed,divorced,tertiary,no,926,yes,no,cellular,1,apr,463,1,133,3,failure,no
27,management,married,tertiary,no,4909,no,yes,cellular,17,jul,159,3,-1,0,unknown,no
28,blue-collar,married,primary,no,0,no,no,unknown,14,may,17,24,-1,0,unknown,no
38,entrepreneur,married,secondary,no,-272,no,yes,unknown,17,jun,143,2,-1,0,unknown,no
32,management,married,tertiary,no,3154,no,no,cellular,20,apr,96,2,150,2,failure,no
42,technician,married,secondary,no,473,yes,no,cellular,7,jul,216,5,-1,0,unknown,no
53,blue-collar,married,secondary,no,314,yes,no,unknown,28,may,184,2,-1,0,unknown,no
57,unknown,married,unknown,no,106,no,no,unknown,12,may,836,4,-1,0,unknown,no
29,admin.,single,secondary,no,405,yes,no,cellular,15,may,84,1,345,1,other,no
41,management,married,tertiary,no,0,no,yes,unknown,16,may,330,4,-1,0,unknown,no
41,management,married,tertiary,no,615,yes,no,unknown,29,may,37,1,-1,0,unknown,no
52,blue-collar,single,unknown,no,1785,no,no,cellular,3,feb,168,2,-1,0,unknown,no
32,admin.,married,secondary,no,305,yes,no,unknown,30,may,200,3,-1,0,unknown,no
37,blue-collar,divorced,secondary,no,638,yes,no,cellular,8,may,326,1,326,2,success,no
37,services,married,secondary,no,3,yes,no,cellular,29,jul,88,6,-1,0,unknown,no
25,student,single,tertiary,no,938,yes,no,cellular,14,may,36,1,352,1,other,no
54,management,married,unknown,no,831,yes,yes,telephone,2,jul,139,1,125,2,other,no
35,admin.,married,secondary,no,4698,yes,no,unknown,16,jun,359,1,-1,0,unknown,no
37,management,single,tertiary,no,337,yes,no,unknown,26,may,777,5,-1,0,unknown,no
40,admin.,married,primary,no,189,yes,no,unknown,27,may,160,2,-1,0,unknown,no
43,technician,single,secondary,yes,685,yes,no,cellular,31,jul,94,2,-1,0,unknown,no
52,admin.,married,tertiary,no,17,no,no,cellular,21,aug,97,4,-1,0,unknown,no
50,management,married,tertiary,no,29,yes,no,cellular,7,may,83,4,266,20,other,no
31,technician,single,tertiary,no,614,no,no,cellular,11,aug,72,4,-1,0,unknown,no
48,blue-collar,married,secondary,no,1513,no,yes,cellular,17,jul,1171,1,-1,0,unknown,no
41,housemaid,single,primary,no,21,no,no,unknown,6,jun,264,1,-1,0,unknown,no
61,management,married,secondary,no,1471,no,no,cellular,12,aug,331,2,-1,0,unknown,no
59,housemaid,married,primary,no,-187,yes,no,telephone,21,jul,118,7,-1,0,unknown,no
35,technician,single,unknown,no,726,yes,no,cellular,5,may,163,1,-1,0,unknown,no
49,technician,married,tertiary,no,80,no,no,cellular,17,jul,123,1,-1,0,unknown,no
37,services,single,secondary,no,342,yes,no,cellular,4,feb,127,1,273,1,failure,no
55,housemaid,married,primary,no,0,no,no,cellular,13,aug,139,2,-1,0,unknown,no
51,self-employed,single,tertiary,no,0,yes,no,cellular,11,jul,139,2,-1,0,unknown,no
51,services,married,secondary,no,53,yes,no,unknown,26,may,140,2,-1,0,unknown,no
55,blue-collar,married,primary,no,283,no,yes,cellular,9,jul,115,1,-1,0,unknown,no
35,services,divorced,secondary,no,-504,no,no,cellular,10,jul,228,1,-1,0,unknown,no
49,technician,married,secondary,no,1712,yes,no,cellular,30,jul,155,3,-1,0,unknown,no
46,admin.,married,secondary,no,0,yes,no,cellular,5,mar,135,1,-1,0,unknown,no
25,admin.,single,tertiary,no,407,yes,no,unknown,3,jun,579,1,-1,0,unknown,no
32,technician,single,tertiary,no,948,yes,no,cellular,6,apr,223,2,-1,0,unknown,no
33,blue-collar,married,secondary,no,1219,yes,no,cellular,18,may,51,3,367,4,other,no
78,retired,divorced,secondary,no,631,no,no,telephone,11,aug,95,1,-1,0,unknown,no
39,housemaid,married,secondary,no,42,yes,no,telephone,25,jul,120,1,-1,0,unknown,no
32,services,divorced,tertiary,no,376,yes,no,unknown,20,may,102,2,-1,0,unknown,no
55,blue-collar,married,secondary,no,1261,no,no,unknown,19,may,166,1,-1,0,unknown,no
37,management,married,tertiary,no,115,no,no,cellular,19,aug,78,2,-1,0,unknown,no
48,blue-collar,married,secondary,no,48,yes,yes,unknown,29,may,144,1,-1,0,unknown,no
33,management,married,tertiary,no,876,no,no,unknown,20,may,1287,2,-1,0,unknown,no
27,blue-collar,single,secondary,no,-247,no,yes,cellular,22,jul,264,1,-1,0,unknown,no
57,retired,divorced,tertiary,no,3875,no,no,cellular,19,nov,130,2,-1,0,unknown,no
35,admin.,married,secondary,no,1,yes,yes,cellular,5,may,58,1,-1,0,unknown,no
49,blue-collar,married,secondary,no,1039,yes,no,cellular,14,may,156,2,178,1,failure,no
28,technician,single,secondary,no,113,no,no,cellular,30,apr,108,1,-1,0,unknown,no
32,management,single,tertiary,no,202,no,no,cellular,4,may,16,5,-1,0,unknown,no
35,technician,single,secondary,no,433,yes,no,unknown,8,may,163,2,-1,0,unknown,no
45,blue-collar,married,secondary,no,1577,yes,no,cellular,17,apr,188,1,-1,0,unknown,no
39,management,married,tertiary,no,1373,no,no,cellular,19,aug,386,2,-1,0,unknown,no
41,entrepreneur,married,primary,no,759,yes,no,unknown,4,jun,79,10,-1,0,unknown,no
41,management,married,unknown,no,2457,yes,no,unknown,9,may,285,1,-1,0,unknown,no
33,blue-collar,married,secondary,no,202,yes,no,cellular,17,apr,377,1,-1,0,unknown,no
37,technician,married,secondary,no,5115,yes,no,unknown,30,may,45,4,-1,0,unknown,no
38,blue-collar,married,secondary,no,35,yes,no,unknown,28,may,130,2,-1,0,unknown,no
46,admin.,single,secondary,no,751,yes,no,unknown,13,may,104,2,-1,0,unknown,no
21,student,single,unknown,no,330,no,no,cellular,19,apr,232,3,364,2,failure,no
35,blue-collar,single,primary,no,85,no,no,cellular,15,may,213,1,364,1,failure,no
32,services,married,secondary,no,252,yes,yes,cellular,25,jul,148,4,-1,0,unknown,no
58,blue-collar,married,primary,no,494,no,no,cellular,14,aug,171,10,-1,0,unknown,no
50,admin.,married,secondary,no,-1415,no,no,cellular,19,aug,358,2,-1,0,unknown,no
42,technician,married,secondary,no,6250,no,no,unknown,9,jun,107,3,-1,0,unknown,no
61,housemaid,married,primary,no,175,no,no,telephone,3,dec,237,1,-1,0,unknown,no
61,retired,married,secondary,no,938,no,no,cellular,15,oct,212,2,92,5,success,no
40,blue-collar,married,secondary,no,1074,yes,no,cellular,9,apr,90,2,-1,0,unknown,no
52,blue-collar,married,primary,no,990,no,no,cellular,21,aug,96,2,-1,0,unknown,no
40,technician,married,secondary,no,1159,no,no,telephone,21,oct,19,1,-1,0,unknown,no
49,technician,married,secondary,no,626,yes,no,cellular,25,aug,90,4,-1,0,unknown,no
45,admin.,married,secondary,no,72,yes,yes,cellular,15,may,262,2,352,2,failure,no
55,management,married,tertiary,no,4649,yes,no,cellular,19,nov,277,4,-1,0,unknown,no
39,management,married,tertiary,no,15,yes,yes,cellular,21,nov,90,2,-1,0,unknown,no
55,management,married,tertiary,no,23189,yes,no,unknown,14,may,77,1,-1,0,unknown,no
37,admin.,single,secondary,no,22,yes,no,cellular,7,may,28,2,289,5,failure,no
35,services,married,tertiary,no,4655,no,no,cellular,9,nov,111,2,-1,0,unknown,no
31,technician,married,secondary,no,2363,yes,no,unknown,13,may,247,1,-1,0,unknown,no
39,management,married,tertiary,no,0,no,no,cellular,22,aug,714,6,-1,0,unknown,no
37,blue-collar,married,primary,no,223,yes,no,cellular,7,may,569,1,297,3,failure,no
30,management,single,tertiary,no,19796,no,no,cellular,20,nov,41,1,-1,0,unknown,no
38,unemployed,married,primary,no,1147,yes,yes,unknown,8,may,249,5,-1,0,unknown,no
44,services,divorced,secondary,no,608,yes,yes,unknown,18,jun,19,30,-1,0,unknown,no
30,blue-collar,married,secondary,no,1177,no,yes,cellular,8,jul,220,2,-1,0,unknown,no
54,management,single,tertiary,no,0,yes,no,unknown,3,jun,68,1,-1,0,unknown,no
34,admin.,single,secondary,no,1880,yes,no,unknown,23,may,297,1,-1,0,unknown,no
48,management,married,tertiary,no,1167,yes,yes,cellular,26,jan,122,4,50,4,other,no
29,management,married,tertiary,no,2417,yes,no,cellular,7,may,126,2,-1,0,unknown,no
49,services,single,secondary,no,178,yes,yes,cellular,29,jan,197,1,-1,0,unknown,no
36,technician,single,secondary,no,0,no,no,cellular,28,aug,8,13,-1,0,unknown,no
46,blue-collar,married,primary,no,3969,no,no,telephone,7,jul,46,5,-1,0,unknown,no
36,technician,married,unknown,no,756,no,no,cellular,11,jul,396,3,-1,0,unknown,no
28,admin.,single,secondary,no,207,yes,no,cellular,13,may,329,1,-1,0,unknown,no
65,management,married,tertiary,no,1097,no,no,cellular,12,jan,131,1,196,1,other,no
59,retired,married,secondary,no,1980,no,no,cellular,11,aug,185,2,-1,0,unknown,no
52,blue-collar,married,secondary,no,5275,no,yes,cellular,22,jul,1029,3,-1,0,unknown,no
42,entrepreneur,married,tertiary,no,287,yes,yes,unknown,30,may,83,2,-1,0,unknown,no
44,blue-collar,married,secondary,no,2523,yes,no,unknown,29,may,1236,2,-1,0,unknown,no
47,entrepreneur,divorced,tertiary,no,0,no,no,unknown,5,jun,124,1,-1,0,unknown,no
55,unemployed,single,primary,no,10183,no,no,unknown,19,jun,106,1,-1,0,unknown,no
35,unemployed,single,tertiary,no,4959,no,no,cellular,29,jan,91,2,-1,0,unknown,no
49,blue-collar,divorced,primary,no,15,yes,no,unknown,27,may,550,7,-1,0,unknown,no
49,blue-collar,married,primary,no,762,yes,no,cellular,7,may,373,2,360,4,failure,no
32,technician,married,tertiary,no,-252,yes,no,cellular,29,jul,52,4,-1,0,unknown,no
43,blue-collar,married,primary,no,575,no,no,cellular,2,feb,237,1,-1,0,unknown,no
39,technician,married,unknown,no,0,yes,no,cellular,12,may,106,3,-1,0,unknown,no
38,blue-collar,divorced,primary,no,0,no,no,unknown,12,jun,49,2,-1,0,unknown,no
60,technician,divorced,tertiary,no,-317,yes,no,unknown,27,may,498,1,-1,0,unknown,no
36,blue-collar,married,secondary,no,-870,yes,no,unknown,26,may,102,2,-1,0,unknown,no
35,technician,divorced,secondary,no,103,yes,no,cellular,21,jul,304,1,-1,0,unknown,no
49,entrepreneur,married,primary,no,137,yes,no,cellular,14,may,384,7,-1,0,unknown,no
61,retired,divorced,secondary,no,0,no,no,cellular,5,may,272,3,-1,0,unknown,no
33,management,single,tertiary,no,20794,no,no,cellular,20,aug,226,5,-1,0,unknown,no
31,self-employed,married,tertiary,no,229,no,no,cellular,29,jan,184,1,-1,0,unknown,no
44,blue-collar,married,secondary,no,1786,yes,no,unknown,15,may,452,2,-1,0,unknown,no
23,services,married,secondary,no,0,yes,yes,unknown,26,may,90,5,-1,0,unknown,no
39,blue-collar,married,secondary,no,1969,no,no,cellular,21,nov,63,2,-1,0,unknown,no
38,management,married,tertiary,no,246,yes,no,unknown,23,jul,717,8,-1,0,unknown,no
50,blue-collar,married,secondary,no,1293,no,yes,cellular,8,jul,82,1,-1,0,unknown,no
34,blue-collar,single,secondary,no,-108,yes,no,unknown,28,may,290,1,-1,0,unknown,no
51,blue-collar,divorced,secondary,no,203,yes,no,cellular,8,may,134,1,170,5,failure,no
28,blue-collar,married,secondary,no,0,yes,yes,unknown,3,jun,210,1,-1,0,unknown,no
27,admin.,single,secondary,no,3629,no,no,cellular,16,jun,66,1,-1,0,unknown,no
35,student,single,unknown,no,298,yes,no,unknown,5,may,611,2,-1,0,unknown,no
60,technician,married,secondary,no,851,no,yes,cellular,18,jul,112,2,-1,0,unknown,no
44,blue-collar,single,primary,no,-24,no,no,telephone,7,jul,564,1,-1,0,unknown,no
27,management,single,tertiary,no,450,yes,no,unknown,3,jun,49,1,-1,0,unknown,no
33,technician,single,secondary,no,338,yes,no,cellular,29,jul,105,4,-1,0,unknown,no
36,technician,single,secondary,no,2151,yes,no,cellular,13,may,134,1,370,1,failure,no
27,admin.,single,secondary,no,276,yes,no,unknown,19,may,311,2,-1,0,unknown,no
59,retired,married,secondary,no,2467,no,no,cellular,20,nov,972,2,-1,0,unknown,no
29,services,married,secondary,no,0,yes,yes,cellular,20,apr,204,3,-1,0,unknown,no
33,management,married,tertiary,no,0,no,no,cellular,27,aug,181,4,-1,0,unknown,no
46,management,single,tertiary,no,655,no,yes,unknown,4,jul,68,1,-1,0,unknown,no
37,services,single,secondary,no,105,no,yes,unknown,17,jun,260,4,-1,0,unknown,no
44,services,married,secondary,no,5780,yes,no,cellular,1,apr,525,2,-1,0,unknown,no
35,blue-collar,married,secondary,no,260,yes,no,telephone,13,may,155,6,-1,0,unknown,no
59,retired,divorced,secondary,no,208,no,yes,cellular,28,jan,503,2,-1,0,unknown,no
37,services,married,primary,yes,-483,yes,yes,cellular,6,may,222,2,168,3,failure,no
42,entrepreneur,married,tertiary,no,233,no,no,cellular,5,feb,446,1,-1,0,unknown,no
34,housemaid,married,primary,no,326,no,no,cellular,8,aug,17,7,-1,0,unknown,no
42,management,divorced,secondary,no,830,yes,no,unknown,19,may,112,1,-1,0,unknown,no
47,services,married,secondary,no,459,no,no,cellular,19,aug,599,3,-1,0,unknown,no
42,services,married,secondary,no,3236,no,no,unknown,18,jun,521,11,-1,0,unknown,no
49,admin.,married,secondary,no,284,yes,no,cellular,6,aug,131,3,-1,0,unknown,no
30,blue-collar,married,secondary,no,554,yes,no,cellular,29,jan,100,1,-1,0,unknown,no
30,management,single,secondary,no,460,yes,no,cellular,18,nov,86,1,-1,0,unknown,no
41,blue-collar,married,secondary,no,1020,yes,no,unknown,29,may,276,1,-1,0,unknown,no
39,blue-collar,single,primary,no,446,yes,no,unknown,12,may,183,1,-1,0,unknown,no
31,management,single,tertiary,no,358,yes,no,cellular,30,jan,68,3,256,51,failure,no
27,technician,single,secondary,no,-437,no,no,cellular,4,feb,352,1,216,2,other,no
50,admin.,married,secondary,no,159,yes,no,unknown,7,may,216,2,-1,0,unknown,no
38,technician,single,secondary,no,4723,yes,no,cellular,13,aug,187,2,-1,0,unknown,no
36,services,divorced,tertiary,no,162,yes,no,cellular,18,may,69,1,367,6,other,no
28,admin.,married,secondary,no,642,yes,no,cellular,3,feb,481,2,-1,0,unknown,no
29,management,single,tertiary,no,2344,yes,no,cellular,9,mar,265,2,-1,0,unknown,no
30,management,single,tertiary,no,78,yes,no,unknown,15,may,73,2,-1,0,unknown,no
50,unemployed,married,secondary,no,306,yes,no,unknown,4,jun,117,1,-1,0,unknown,no
34,blue-collar,married,secondary,no,360,yes,no,telephone,19,nov,46,1,182,2,failure,no
29,technician,married,secondary,no,132,yes,yes,cellular,30,apr,88,1,-1,0,unknown,no
42,housemaid,married,primary,no,2328,no,no,cellular,20,aug,133,2,-1,0,unknown,no
26,management,single,tertiary,no,1,no,no,unknown,21,sep,6,1,-1,0,unknown,no
57,unemployed,married,primary,no,3367,no,no,telephone,21,nov,126,1,-1,0,unknown,no
53,technician,married,secondary,no,1357,no,no,cellular,28,jan,146,1,-1,0,unknown,no
34,services,married,secondary,no,1182,yes,no,unknown,28,may,124,1,-1,0,unknown,no
50,admin.,married,secondary,no,512,yes,yes,cellular,17,apr,77,3,338,3,failure,no
30,technician,single,secondary,no,102,yes,no,unknown,7,may,614,2,-1,0,unknown,no
37,services,married,secondary,no,50,yes,no,unknown,8,may,352,3,-1,0,unknown,no
31,technician,single,secondary,no,106,yes,no,cellular,8,may,94,1,-1,0,unknown,no
51,retired,divorced,primary,no,43,no,no,cellular,24,jul,212,2,-1,0,unknown,no
42,admin.,married,secondary,no,214,yes,no,unknown,28,may,21,24,-1,0,unknown,no
30,blue-collar,married,secondary,no,0,no,no,unknown,19,may,159,3,-1,0,unknown,no
39,admin.,married,unknown,no,378,no,no,unknown,20,jun,17,5,-1,0,unknown,no
37,admin.,married,secondary,no,121,no,no,cellular,22,jul,22,6,-1,0,unknown,no
27,technician,married,tertiary,no,10451,yes,no,cellular,2,feb,45,1,-1,0,unknown,no
32,blue-collar,married,secondary,no,14,yes,no,unknown,2,jun,171,1,-1,0,unknown,no
58,unknown,married,unknown,no,219,no,no,unknown,18,jun,55,1,-1,0,unknown,no
32,management,married,primary,no,142,yes,no,unknown,12,may,101,1,-1,0,unknown,no
25,management,single,unknown,no,17,yes,no,unknown,30,may,65,2,-1,0,unknown,no
49,blue-collar,married,secondary,no,3309,yes,no,cellular,15,may,349,2,-1,0,unknown,no
34,technician,single,tertiary,no,332,no,no,cellular,18,aug,75,7,-1,0,unknown,no
45,technician,married,secondary,no,3007,no,no,unknown,11,jun,442,1,-1,0,unknown,no
34,blue-collar,married,secondary,no,123,yes,no,cellular,8,jul,218,3,-1,0,unknown,no
60,retired,married,unknown,no,878,no,no,cellular,13,aug,106,2,-1,0,unknown,no
30,management,single,tertiary,no,67,no,no,cellular,12,aug,578,4,-1,0,unknown,no
29,services,divorced,secondary,no,590,yes,no,unknown,30,may,76,2,-1,0,unknown,no
37,technician,single,secondary,no,3,yes,no,cellular,8,aug,90,5,-1,0,unknown,no
40,admin.,married,unknown,no,9110,yes,no,cellular,12,may,234,6,174,3,failure,no
33,technician,married,tertiary,no,148,no,no,cellular,27,aug,15,20,-1,0,unknown,no
44,services,divorced,secondary,no,496,yes,yes,unknown,29,may,54,15,-1,0,unknown,no
56,unemployed,married,secondary,no,660,yes,no,unknown,6,jun,72,3,-1,0,unknown,no
34,blue-collar,married,secondary,no,286,yes,no,unknown,9,may,134,2,-1,0,unknown,no
43,services,married,secondary,no,94,yes,yes,telephone,5,nov,68,1,-1,0,unknown,no
56,services,divorced,tertiary,no,2272,yes,no,unknown,9,may,263,5,-1,0,unknown,no
39,admin.,divorced,secondary,no,-349,yes,no,unknown,5,may,611,2,-1,0,unknown,no
30,management,married,tertiary,no,32,yes,no,unknown,6,may,122,3,-1,0,unknown,no
56,retired,divorced,secondary,no,212,no,yes,telephone,17,jul,27,1,-1,0,unknown,no
26,technician,single,secondary,no,0,no,no,cellular,8,jul,362,2,-1,0,unknown,no
38,admin.,married,secondary,no,326,yes,no,cellular,17,apr,69,2,-1,0,unknown,no
30,technician,single,secondary,no,1395,yes,no,cellular,15,may,199,2,354,1,failure,no
44,technician,single,secondary,no,27,no,no,unknown,1,jul,723,2,-1,0,unknown,no
32,self-employed,married,secondary,no,610,yes,no,unknown,28,may,75,6,-1,0,unknown,no
37,admin.,married,tertiary,no,0,yes,no,cellular,21,jul,115,1,-1,0,unknown,no
34,unknown,married,secondary,no,1434,no,no,cellular,21,nov,50,2,-1,0,unknown,no
48,services,married,secondary,no,125,no,no,cellular,14,aug,89,7,-1,0,unknown,no
27,blue-collar,married,primary,no,202,no,yes,cellular,22,jul,41,1,-1,0,unknown,no
52,blue-collar,married,secondary,no,3622,yes,yes,unknown,23,may,40,7,-1,0,unknown,no
66,retired,married,secondary,no,0,no,no,cellular,8,oct,189,1,-1,0,unknown,no
28,unemployed,married,secondary,no,858,yes,no,unknown,21,may,371,1,-1,0,unknown,no
25,blue-collar,single,unknown,no,431,yes,no,cellular,16,apr,493,1,317,12,failure,no
35,management,single,tertiary,no,1379,no,no,cellular,20,nov,370,1,-1,0,unknown,no
27,services,single,tertiary,no,536,yes,no,cellular,11,may,105,3,-1,0,unknown,no
32,management,single,secondary,no,416,yes,no,cellular,18,nov,268,2,-1,0,unknown,no
31,admin.,single,secondary,no,0,yes,no,cellular,16,jul,1056,2,-1,0,unknown,no
29,entrepreneur,married,secondary,no,291,yes,no,unknown,2,jun,205,3,-1,0,unknown,no
52,technician,married,unknown,no,370,yes,no,cellular,15,jul,101,2,-1,0,unknown,no
38,admin.,married,secondary,no,384,no,no,cellular,3,feb,387,1,-1,0,unknown,no
33,management,single,secondary,no,15,no,no,cellular,22,aug,199,1,-1,0,unknown,no
50,admin.,married,secondary,no,100,yes,no,unknown,18,jun,23,1,-1,0,unknown,no
31,management,single,tertiary,no,-208,yes,yes,cellular,20,nov,251,4,-1,0,unknown,no
33,services,single,secondary,no,1646,yes,no,telephone,7,may,317,2,-1,0,unknown,no
27,technician,married,secondary,no,241,no,yes,unknown,26,feb,889,1,-1,0,unknown,no
39,blue-collar,married,primary,no,-186,no,yes,unknown,18,jun,320,3,-1,0,unknown,no
29,student,single,tertiary,no,3054,no,no,cellular,2,nov,204,1,186,7,success,no
51,management,single,tertiary,no,8265,yes,no,cellular,21,nov,168,3,-1,0,unknown,no
30,technician,single,secondary,no,-208,yes,yes,unknown,13,may,108,1,-1,0,unknown,no
28,self-employed,married,secondary,no,-228,yes,yes,cellular,7,jul,164,3,-1,0,unknown,no
57,technician,married,secondary,no,0,yes,yes,unknown,30,may,200,2,-1,0,unknown,no
46,technician,married,secondary,no,250,no,no,cellular,6,aug,84,2,-1,0,unknown,no
54,self-employed,married,secondary,no,9,yes,no,cellular,22,jul,113,2,-1,0,unknown,no
48,unemployed,married,secondary,no,1811,yes,no,telephone,31,jul,135,3,-1,0,unknown,no
39,management,married,tertiary,no,5060,yes,no,cellular,20,aug,157,4,-1,0,unknown,no
30,technician,single,secondary,no,800,no,no,telephone,28,jan,60,2,-1,0,unknown,no
56,management,married,tertiary,no,586,no,no,telephone,10,jul,123,1,-1,0,unknown,no
55,retired,married,secondary,no,273,no,no,cellular,26,aug,417,2,-1,0,unknown,no
46,blue-collar,married,primary,no,2749,yes,no,cellular,17,nov,332,1,-1,0,unknown,no
25,technician,divorced,tertiary,no,174,no,yes,unknown,27,may,350,4,-1,0,unknown,no
36,technician,single,secondary,no,317,yes,no,cellular,30,jan,198,2,266,2,failure,no
50,blue-collar,married,tertiary,no,267,yes,no,cellular,13,may,187,3,-1,0,unknown,no
32,management,married,tertiary,no,553,yes,no,cellular,22,jul,72,1,-1,0,unknown,no
42,unemployed,married,secondary,no,1990,yes,yes,unknown,19,may,13,1,-1,0,unknown,no
31,entrepreneur,single,tertiary,no,247,yes,yes,unknown,2,jun,273,1,-1,0,unknown,no
57,management,married,primary,no,595,no,no,unknown,9,jun,188,2,-1,0,unknown,no
33,entrepreneur,married,tertiary,no,595,no,no,cellular,7,aug,22,2,-1,0,unknown,no
42,self-employed,married,secondary,no,357,no,no,cellular,22,aug,94,4,-1,0,unknown,no
42,self-employed,married,tertiary,no,-266,no,yes,unknown,25,jun,322,1,-1,0,unknown,no
32,entrepreneur,married,secondary,no,1328,yes,no,unknown,6,jun,80,5,-1,0,unknown,no
29,management,single,tertiary,no,144,yes,no,unknown,2,jun,105,3,-1,0,unknown,no
29,blue-collar,married,secondary,no,912,yes,no,cellular,13,may,785,1,-1,0,unknown,no
27,blue-collar,single,primary,no,3955,yes,no,unknown,28,may,205,3,-1,0,unknown,no
35,blue-collar,single,primary,no,109,yes,no,unknown,7,may,83,2,-1,0,unknown,no
53,admin.,married,secondary,no,257,no,no,cellular,5,aug,222,1,-1,0,unknown,no
39,management,married,secondary,no,1072,yes,no,unknown,27,may,1168,2,-1,0,unknown,no
33,admin.,divorced,secondary,no,479,yes,no,unknown,27,may,74,5,-1,0,unknown,no
41,management,married,tertiary,no,9935,no,no,telephone,21,nov,49,1,-1,0,unknown,no
45,admin.,single,secondary,no,-342,no,yes,unknown,30,jun,158,1,-1,0,unknown,no
31,services,married,tertiary,yes,-90,no,yes,unknown,1,jul,173,1,-1,0,unknown,no
39,admin.,single,secondary,no,163,yes,no,cellular,30,jan,107,2,-1,0,unknown,no
31,management,single,tertiary,no,725,yes,no,cellular,27,apr,345,1,452,1,other,no
31,blue-collar,single,secondary,no,19,yes,no,unknown,19,may,178,5,-1,0,unknown,no
51,management,married,tertiary,no,333,no,yes,cellular,17,jul,234,1,-1,0,unknown,no
39,blue-collar,married,primary,no,12848,yes,no,unknown,5,jun,337,2,-1,0,unknown,no
34,services,married,secondary,no,244,no,no,cellular,4,feb,696,2,-1,0,unknown,no
34,management,married,tertiary,no,6203,no,no,telephone,21,nov,34,2,-1,0,unknown,no
45,blue-collar,married,secondary,no,827,yes,no,unknown,15,may,319,5,-1,0,unknown,no
33,admin.,divorced,secondary,no,-331,yes,yes,cellular,11,may,186,2,350,3,failure,no
38,self-employed,married,tertiary,no,526,no,no,cellular,27,aug,86,11,-1,0,unknown,no
28,unemployed,married,secondary,no,655,yes,no,unknown,4,jun,606,2,-1,0,unknown,no
44,technician,married,secondary,no,1127,yes,no,cellular,19,aug,82,8,-1,0,unknown,no
43,management,married,secondary,no,445,no,no,cellular,22,aug,108,18,-1,0,unknown,no
38,admin.,married,tertiary,no,669,yes,yes,cellular,31,jul,129,2,-1,0,unknown,no
28,self-employed,married,tertiary,no,232,yes,yes,cellular,20,apr,219,1,-1,0,unknown,no
54,admin.,married,secondary,no,222,yes,no,unknown,9,may,45,2,-1,0,unknown,no
39,housemaid,married,tertiary,no,4,yes,yes,unknown,19,jun,185,1,-1,0,unknown,no
34,technician,married,tertiary,no,178,yes,no,cellular,18,nov,85,1,-1,0,unknown,no
52,admin.,married,secondary,no,82,yes,yes,telephone,15,jul,1142,4,-1,0,unknown,no
28,blue-collar,married,secondary,no,1238,yes,no,unknown,14,may,246,1,-1,0,unknown,no
46,blue-collar,divorced,secondary,no,1480,yes,no,unknown,15,may,257,1,-1,0,unknown,no
57,entrepreneur,married,secondary,no,1037,yes,yes,unknown,15,may,112,1,-1,0,unknown,no
55,blue-collar,married,primary,no,835,yes,no,unknown,16,jun,40,18,-1,0,unknown,no
57,services,single,secondary,no,1430,yes,no,unknown,3,jun,666,5,-1,0,unknown,no
29,admin.,married,secondary,no,-526,yes,no,unknown,28,may,314,2,-1,0,unknown,no
60,retired,married,unknown,no,2150,yes,yes,cellular,9,jul,119,1,-1,0,unknown,no
76,retired,married,secondary,no,2302,no,no,telephone,10,nov,345,2,-1,0,unknown,no
38,technician,married,secondary,yes,238,no,no,cellular,30,jul,376,8,-1,0,unknown,no
39,blue-collar,divorced,unknown,no,463,yes,no,cellular,18,may,169,1,-1,0,unknown,no
53,admin.,married,secondary,no,1661,yes,yes,cellular,17,nov,85,1,-1,0,unknown,no
25,technician,married,tertiary,no,914,yes,no,cellular,12,may,185,2,-1,0,unknown,no
42,blue-collar,married,unknown,no,149,yes,no,telephone,23,jul,329,3,-1,0,unknown,no
44,admin.,married,secondary,no,14,no,yes,unknown,30,may,827,5,-1,0,unknown,no
51,technician,single,tertiary,no,11222,yes,no,cellular,21,nov,126,2,171,7,failure,no
33,blue-collar,married,secondary,yes,-406,yes,yes,cellular,14,jul,332,2,-1,0,unknown,no
35,technician,single,secondary,no,-229,yes,no,unknown,27,may,100,2,-1,0,unknown,no
72,retired,married,secondary,no,4269,no,no,telephone,16,apr,122,3,-1,0,unknown,no
35,management,single,tertiary,no,3000,yes,no,cellular,15,may,162,3,-1,0,unknown,no
52,blue-collar,married,secondary,no,7225,no,no,cellular,19,nov,205,2,113,2,failure,no
28,unemployed,single,tertiary,no,1010,yes,no,cellular,6,may,911,1,336,2,failure,no
60,technician,married,unknown,no,0,yes,no,unknown,8,may,77,1,-1,0,unknown,no
48,blue-collar,married,secondary,no,194,yes,no,cellular,5,feb,62,1,-1,0,unknown,no
33,technician,single,secondary,no,4240,yes,no,cellular,20,apr,508,1,-1,0,unknown,no
60,blue-collar,married,primary,no,136,yes,no,unknown,8,may,43,2,-1,0,unknown,no
58,retired,married,primary,no,90,yes,no,unknown,27,may,144,1,-1,0,unknown,no
32,management,married,tertiary,no,1232,no,no,cellular,25,aug,97,4,-1,0,unknown,no
36,unemployed,single,primary,no,0,yes,no,telephone,7,jul,63,6,-1,0,unknown,no
45,entrepreneur,married,tertiary,no,0,no,no,cellular,19,nov,416,2,-1,0,unknown,no
24,admin.,single,secondary,no,120,yes,no,cellular,18,may,145,1,-1,0,unknown,no
43,self-employed,married,primary,no,9304,no,no,cellular,8,aug,362,4,-1,0,unknown,no
59,self-employed,married,unknown,no,59,no,no,cellular,12,aug,171,2,-1,0,unknown,no
52,management,married,tertiary,no,732,no,no,telephone,4,feb,48,1,-1,0,unknown,no
29,housemaid,single,secondary,no,718,yes,no,unknown,8,may,91,3,-1,0,unknown,no
46,management,married,secondary,no,5559,no,no,unknown,17,jun,483,1,-1,0,unknown,no
38,management,married,tertiary,no,178,no,no,cellular,6,aug,170,3,-1,0,unknown,no
58,blue-collar,married,primary,no,309,no,no,cellular,19,aug,156,2,-1,0,unknown,no
49,management,married,tertiary,no,502,no,no,cellular,22,aug,379,4,-1,0,unknown,no
44,services,divorced,secondary,no,2586,yes,no,unknown,5,may,160,1,-1,0,unknown,no
27,blue-collar,single,primary,no,0,yes,no,unknown,16,may,576,1,-1,0,unknown,no
44,management,divorced,unknown,no,1784,no,yes,cellular,21,nov,279,1,-1,0,unknown,no
36,unemployed,married,secondary,no,1453,no,no,unknown,6,jun,386,1,-1,0,unknown,no
47,services,divorced,secondary,no,201,yes,no,unknown,6,may,92,2,-1,0,unknown,no
53,technician,married,tertiary,no,431,yes,no,cellular,5,may,55,1,328,1,failure,no
34,admin.,single,primary,no,286,yes,no,cellular,13,may,329,1,-1,0,unknown,no
30,blue-collar,single,secondary,no,0,yes,no,cellular,14,jul,768,2,-1,0,unknown,no
29,blue-collar,married,secondary,no,577,yes,no,telephone,17,apr,501,3,331,10,other,no
43,self-employed,married,tertiary,no,10072,no,no,cellular,12,may,98,1,77,5,failure,no
30,entrepreneur,single,secondary,no,638,no,no,cellular,14,jul,358,6,-1,0,unknown,no
47,blue-collar,married,secondary,no,1303,no,no,cellular,13,aug,68,3,-1,0,unknown,no
32,management,married,tertiary,no,937,no,no,unknown,17,nov,76,1,-1,0,unknown,no
47,admin.,single,secondary,no,3957,yes,no,telephone,11,may,58,3,334,3,other,no
53,admin.,married,secondary,no,4493,no,no,cellular,8,may,286,2,168,3,failure,no
26,admin.,single,secondary,yes,0,yes,no,cellular,16,jul,157,2,-1,0,unknown,no
37,entrepreneur,married,tertiary,no,2685,no,no,unknown,20,jun,187,2,-1,0,unknown,no
63,management,married,tertiary,no,0,no,no,cellular,12,oct,130,2,182,6,failure,no
33,management,married,tertiary,no,334,no,no,cellular,25,nov,87,1,-1,0,unknown,no
29,blue-collar,married,secondary,no,1175,yes,yes,cellular,30,jul,141,4,-1,0,unknown,no
53,blue-collar,married,primary,no,570,no,no,cellular,20,aug,158,4,-1,0,unknown,no
38,blue-collar,single,secondary,no,0,yes,no,cellular,12,may,84,3,-1,0,unknown,no
40,services,married,secondary,no,1358,no,no,unknown,19,jun,96,1,-1,0,unknown,no
51,services,married,primary,no,636,yes,yes,telephone,18,may,36,6,-1,0,unknown,no
29,technician,married,secondary,no,-910,yes,no,cellular,21,jul,260,1,-1,0,unknown,no
57,technician,married,secondary,no,1469,yes,no,cellular,17,nov,364,1,-1,0,unknown,no
47,blue-collar,married,secondary,no,1143,yes,no,unknown,4,jun,79,1,-1,0,unknown,no
39,blue-collar,married,secondary,no,1751,no,no,cellular,9,jul,178,2,-1,0,unknown,no
39,blue-collar,single,tertiary,no,172,yes,no,cellular,10,aug,248,1,131,1,success,no
31,admin.,married,secondary,no,352,no,no,telephone,28,oct,60,1,-1,0,unknown,no
57,housemaid,divorced,unknown,no,11632,no,no,telephone,30,apr,71,2,-1,0,unknown,no
69,services,married,unknown,no,23592,no,no,cellular,3,jul,837,3,-1,0,unknown,no
34,management,single,tertiary,no,5284,yes,no,cellular,29,jul,198,5,-1,0,unknown,no
31,management,married,tertiary,no,-181,yes,no,cellular,8,may,127,1,170,2,failure,no
57,housemaid,divorced,primary,no,231,yes,no,unknown,20,may,26,14,-1,0,unknown,no
35,blue-collar,married,primary,no,422,yes,no,cellular,14,may,73,1,-1,0,unknown,no
40,services,married,secondary,no,-345,yes,no,cellular,24,jul,39,2,-1,0,unknown,no
44,technician,married,secondary,no,366,no,yes,cellular,18,aug,212,12,-1,0,unknown,no
40,admin.,divorced,secondary,no,4,yes,no,cellular,9,jul,189,1,-1,0,unknown,no
28,blue-collar,married,secondary,no,100,yes,yes,unknown,27,may,132,2,-1,0,unknown,no
43,blue-collar,married,primary,no,0,yes,no,unknown,20,may,592,1,-1,0,unknown,no
74,retired,married,primary,no,279,no,no,telephone,15,oct,227,1,-1,0,unknown,no
50,management,single,unknown,no,1277,no,no,cellular,4,may,63,1,-1,0,unknown,no
43,services,married,secondary,no,0,yes,no,unknown,27,may,129,1,-1,0,unknown,no
28,services,single,secondary,no,0,no,no,cellular,2,feb,188,1,206,2,other,no
38,technician,married,secondary,no,0,no,no,cellular,28,aug,176,10,-1,0,unknown,no
40,technician,married,secondary,no,1832,no,no,cellular,8,apr,179,2,-1,0,unknown,no
44,blue-collar,married,secondary,no,1087,yes,no,unknown,19,may,100,2,-1,0,unknown,no
44,technician,married,secondary,no,-153,no,yes,unknown,26,jun,197,1,-1,0,unknown,no
34,technician,single,tertiary,no,370,no,no,cellular,11,aug,116,2,-1,0,unknown,no
30,unemployed,single,secondary,no,2303,no,no,telephone,6,feb,193,5,-1,0,unknown,no
79,retired,divorced,secondary,no,631,no,no,telephone,8,feb,105,2,181,1,failure,no
58,retired,married,primary,no,3260,no,no,telephone,27,oct,27,1,-1,0,unknown,no
57,retired,divorced,primary,no,2439,yes,no,unknown,14,may,32,1,-1,0,unknown,no
34,management,married,tertiary,no,11,yes,no,cellular,18,nov,123,1,124,1,failure,no
30,services,married,secondary,no,683,yes,no,cellular,15,may,66,1,-1,0,unknown,no
36,housemaid,single,secondary,no,28,no,yes,cellular,11,aug,149,2,-1,0,unknown,no
45,technician,married,tertiary,no,265,no,no,cellular,28,aug,14,3,-1,0,unknown,no
34,blue-collar,married,secondary,no,157,yes,no,cellular,11,jul,254,2,-1,0,unknown,no
55,self-employed,divorced,secondary,no,0,no,no,cellular,29,jul,94,2,-1,0,unknown,no
49,services,married,secondary,no,220,yes,no,cellular,28,jul,93,11,-1,0,unknown,no
37,blue-collar,married,primary,no,-212,yes,no,cellular,15,may,189,3,352,1,other,no
58,management,married,tertiary,no,5680,no,no,unknown,18,jun,114,1,-1,0,unknown,no
60,self-employed,married,tertiary,no,3,no,no,cellular,18,aug,80,2,-1,0,unknown,no
38,technician,single,tertiary,no,2496,no,no,unknown,17,jun,193,1,-1,0,unknown,no
40,admin.,single,secondary,no,142,no,yes,unknown,20,jun,14,3,-1,0,unknown,no
47,technician,married,secondary,no,536,yes,no,cellular,18,may,778,2,336,2,success,no
29,self-employed,married,tertiary,no,242,yes,no,cellular,18,jul,73,4,-1,0,unknown,no
33,entrepreneur,married,secondary,no,1034,yes,no,cellular,21,jul,141,6,-1,0,unknown,no
32,technician,single,secondary,no,644,yes,yes,unknown,21,may,198,1,-1,0,unknown,no
34,entrepreneur,married,tertiary,no,145,yes,yes,cellular,18,jul,127,10,-1,0,unknown,no
36,blue-collar,married,secondary,no,330,yes,no,cellular,13,may,777,2,-1,0,unknown,no
44,blue-collar,single,secondary,no,-292,yes,no,unknown,2,jun,179,7,-1,0,unknown,no
31,technician,single,secondary,no,304,no,no,cellular,29,jan,293,2,160,2,other,no
54,retired,married,secondary,no,6449,no,no,unknown,19,jun,487,1,-1,0,unknown,no
20,student,single,secondary,no,53,no,no,cellular,11,aug,203,1,-1,0,unknown,no
32,management,married,tertiary,no,820,yes,no,cellular,17,jul,738,3,-1,0,unknown,no
30,management,single,tertiary,no,188,no,no,cellular,28,jan,66,1,-1,0,unknown,no
27,housemaid,married,primary,no,0,yes,no,cellular,23,jul,435,3,-1,0,unknown,no
31,services,single,secondary,no,900,yes,no,cellular,20,nov,321,2,190,4,other,no
32,technician,single,secondary,no,2341,yes,no,cellular,18,jul,243,1,-1,0,unknown,no
45,self-employed,married,secondary,no,830,no,no,cellular,19,nov,180,1,111,2,failure,no
44,management,married,tertiary,no,-1636,yes,yes,cellular,11,may,257,1,-1,0,unknown,no
33,management,single,tertiary,no,561,no,no,cellular,7,apr,104,1,-1,0,unknown,no
36,blue-collar,divorced,secondary,no,-158,yes,no,cellular,21,jul,42,6,-1,0,unknown,no
70,retired,married,primary,no,3230,no,no,cellular,24,nov,112,1,-1,0,unknown,no
34,services,divorced,secondary,no,991,yes,no,cellular,6,may,89,1,344,1,failure,no
48,unemployed,married,primary,no,0,no,no,cellular,21,nov,213,2,-1,0,unknown,no
45,management,married,unknown,no,9051,yes,no,unknown,19,may,124,63,-1,0,unknown,no
51,blue-collar,married,primary,no,1694,no,no,cellular,13,aug,186,2,-1,0,unknown,no
30,blue-collar,married,primary,no,554,yes,no,unknown,27,may,89,5,-1,0,unknown,no
44,admin.,married,primary,no,248,yes,no,unknown,14,may,234,1,-1,0,unknown,no
45,technician,married,secondary,no,1118,yes,no,telephone,22,jul,27,1,-1,0,unknown,no
56,retired,married,primary,no,3149,no,no,cellular,7,aug,142,3,-1,0,unknown,no
35,entrepreneur,married,secondary,yes,204,yes,no,unknown,6,may,424,2,-1,0,unknown,no
27,unemployed,single,secondary,no,1301,no,no,cellular,9,feb,817,5,-1,0,unknown,no
32,blue-collar,single,secondary,no,313,yes,yes,unknown,5,jun,67,2,-1,0,unknown,no
59,retired,married,secondary,no,-471,no,no,cellular,7,aug,86,6,-1,0,unknown,no
34,management,married,tertiary,yes,-30,yes,no,cellular,4,feb,449,2,-1,0,unknown,no
39,technician,married,secondary,no,3825,no,yes,cellular,25,aug,94,6,-1,0,unknown,no
54,management,married,tertiary,no,364,yes,no,cellular,17,jul,301,1,-1,0,unknown,no
46,management,divorced,tertiary,no,4917,yes,yes,cellular,31,jul,5,2,-1,0,unknown,no
69,retired,married,primary,no,579,no,no,cellular,14,aug,230,1,-1,0,unknown,no
45,technician,single,secondary,no,819,no,yes,cellular,17,nov,200,1,-1,0,unknown,no
57,blue-collar,married,secondary,no,5935,yes,yes,unknown,5,may,258,1,-1,0,unknown,no
47,blue-collar,married,primary,no,550,yes,no,unknown,7,may,113,1,-1,0,unknown,no
27,admin.,divorced,secondary,no,112,yes,no,unknown,19,may,104,1,-1,0,unknown,no
39,blue-collar,single,primary,no,581,yes,no,cellular,7,apr,620,1,39,2,success,no
37,technician,single,tertiary,no,3943,no,no,cellular,19,nov,37,1,-1,0,unknown,no
27,unknown,single,tertiary,no,6421,no,no,telephone,28,jan,147,4,-1,0,unknown,no
32,blue-collar,married,secondary,no,95,yes,no,unknown,5,jun,77,2,-1,0,unknown,no
43,blue-collar,married,primary,no,50,no,no,unknown,28,may,90,8,-1,0,unknown,no
53,blue-collar,married,secondary,no,1852,yes,no,unknown,29,may,134,4,-1,0,unknown,no
58,blue-collar,married,primary,no,5788,no,no,unknown,29,may,130,2,-1,0,unknown,no
31,technician,single,secondary,no,271,yes,no,cellular,5,may,269,1,-1,0,unknown,no
36,blue-collar,single,secondary,no,2235,yes,no,cellular,20,nov,287,2,-1,0,unknown,no
32,admin.,married,secondary,no,0,yes,no,cellular,24,jul,151,2,-1,0,unknown,no
61,retired,married,secondary,no,5207,no,no,cellular,11,sep,336,1,81,2,other,no
32,blue-collar,married,secondary,no,180,yes,no,cellular,14,apr,179,1,334,1,other,no
26,technician,single,secondary,no,206,no,no,cellular,29,jan,89,1,-1,0,unknown,no
55,blue-collar,married,secondary,no,0,no,no,unknown,16,jun,73,3,-1,0,unknown,no
41,management,married,tertiary,no,1559,no,no,cellular,28,aug,74,7,-1,0,unknown,no
32,admin.,single,secondary,no,10218,yes,no,cellular,19,nov,149,2,-1,0,unknown,no
41,entrepreneur,divorced,tertiary,no,0,yes,no,cellular,17,nov,176,1,-1,0,unknown,no
59,retired,married,secondary,no,3812,yes,no,telephone,11,jul,498,2,-1,0,unknown,no
34,unemployed,married,tertiary,no,0,no,no,cellular,8,aug,201,6,-1,0,unknown,no
37,blue-collar,married,primary,no,89,yes,no,unknown,2,jun,51,4,-1,0,unknown,no
24,admin.,married,secondary,no,541,yes,no,unknown,5,jun,622,4,-1,0,unknown,no
41,blue-collar,married,primary,no,293,yes,yes,cellular,7,may,102,1,-1,0,unknown,no
46,management,married,primary,no,357,yes,yes,unknown,19,may,221,2,-1,0,unknown,no
38,technician,single,secondary,no,1685,yes,no,unknown,5,may,185,1,-1,0,unknown,no
32,blue-collar,married,primary,no,0,yes,no,cellular,20,apr,295,3,335,1,other,no
41,technician,married,secondary,no,4711,yes,no,cellular,20,nov,401,2,-1,0,unknown,no
37,management,married,primary,no,4721,no,no,telephone,28,jan,46,1,-1,0,unknown,no
52,self-employed,married,secondary,no,273,no,no,unknown,7,may,227,1,-1,0,unknown,no
41,management,married,tertiary,no,-195,no,yes,cellular,20,nov,112,1,-1,0,unknown,no
41,management,married,tertiary,no,0,yes,no,unknown,13,may,161,1,-1,0,unknown,no
32,services,single,secondary,no,148,yes,no,cellular,18,nov,150,1,-1,0,unknown,no
35,technician,married,secondary,no,257,yes,yes,cellular,20,apr,307,4,-1,0,unknown,no
49,technician,divorced,secondary,no,181,yes,no,unknown,28,may,230,8,-1,0,unknown,no
48,services,married,secondary,no,2409,yes,no,cellular,24,jul,533,2,-1,0,unknown,no
30,technician,single,secondary,no,359,yes,no,cellular,7,may,362,1,303,1,failure,no
30,management,married,tertiary,no,112,yes,no,cellular,29,jan,464,2,258,1,other,no
34,services,married,secondary,no,142,yes,no,unknown,8,may,159,4,-1,0,unknown,no
43,blue-collar,married,secondary,no,1109,yes,no,unknown,14,may,160,2,-1,0,unknown,no
32,management,married,tertiary,no,6138,no,no,cellular,3,sep,251,3,36,11,success,no
31,blue-collar,married,secondary,no,2577,yes,no,unknown,13,may,611,2,-1,0,unknown,no
34,unemployed,married,secondary,no,0,yes,no,cellular,13,may,172,1,-1,0,unknown,no
49,technician,married,secondary,no,4667,yes,no,unknown,19,may,130,2,-1,0,unknown,no
26,housemaid,single,secondary,no,229,yes,no,unknown,30,may,60,16,-1,0,unknown,no
51,blue-collar,married,unknown,no,226,yes,no,unknown,4,jun,17,13,-1,0,unknown,no
33,management,married,tertiary,no,289,no,no,cellular,23,sep,333,1,-1,0,unknown,no
39,services,married,secondary,no,1367,yes,no,unknown,9,jun,53,4,-1,0,unknown,no
36,blue-collar,divorced,secondary,no,64,no,no,cellular,8,jun,143,2,-1,0,unknown,no
33,technician,single,secondary,no,-32,no,no,cellular,25,aug,196,12,-1,0,unknown,no
39,admin.,divorced,secondary,no,-328,no,yes,cellular,31,jul,16,27,-1,0,unknown,no
35,technician,single,secondary,no,417,no,no,cellular,19,aug,92,4,-1,0,unknown,no
35,technician,married,secondary,no,353,no,no,cellular,28,aug,17,9,-1,0,unknown,no
35,services,married,secondary,no,0,no,yes,telephone,9,jul,42,1,-1,0,unknown,no
32,management,married,tertiary,no,500,no,no,cellular,8,aug,151,4,-1,0,unknown,no
38,admin.,married,secondary,no,9618,yes,no,unknown,9,jun,214,1,-1,0,unknown,no
42,technician,married,secondary,no,8899,yes,no,cellular,20,nov,75,2,-1,0,unknown,no
31,blue-collar,married,secondary,no,631,yes,no,cellular,20,apr,211,2,152,2,failure,no
46,blue-collar,married,secondary,no,190,no,yes,cellular,10,jul,154,1,-1,0,unknown,no
39,services,married,secondary,no,1099,no,no,cellular,29,jan,211,2,245,6,failure,no
36,management,single,tertiary,no,1531,yes,no,cellular,8,may,81,3,170,1,failure,no
28,admin.,married,secondary,no,-156,yes,no,unknown,6,jun,161,5,-1,0,unknown,no
54,retired,married,primary,no,0,yes,no,cellular,11,jul,159,2,-1,0,unknown,no
32,technician,married,secondary,no,11697,yes,no,unknown,20,may,296,1,-1,0,unknown,no
30,technician,married,secondary,no,436,yes,no,cellular,5,feb,138,3,206,8,other,no
44,management,married,tertiary,no,1858,no,no,cellular,6,aug,113,4,-1,0,unknown,no
33,technician,married,secondary,no,272,yes,no,cellular,18,jul,166,2,-1,0,unknown,no
34,unemployed,single,tertiary,no,906,yes,no,unknown,27,may,101,3,-1,0,unknown,no
58,unemployed,divorced,secondary,no,7798,no,no,unknown,18,jun,247,5,-1,0,unknown,no
49,housemaid,married,primary,no,3376,no,no,unknown,9,jun,119,3,-1,0,unknown,no
35,blue-collar,married,primary,no,77,yes,no,unknown,26,may,282,3,-1,0,unknown,no
80,housemaid,married,secondary,no,499,no,no,telephone,13,apr,224,2,393,4,failure,no
54,unknown,married,secondary,no,1241,no,no,unknown,16,jun,97,6,-1,0,unknown,no
55,technician,divorced,secondary,no,217,yes,yes,cellular,26,may,176,1,-1,0,unknown,no
67,retired,single,tertiary,no,3377,no,no,telephone,23,apr,77,2,-1,0,unknown,no
57,services,divorced,secondary,no,14,no,yes,cellular,22,jul,445,2,-1,0,unknown,no
30,services,married,tertiary,no,1019,no,no,cellular,4,feb,155,1,234,1,other,no
53,management,married,tertiary,no,761,no,yes,cellular,28,aug,85,6,-1,0,unknown,no
44,management,married,tertiary,no,0,no,no,cellular,26,aug,130,4,-1,0,unknown,no
26,entrepreneur,single,secondary,no,681,no,yes,unknown,27,may,137,1,-1,0,unknown,no
51,unemployed,married,secondary,no,17418,yes,no,telephone,30,jan,237,2,-1,0,unknown,no
36,technician,married,secondary,no,930,no,no,cellular,14,aug,175,2,-1,0,unknown,no
45,blue-collar,married,unknown,no,419,no,no,unknown,5,jun,420,1,-1,0,unknown,no
36,admin.,divorced,tertiary,no,281,no,no,cellular,30,jan,60,2,2,1,other,no
47,blue-collar,married,primary,no,214,yes,yes,unknown,9,jun,168,1,-1,0,unknown,no
26,technician,married,secondary,no,876,yes,no,unknown,28,may,713,1,-1,0,unknown,no
39,entrepreneur,married,secondary,no,156,no,yes,unknown,17,jun,76,2,-1,0,unknown,no
60,management,married,primary,no,130,no,no,cellular,28,jan,374,2,-1,0,unknown,no
48,management,single,tertiary,no,1437,yes,yes,unknown,17,jun,34,2,-1,0,unknown,no
42,blue-collar,married,unknown,no,524,no,no,unknown,17,jun,220,1,-1,0,unknown,no
40,blue-collar,married,primary,no,1802,yes,no,cellular,17,apr,326,1,319,1,failure,no
51,blue-collar,married,secondary,no,598,yes,no,telephone,18,jul,53,4,-1,0,unknown,no
29,blue-collar,married,secondary,no,313,yes,no,cellular,20,apr,172,2,343,3,other,no
59,housemaid,married,primary,no,509,no,yes,telephone,23,jul,67,2,-1,0,unknown,no
31,blue-collar,single,secondary,no,23,no,no,cellular,21,nov,116,1,-1,0,unknown,no
34,blue-collar,married,primary,no,567,no,yes,cellular,8,jul,241,3,-1,0,unknown,no
38,blue-collar,single,tertiary,no,263,yes,no,cellular,14,jul,84,6,-1,0,unknown,no
28,housemaid,single,tertiary,no,731,yes,no,cellular,6,feb,135,2,-1,0,unknown,no
57,management,married,primary,no,6900,no,no,cellular,21,apr,159,2,-1,0,unknown,no
44,admin.,married,secondary,no,1305,no,no,cellular,30,jul,72,4,-1,0,unknown,no
38,management,married,secondary,no,0,yes,no,unknown,27,may,233,2,-1,0,unknown,no
27,management,single,tertiary,no,438,yes,no,cellular,18,may,10,5,-1,0,unknown,no
40,unemployed,married,primary,no,69,no,yes,cellular,4,feb,171,1,-1,0,unknown,no
57,blue-collar,married,secondary,no,75,no,no,cellular,8,jul,157,8,-1,0,unknown,no
30,technician,married,secondary,no,2278,no,yes,telephone,19,nov,47,1,-1,0,unknown,no
57,management,married,tertiary,no,334,yes,no,cellular,15,may,169,2,365,2,failure,no
49,technician,married,secondary,no,51,no,no,cellular,20,aug,513,4,-1,0,unknown,no
58,retired,married,secondary,no,3909,yes,no,unknown,3,jun,80,1,-1,0,unknown,no
38,blue-collar,married,primary,no,2472,yes,no,unknown,3,jun,176,2,-1,0,unknown,no
38,blue-collar,married,primary,no,1099,yes,no,cellular,15,may,22,5,-1,0,unknown,no
53,blue-collar,married,primary,no,207,no,yes,unknown,4,jul,212,1,-1,0,unknown,no
50,blue-collar,married,primary,no,157,no,no,cellular,27,aug,50,4,-1,0,unknown,no
42,blue-collar,married,primary,no,1017,yes,no,unknown,3,jun,11,18,-1,0,unknown,no
46,unemployed,divorced,primary,no,23,no,no,cellular,21,nov,344,1,-1,0,unknown,no
33,blue-collar,single,secondary,no,16649,yes,no,cellular,5,feb,173,1,-1,0,unknown,no
44,blue-collar,married,primary,no,622,yes,no,unknown,21,feb,66,1,-1,0,unknown,no
56,services,divorced,secondary,no,72,yes,yes,cellular,7,may,263,1,357,4,failure,no
27,student,single,secondary,no,671,yes,no,unknown,7,may,332,2,-1,0,unknown,no
32,services,single,secondary,no,48,yes,yes,cellular,18,nov,132,1,-1,0,unknown,no
53,blue-collar,married,primary,no,358,yes,no,unknown,3,jun,384,1,-1,0,unknown,no
58,technician,married,unknown,no,1617,yes,no,cellular,5,feb,109,4,274,2,failure,no
32,blue-collar,single,secondary,no,3,yes,no,unknown,23,may,108,3,-1,0,unknown,no
34,management,single,tertiary,no,27,no,yes,cellular,22,jul,255,1,-1,0,unknown,no
27,technician,married,secondary,no,-428,no,no,cellular,7,jul,451,1,-1,0,unknown,no
51,admin.,single,secondary,no,3132,no,no,unknown,13,may,459,1,-1,0,unknown,no
48,admin.,divorced,unknown,no,-70,no,no,cellular,14,may,243,1,-1,0,unknown,no
31,blue-collar,single,secondary,no,616,yes,no,telephone,12,may,185,3,-1,0,unknown,no
39,services,married,secondary,no,2,yes,no,cellular,25,jul,174,10,-1,0,unknown,no
33,admin.,single,secondary,no,572,yes,no,cellular,30,jan,1296,2,-1,0,unknown,no
82,retired,married,tertiary,no,278,no,no,cellular,16,feb,223,7,-1,0,unknown,no
46,management,divorced,secondary,no,10,yes,no,cellular,17,nov,273,1,-1,0,unknown,no
36,management,married,tertiary,no,22,no,no,cellular,2,oct,91,2,-1,0,unknown,no
32,blue-collar,married,primary,no,2291,yes,yes,cellular,29,jan,489,3,182,24,other,no
59,retired,divorced,tertiary,no,4,yes,no,unknown,2,jun,517,2,-1,0,unknown,no
42,blue-collar,married,secondary,no,525,yes,no,unknown,20,jun,10,6,-1,0,unknown,no
25,blue-collar,single,primary,no,6100,yes,no,unknown,26,jun,45,2,-1,0,unknown,no
29,technician,single,secondary,no,500,yes,no,cellular,14,may,273,3,-1,0,unknown,no
45,services,married,secondary,yes,144,no,no,cellular,18,jul,95,8,-1,0,unknown,no
31,services,married,secondary,no,203,no,no,cellular,9,jul,359,1,-1,0,unknown,no
32,admin.,single,secondary,no,2146,yes,no,unknown,21,may,422,2,-1,0,unknown,no
33,unemployed,married,tertiary,no,302,yes,yes,cellular,16,apr,670,1,-1,0,unknown,no
34,blue-collar,married,primary,no,373,yes,no,cellular,12,may,481,2,-1,0,unknown,no
36,admin.,single,secondary,no,5871,no,no,cellular,19,aug,321,2,-1,0,unknown,no
35,admin.,single,secondary,no,855,yes,no,unknown,12,may,241,3,-1,0,unknown,no
77,retired,married,tertiary,no,1047,no,no,cellular,30,jun,108,5,-1,0,unknown,no
43,blue-collar,married,secondary,no,-141,yes,yes,unknown,23,may,128,1,-1,0,unknown,no
51,blue-collar,divorced,primary,no,-380,yes,no,unknown,26,may,181,1,-1,0,unknown,no
42,technician,single,secondary,no,417,no,no,cellular,21,jul,177,1,-1,0,unknown,no
41,blue-collar,married,secondary,no,290,yes,no,unknown,5,may,240,2,-1,0,unknown,no
46,technician,single,secondary,no,401,no,no,unknown,19,aug,69,2,-1,0,unknown,no
42,self-employed,married,secondary,no,240,yes,no,cellular,4,feb,183,1,189,16,other,no
35,admin.,single,secondary,no,57,yes,no,cellular,18,may,173,1,-1,0,unknown,no
45,blue-collar,married,secondary,no,-35,yes,yes,unknown,20,jun,145,24,-1,0,unknown,no
30,blue-collar,single,secondary,no,3,yes,no,cellular,25,jul,51,1,-1,0,unknown,no
58,admin.,married,secondary,no,92,yes,no,unknown,27,may,180,1,-1,0,unknown,no
52,management,married,tertiary,no,4504,yes,no,cellular,17,nov,268,2,-1,0,unknown,no
52,technician,married,secondary,no,272,no,yes,cellular,17,jul,53,1,-1,0,unknown,no
44,blue-collar,married,primary,no,1766,yes,no,cellular,20,nov,100,1,-1,0,unknown,no
46,blue-collar,married,primary,no,2473,no,no,cellular,4,aug,136,3,-1,0,unknown,no
36,services,married,secondary,no,488,yes,no,cellular,6,feb,220,5,-1,0,unknown,no
31,management,married,tertiary,no,-235,yes,no,cellular,20,apr,546,2,-1,0,unknown,no
38,technician,married,tertiary,no,-1350,yes,yes,unknown,28,may,96,4,-1,0,unknown,no
42,admin.,married,secondary,yes,-9,no,no,unknown,20,jun,248,1,-1,0,unknown,no
32,technician,married,secondary,no,1011,no,no,cellular,28,aug,56,10,-1,0,unknown,no
36,unemployed,married,secondary,no,439,yes,no,telephone,6,feb,18,6,-1,0,unknown,no
32,technician,single,secondary,no,5,no,no,cellular,12,aug,105,2,-1,0,unknown,no
33,management,single,primary,no,4897,yes,no,unknown,20,may,151,1,-1,0,unknown,no
38,blue-collar,married,secondary,no,6994,yes,no,telephone,8,apr,169,1,139,2,failure,no
32,blue-collar,divorced,secondary,no,107,yes,yes,cellular,10,jul,120,1,-1,0,unknown,no
30,blue-collar,married,secondary,no,119,yes,no,unknown,30,may,281,2,-1,0,unknown,no
47,admin.,married,secondary,no,328,no,no,cellular,13,aug,260,2,-1,0,unknown,no
28,technician,single,tertiary,no,75,yes,yes,cellular,5,may,233,2,-1,0,unknown,no
38,entrepreneur,married,secondary,no,61,yes,yes,unknown,28,may,170,5,-1,0,unknown,no
55,retired,married,secondary,no,1,yes,no,telephone,7,may,79,2,360,6,other,no
33,management,single,tertiary,no,136,yes,yes,unknown,20,may,347,6,-1,0,unknown,no
25,technician,single,secondary,no,2704,yes,no,unknown,6,jun,63,3,-1,0,unknown,no
36,management,married,tertiary,no,0,yes,no,cellular,18,nov,103,1,175,2,failure,no
40,self-employed,married,tertiary,no,13669,no,no,cellular,15,oct,138,1,136,8,other,no
56,blue-collar,married,primary,no,8318,yes,no,unknown,16,may,428,2,-1,0,unknown,no
30,blue-collar,married,secondary,no,187,yes,no,unknown,26,may,272,6,-1,0,unknown,no
28,blue-collar,single,secondary,no,2806,no,no,cellular,13,oct,285,1,120,1,other,no
32,technician,married,tertiary,no,1503,yes,yes,cellular,13,may,44,1,278,2,failure,no
37,technician,divorced,secondary,no,0,yes,no,cellular,16,jul,46,1,-1,0,unknown,no
33,management,single,tertiary,no,659,yes,no,cellular,19,nov,311,1,-1,0,unknown,no
32,services,single,secondary,no,746,no,no,cellular,4,feb,305,1,-1,0,unknown,no
59,technician,married,secondary,no,0,no,no,cellular,29,aug,62,2,-1,0,unknown,no
41,student,single,secondary,no,595,yes,no,unknown,18,sep,22,1,107,2,success,no
29,management,single,tertiary,no,0,yes,no,cellular,13,may,155,1,351,1,failure,no
32,technician,married,secondary,no,5626,yes,no,cellular,21,nov,131,1,-1,0,unknown,no
73,retired,married,secondary,no,1292,no,no,cellular,3,apr,420,1,-1,0,unknown,no
33,technician,divorced,secondary,no,7,yes,yes,unknown,6,may,87,1,-1,0,unknown,no
26,blue-collar,single,secondary,no,0,yes,no,cellular,28,jan,148,2,258,2,failure,no
38,blue-collar,married,secondary,no,0,no,no,unknown,20,jun,152,5,-1,0,unknown,no
49,blue-collar,married,primary,no,937,yes,no,unknown,12,jun,66,1,-1,0,unknown,no
77,retired,married,primary,no,1492,no,no,telephone,1,sep,663,1,208,2,other,no
34,blue-collar,married,secondary,no,457,yes,no,unknown,9,may,266,1,-1,0,unknown,no
37,admin.,married,tertiary,no,1995,yes,no,cellular,11,aug,48,2,-1,0,unknown,no
30,self-employed,single,tertiary,no,578,yes,no,unknown,2,jun,142,4,-1,0,unknown,no
44,management,married,unknown,no,187,yes,no,unknown,7,may,185,1,-1,0,unknown,no
41,admin.,married,secondary,no,4320,yes,no,cellular,18,nov,164,1,166,2,failure,no
29,technician,single,secondary,yes,28,yes,no,cellular,18,jul,203,1,-1,0,unknown,no
59,blue-collar,married,secondary,no,13718,no,no,telephone,7,jul,107,6,-1,0,unknown,no
49,housemaid,married,secondary,no,3,no,no,cellular,20,aug,118,2,-1,0,unknown,no
32,technician,single,tertiary,no,1212,yes,no,unknown,23,may,463,2,-1,0,unknown,no
44,blue-collar,single,secondary,no,0,yes,no,cellular,15,apr,442,1,-1,0,unknown,no
31,technician,single,secondary,no,3701,no,no,cellular,18,aug,709,3,-1,0,unknown,no
30,management,single,tertiary,no,2876,no,no,cellular,6,aug,103,4,-1,0,unknown,no
29,management,single,tertiary,no,0,yes,no,unknown,28,may,112,7,-1,0,unknown,no
38,blue-collar,single,unknown,no,1146,yes,no,unknown,16,may,84,1,-1,0,unknown,no
36,services,single,secondary,no,511,yes,yes,cellular,30,jan,706,1,252,1,failure,no
43,services,married,secondary,no,14679,yes,no,cellular,20,nov,165,3,-1,0,unknown,no
34,blue-collar,single,secondary,no,1423,yes,no,cellular,21,nov,55,2,-1,0,unknown,no
32,unemployed,married,tertiary,no,394,yes,no,cellular,14,aug,266,2,-1,0,unknown,no
26,student,single,secondary,no,2572,yes,no,cellular,5,may,620,1,-1,0,unknown,no
59,housemaid,married,primary,no,116,no,no,cellular,8,aug,129,4,-1,0,unknown,no
46,technician,married,secondary,no,410,no,yes,cellular,21,nov,162,5,-1,0,unknown,no
45,entrepreneur,divorced,secondary,no,1187,no,yes,cellular,20,nov,157,1,-1,0,unknown,no
49,technician,married,secondary,no,0,no,yes,cellular,8,jul,120,3,-1,0,unknown,no
30,blue-collar,single,secondary,no,-42,no,no,cellular,7,jul,86,2,-1,0,unknown,no
30,services,divorced,secondary,no,704,yes,no,cellular,25,jul,524,10,-1,0,unknown,no
53,admin.,single,secondary,no,2398,yes,no,cellular,3,feb,108,1,92,1,success,no
55,blue-collar,married,secondary,no,471,yes,no,unknown,30,may,58,2,-1,0,unknown,no
35,management,divorced,tertiary,no,3751,yes,no,cellular,16,apr,75,2,-1,0,unknown,no
28,entrepreneur,married,secondary,no,422,yes,no,unknown,19,may,394,2,-1,0,unknown,no
26,blue-collar,single,secondary,no,592,yes,yes,unknown,27,may,174,1,-1,0,unknown,no
49,self-employed,married,secondary,no,1683,no,no,cellular,29,aug,61,4,-1,0,unknown,no
30,technician,single,tertiary,no,198,yes,no,cellular,16,apr,308,1,-1,0,unknown,no
36,self-employed,married,primary,no,2022,no,no,unknown,19,jun,71,2,-1,0,unknown,no
36,management,single,tertiary,no,3875,yes,no,cellular,11,may,212,1,-1,0,unknown,no
45,unemployed,married,secondary,no,56,yes,no,cellular,6,may,195,1,-1,0,unknown,no
58,services,married,secondary,no,1905,no,no,cellular,27,aug,202,5,-1,0,unknown,no
36,technician,married,secondary,no,432,yes,no,cellular,29,aug,65,2,-1,0,unknown,no
40,technician,married,secondary,no,0,no,no,cellular,15,apr,431,2,-1,0,unknown,no
33,admin.,married,secondary,no,-6,yes,no,unknown,7,may,566,2,-1,0,unknown,no
53,admin.,married,secondary,no,-375,yes,no,cellular,30,jan,103,1,252,1,failure,no
41,management,single,tertiary,no,260,no,no,cellular,4,aug,149,1,-1,0,unknown,no
44,blue-collar,married,primary,no,-11,yes,no,unknown,9,may,13,1,-1,0,unknown,no
58,management,married,tertiary,no,2261,yes,no,cellular,3,jun,1361,1,391,1,failure,no
48,management,married,secondary,no,141,no,no,cellular,14,aug,208,8,-1,0,unknown,no
39,housemaid,married,secondary,no,0,yes,no,cellular,29,jul,218,4,-1,0,unknown,no
61,retired,married,secondary,no,4248,yes,no,unknown,14,may,71,1,-1,0,unknown,no
26,management,single,tertiary,no,1274,yes,no,cellular,9,mar,101,1,-1,0,unknown,no
32,technician,married,tertiary,no,0,no,yes,cellular,24,jul,184,6,-1,0,unknown,no
42,services,married,unknown,no,-1085,no,yes,cellular,21,nov,45,1,-1,0,unknown,no
37,management,married,tertiary,no,413,no,no,cellular,16,oct,138,2,-1,0,unknown,no
46,admin.,married,secondary,no,711,no,yes,telephone,28,jul,187,11,-1,0,unknown,no
45,services,married,secondary,no,0,no,no,cellular,11,jul,106,2,-1,0,unknown,no
62,retired,married,secondary,no,2917,no,no,cellular,12,apr,147,1,188,1,success,no
28,entrepreneur,single,tertiary,no,104,no,no,cellular,30,apr,170,1,-1,0,unknown,no
48,admin.,divorced,unknown,no,244,yes,no,unknown,9,may,280,1,-1,0,unknown,no
32,unemployed,married,secondary,no,2400,yes,yes,cellular,5,feb,450,3,-1,0,unknown,no
44,blue-collar,married,primary,no,887,yes,no,cellular,12,may,165,2,363,1,failure,no
27,services,single,secondary,no,-72,yes,no,cellular,5,may,276,1,309,9,failure,no
83,housemaid,married,primary,no,2140,no,no,cellular,6,sep,109,3,276,8,other,no
35,technician,divorced,secondary,no,3549,yes,no,cellular,13,aug,250,4,-1,0,unknown,no
33,technician,married,secondary,no,480,yes,no,cellular,30,jan,272,1,270,1,other,no
60,management,married,tertiary,no,6,yes,no,cellular,6,may,787,3,-1,0,unknown,no
37,management,married,tertiary,no,387,no,no,cellular,26,jul,128,2,419,1,failure,no
28,student,single,secondary,no,4793,no,no,unknown,27,may,151,1,-1,0,unknown,no
38,services,married,secondary,no,-762,yes,yes,unknown,30,may,408,2,-1,0,unknown,no
26,blue-collar,single,secondary,no,-32,yes,yes,cellular,31,jul,14,6,-1,0,unknown,no
31,management,married,tertiary,no,451,yes,no,cellular,5,may,67,1,-1,0,unknown,no
35,technician,married,secondary,no,374,yes,yes,telephone,7,aug,72,5,-1,0,unknown,no
34,technician,married,secondary,no,22,no,no,cellular,21,aug,270,3,-1,0,unknown,no
32,management,single,tertiary,no,12686,yes,no,unknown,3,jun,54,1,-1,0,unknown,no
29,admin.,married,secondary,no,453,yes,no,cellular,17,jul,384,4,-1,0,unknown,no
57,housemaid,married,tertiary,no,3,no,no,cellular,4,aug,142,2,-1,0,unknown,no
57,retired,married,primary,no,75,no,no,cellular,28,aug,118,2,-1,0,unknown,no
54,technician,married,secondary,no,0,no,no,telephone,16,nov,986,1,94,8,failure,no
35,technician,married,secondary,no,46,no,no,cellular,8,aug,404,4,-1,0,unknown,no
50,admin.,married,secondary,no,-195,no,no,cellular,22,aug,119,4,-1,0,unknown,no
53,services,married,secondary,no,1242,no,no,cellular,11,aug,168,2,-1,0,unknown,no
32,blue-collar,single,secondary,no,782,yes,no,cellular,17,apr,517,1,-1,0,unknown,no
47,services,married,secondary,no,1764,no,yes,cellular,26,aug,119,6,-1,0,unknown,no
36,services,single,secondary,no,99,no,no,unknown,17,jun,256,9,-1,0,unknown,no
40,technician,single,primary,no,340,yes,no,unknown,29,may,146,1,-1,0,unknown,no
43,management,single,tertiary,no,359,yes,no,telephone,12,may,899,3,-1,0,unknown,no
75,retired,divorced,secondary,no,1092,no,no,telephone,12,oct,250,1,431,2,failure,no
39,blue-collar,married,primary,no,157,yes,no,cellular,13,may,290,1,-1,0,unknown,no
58,retired,married,primary,no,10628,no,no,cellular,30,jul,189,4,-1,0,unknown,no
35,management,single,secondary,no,2383,yes,no,cellular,31,jul,67,6,-1,0,unknown,no
38,admin.,divorced,secondary,no,382,yes,no,cellular,17,apr,397,1,-1,0,unknown,no
24,student,single,secondary,no,822,no,no,cellular,28,jul,106,2,-1,0,unknown,no
39,management,married,tertiary,no,1598,yes,yes,unknown,27,may,87,3,-1,0,unknown,no
37,technician,married,secondary,no,135,yes,no,cellular,12,may,268,3,-1,0,unknown,no
48,unemployed,single,primary,no,63,no,no,cellular,30,jul,29,4,-1,0,unknown,no
69,retired,divorced,secondary,no,4189,no,no,cellular,18,oct,138,4,96,2,success,no
33,admin.,single,tertiary,no,701,yes,no,cellular,18,may,59,2,-1,0,unknown,no
48,technician,divorced,secondary,no,1290,no,no,unknown,16,jun,58,1,-1,0,unknown,no
57,retired,married,primary,no,1532,no,no,telephone,6,feb,286,3,-1,0,unknown,no
39,management,single,tertiary,no,1509,no,no,cellular,11,nov,248,1,-1,0,unknown,no
33,blue-collar,married,secondary,no,983,no,no,unknown,8,sep,9,1,-1,0,unknown,no
35,management,married,tertiary,no,1870,yes,no,cellular,24,jun,134,1,386,1,failure,no
49,technician,married,secondary,no,3466,yes,no,cellular,25,aug,161,3,410,2,success,no
59,retired,married,primary,no,94,no,no,cellular,12,aug,256,2,-1,0,unknown,no
51,entrepreneur,married,tertiary,no,-267,yes,no,cellular,9,jul,42,1,-1,0,unknown,no
30,management,married,tertiary,no,86,yes,yes,cellular,7,may,255,6,169,3,failure,no
32,blue-collar,single,primary,no,7,yes,no,cellular,13,may,109,1,-1,0,unknown,no
34,blue-collar,married,secondary,no,199,yes,no,unknown,8,may,627,3,-1,0,unknown,no
31,self-employed,married,tertiary,no,170,no,yes,cellular,28,jul,98,16,-1,0,unknown,no
37,management,divorced,tertiary,no,153,yes,no,cellular,30,apr,221,1,70,2,other,no
32,technician,single,secondary,no,258,no,no,unknown,3,jun,114,3,-1,0,unknown,no
40,blue-collar,married,secondary,no,1313,no,no,unknown,14,may,87,1,-1,0,unknown,no
55,management,divorced,tertiary,no,347,yes,no,cellular,2,feb,115,1,-1,0,unknown,no
47,admin.,married,secondary,no,-245,yes,no,unknown,27,may,145,5,-1,0,unknown,no
46,technician,married,primary,no,718,yes,no,cellular,6,feb,80,2,268,1,failure,no
59,unemployed,divorced,secondary,no,2921,no,no,telephone,3,feb,251,1,-1,0,unknown,no
51,technician,single,secondary,no,0,yes,no,unknown,5,may,364,2,-1,0,unknown,no
26,unemployed,single,tertiary,no,521,no,no,cellular,6,feb,123,3,-1,0,unknown,no
35,management,single,tertiary,no,1064,yes,no,cellular,6,feb,69,2,261,1,other,no
42,management,married,tertiary,no,877,yes,no,unknown,14,may,238,1,-1,0,unknown,no
32,technician,single,tertiary,no,720,no,no,cellular,12,aug,234,4,-1,0,unknown,no
31,admin.,married,secondary,no,941,yes,no,cellular,8,apr,213,4,-1,0,unknown,no
37,self-employed,divorced,tertiary,no,60,no,yes,unknown,4,jul,426,3,-1,0,unknown,no
27,management,single,unknown,no,1029,yes,no,unknown,6,jun,71,2,-1,0,unknown,no
39,admin.,married,secondary,no,1408,yes,no,cellular,17,apr,306,1,-1,0,unknown,no
58,blue-collar,married,primary,no,47,no,no,cellular,6,aug,281,2,-1,0,unknown,no
33,blue-collar,single,secondary,no,13494,yes,no,unknown,20,jun,27,25,-1,0,unknown,no
48,technician,married,secondary,no,606,yes,no,cellular,19,aug,231,4,-1,0,unknown,no
45,management,divorced,tertiary,no,6542,yes,no,cellular,13,aug,93,4,-1,0,unknown,no
34,services,single,secondary,no,-96,yes,no,unknown,2,jun,269,3,-1,0,unknown,no
40,admin.,single,secondary,no,877,yes,no,cellular,21,nov,12,3,177,6,failure,no
33,technician,married,tertiary,no,525,yes,yes,unknown,28,may,139,1,-1,0,unknown,no
36,management,married,secondary,no,1160,yes,no,cellular,15,apr,56,1,323,3,failure,no
50,entrepreneur,married,tertiary,no,861,no,no,unknown,9,jun,117,1,-1,0,unknown,no
33,management,married,tertiary,no,4149,no,yes,cellular,18,jul,159,2,-1,0,unknown,no
29,admin.,single,unknown,no,175,no,no,unknown,28,may,597,3,-1,0,unknown,no
46,blue-collar,married,primary,no,1291,yes,no,cellular,14,may,142,3,259,17,failure,no
30,services,single,secondary,no,-97,yes,no,unknown,4,jun,126,2,-1,0,unknown,no
35,self-employed,married,secondary,no,0,yes,no,telephone,7,jul,126,4,-1,0,unknown,no
30,services,married,secondary,no,-43,yes,yes,cellular,17,apr,79,1,325,2,other,no
55,management,married,secondary,no,190,no,no,unknown,9,jun,271,2,-1,0,unknown,no
31,technician,single,tertiary,no,1214,no,no,cellular,3,feb,39,1,-1,0,unknown,no
27,technician,married,secondary,no,267,yes,no,cellular,18,may,166,4,-1,0,unknown,no
34,unemployed,married,secondary,no,2173,yes,yes,cellular,7,may,370,1,-1,0,unknown,no
40,technician,married,tertiary,no,296,no,no,unknown,19,may,198,1,-1,0,unknown,no
34,admin.,married,secondary,no,95,yes,no,cellular,18,may,114,4,364,22,other,no
46,services,divorced,secondary,no,2268,yes,no,cellular,13,may,281,3,-1,0,unknown,no
35,management,married,primary,no,-326,yes,yes,cellular,20,nov,518,2,-1,0,unknown,no
34,admin.,single,secondary,no,3626,yes,yes,cellular,20,nov,88,2,-1,0,unknown,no
31,services,married,secondary,no,520,yes,no,unknown,12,may,123,7,-1,0,unknown,no
32,blue-collar,single,secondary,no,427,no,no,unknown,20,sep,11,1,-1,0,unknown,no
56,services,married,secondary,yes,-8,no,no,cellular,6,aug,159,2,-1,0,unknown,no
29,technician,single,secondary,no,142,yes,yes,unknown,20,jun,312,2,-1,0,unknown,no
39,admin.,married,tertiary,no,1022,yes,yes,cellular,28,jan,123,2,-1,0,unknown,no
46,services,married,secondary,no,2202,yes,no,cellular,29,jan,83,2,-1,0,unknown,no
33,blue-collar,divorced,primary,no,636,yes,no,cellular,9,jul,211,11,-1,0,unknown,no
34,blue-collar,divorced,secondary,no,-294,yes,no,unknown,12,may,163,2,-1,0,unknown,no
36,management,married,tertiary,no,0,no,no,cellular,12,aug,243,3,-1,0,unknown,no
43,entrepreneur,single,secondary,no,5705,no,yes,cellular,16,jul,173,2,-1,0,unknown,no
36,self-employed,divorced,secondary,no,-38,yes,no,cellular,18,nov,244,2,-1,0,unknown,no
48,management,married,secondary,no,0,no,no,cellular,19,nov,20,4,-1,0,unknown,no
28,services,single,secondary,no,60,no,yes,cellular,29,jan,248,1,-1,0,unknown,no
34,management,married,tertiary,no,2611,no,no,cellular,7,aug,235,8,-1,0,unknown,no
42,admin.,married,unknown,no,756,no,no,cellular,14,oct,72,4,160,3,failure,no
58,services,divorced,secondary,no,183,no,no,cellular,22,aug,167,2,-1,0,unknown,no
46,technician,single,secondary,yes,-1124,yes,yes,unknown,9,may,206,2,-1,0,unknown,no
52,entrepreneur,single,unknown,no,0,no,no,unknown,20,jun,9,2,-1,0,unknown,no
31,admin.,married,secondary,no,728,yes,yes,cellular,15,may,152,1,352,4,failure,no
35,technician,single,tertiary,no,1924,yes,no,cellular,20,apr,285,1,-1,0,unknown,no
34,technician,married,secondary,no,650,yes,no,unknown,30,may,184,2,-1,0,unknown,no
57,management,married,tertiary,no,0,yes,no,unknown,14,may,124,1,-1,0,unknown,no
32,unemployed,divorced,primary,no,0,no,no,cellular,15,jul,175,4,-1,0,unknown,no
60,retired,divorced,primary,no,2516,no,no,telephone,4,feb,157,1,-1,0,unknown,no
36,services,married,secondary,no,417,no,yes,telephone,5,feb,11,5,-1,0,unknown,no
48,blue-collar,married,secondary,no,2054,yes,no,cellular,6,aug,127,2,-1,0,unknown,no
35,unemployed,divorced,primary,no,118,no,no,unknown,20,jun,12,4,-1,0,unknown,no
32,technician,married,tertiary,no,0,no,no,cellular,22,aug,277,3,-1,0,unknown,no
45,blue-collar,married,secondary,no,333,no,yes,cellular,6,aug,166,2,-1,0,unknown,no
27,entrepreneur,single,tertiary,no,2159,yes,no,cellular,5,may,1101,1,-1,0,unknown,no
38,housemaid,married,secondary,no,1372,yes,yes,unknown,15,may,224,1,-1,0,unknown,no
35,admin.,divorced,secondary,no,869,yes,no,unknown,29,may,173,1,-1,0,unknown,no
38,technician,divorced,secondary,no,1,no,yes,cellular,23,jul,73,1,-1,0,unknown,no
31,blue-collar,single,primary,no,1097,yes,no,unknown,20,may,485,3,-1,0,unknown,no
27,student,single,secondary,no,0,no,no,unknown,8,may,93,2,-1,0,unknown,no
47,technician,divorced,unknown,no,442,yes,no,cellular,11,may,85,1,-1,0,unknown,no
46,technician,married,secondary,no,231,yes,no,unknown,3,jun,117,1,-1,0,unknown,no
58,management,divorced,tertiary,no,1533,no,no,unknown,15,may,137,2,-1,0,unknown,no
31,services,single,secondary,no,-32,yes,no,unknown,23,may,157,1,-1,0,unknown,no
28,self-employed,single,tertiary,no,5215,no,no,cellular,2,jun,673,1,-1,0,unknown,no
33,management,married,tertiary,no,11149,yes,no,unknown,21,may,418,2,-1,0,unknown,no
38,management,married,secondary,no,16236,yes,no,cellular,21,nov,139,3,-1,0,unknown,no
51,blue-collar,married,primary,no,1127,yes,no,unknown,6,may,47,1,-1,0,unknown,no
41,management,single,secondary,no,1286,yes,no,telephone,17,nov,661,4,-1,0,unknown,no
31,blue-collar,married,secondary,no,435,yes,no,unknown,21,may,204,1,-1,0,unknown,no
39,services,married,secondary,no,87,no,no,cellular,8,jul,114,1,-1,0,unknown,no
35,admin.,married,secondary,no,-312,no,no,cellular,30,apr,116,1,21,1,failure,no
31,entrepreneur,single,tertiary,no,46,yes,no,cellular,5,feb,90,1,-1,0,unknown,no
25,services,single,tertiary,no,130,yes,no,cellular,16,jul,49,1,-1,0,unknown,no
58,technician,married,primary,no,4015,no,no,unknown,20,jun,106,3,-1,0,unknown,no
52,unemployed,married,tertiary,no,2133,no,yes,cellular,18,jul,90,1,-1,0,unknown,no
28,student,single,tertiary,no,111,no,no,cellular,10,mar,70,2,-1,0,unknown,no
54,management,married,unknown,no,527,yes,no,cellular,30,apr,112,1,281,3,failure,no
50,services,married,secondary,no,486,yes,no,cellular,5,aug,203,2,-1,0,unknown,no
38,management,married,tertiary,no,-120,yes,no,cellular,11,may,148,1,367,2,failure,no
43,services,married,primary,no,3,yes,no,unknown,5,may,186,2,-1,0,unknown,no
37,services,single,secondary,no,1175,yes,no,unknown,16,jun,92,2,-1,0,unknown,no
36,management,married,secondary,no,-267,no,no,cellular,21,jul,368,2,-1,0,unknown,no
42,blue-collar,married,primary,no,480,yes,no,unknown,6,jun,288,12,-1,0,unknown,no
40,management,married,secondary,no,363,yes,yes,cellular,26,may,135,1,104,2,failure,no
22,housemaid,single,secondary,no,650,yes,no,unknown,12,may,181,4,-1,0,unknown,no
33,technician,married,secondary,no,2099,yes,yes,unknown,29,may,42,3,-1,0,unknown,no
31,technician,single,secondary,no,1771,yes,no,unknown,30,may,81,2,-1,0,unknown,no
48,management,married,primary,no,5348,no,no,unknown,18,jun,105,1,-1,0,unknown,no
40,self-employed,married,secondary,no,1893,no,no,cellular,21,jul,78,16,-1,0,unknown,no
43,entrepreneur,single,tertiary,no,744,no,yes,cellular,20,nov,90,4,114,4,failure,no
46,blue-collar,single,primary,no,3046,yes,yes,cellular,18,nov,84,1,183,1,other,no
28,student,married,secondary,no,704,yes,yes,cellular,14,may,171,3,-1,0,unknown,no
56,housemaid,divorced,tertiary,no,1059,no,yes,unknown,6,jun,57,2,-1,0,unknown,no
32,technician,single,secondary,no,34,no,no,cellular,22,aug,210,2,-1,0,unknown,no
34,blue-collar,single,primary,yes,81,no,yes,cellular,9,feb,44,2,-1,0,unknown,no
34,management,married,secondary,no,-311,yes,no,unknown,27,may,305,2,-1,0,unknown,no
37,blue-collar,married,secondary,no,105,yes,no,unknown,8,may,69,2,-1,0,unknown,no
30,blue-collar,married,primary,no,-199,yes,yes,telephone,17,jul,207,10,-1,0,unknown,no
32,technician,single,tertiary,no,195,yes,no,cellular,22,aug,239,2,-1,0,unknown,no
29,services,single,secondary,no,9,no,yes,cellular,8,jul,202,2,-1,0,unknown,no
34,admin.,married,secondary,no,1651,no,no,cellular,4,feb,246,1,-1,0,unknown,no
27,management,single,tertiary,no,377,no,no,cellular,21,aug,171,3,91,1,failure,no
50,blue-collar,married,secondary,no,1557,yes,no,unknown,7,may,263,6,-1,0,unknown,no
24,admin.,single,secondary,no,1055,no,no,cellular,21,jul,338,1,-1,0,unknown,no
47,retired,married,secondary,no,2383,no,no,unknown,9,jun,529,1,-1,0,unknown,no
40,blue-collar,single,primary,no,45,yes,yes,cellular,14,jul,106,4,-1,0,unknown,no
49,technician,divorced,secondary,no,-53,yes,yes,unknown,26,jun,253,1,-1,0,unknown,no
21,unemployed,single,secondary,no,280,no,no,cellular,11,aug,280,2,-1,0,unknown,no
25,blue-collar,single,secondary,no,612,yes,no,cellular,21,jul,172,4,-1,0,unknown,no
37,blue-collar,married,primary,no,27,no,no,unknown,6,jun,80,1,-1,0,unknown,no
43,admin.,single,secondary,no,140,yes,no,unknown,7,may,127,1,-1,0,unknown,no
57,admin.,married,primary,no,202,yes,no,cellular,20,apr,207,1,346,2,failure,no
38,self-employed,divorced,tertiary,no,1513,no,no,cellular,7,may,330,1,342,1,failure,no
49,admin.,married,secondary,no,326,yes,no,unknown,7,may,99,2,-1,0,unknown,no
33,management,married,tertiary,no,113,yes,no,unknown,5,jun,101,11,-1,0,unknown,no
36,management,married,tertiary,no,0,yes,yes,unknown,3,jun,599,3,-1,0,unknown,no
41,management,married,secondary,no,1471,yes,no,cellular,18,nov,233,2,-1,0,unknown,no
36,admin.,divorced,primary,no,227,no,no,cellular,9,jul,185,1,-1,0,unknown,no
39,entrepreneur,married,secondary,no,689,no,no,cellular,30,jul,240,3,-1,0,unknown,no
57,services,married,primary,no,443,no,no,telephone,17,jul,167,1,-1,0,unknown,no
31,blue-collar,single,secondary,no,1,no,yes,cellular,7,jul,174,1,-1,0,unknown,no
38,technician,married,tertiary,no,-267,no,no,cellular,11,aug,220,1,-1,0,unknown,no
28,self-employed,married,tertiary,no,0,yes,no,cellular,23,jul,339,4,-1,0,unknown,no
22,admin.,single,tertiary,no,897,yes,no,cellular,4,may,98,4,89,4,success,no
33,blue-collar,single,primary,no,60,yes,no,cellular,14,may,74,1,290,2,failure,no
29,student,single,secondary,no,181,yes,no,cellular,23,jul,180,1,-1,0,unknown,no
58,housemaid,married,tertiary,no,6316,no,no,cellular,21,nov,91,1,-1,0,unknown,no
32,self-employed,single,tertiary,no,-98,no,yes,cellular,21,nov,157,2,-1,0,unknown,no
58,blue-collar,married,secondary,no,602,yes,no,cellular,13,may,201,1,-1,0,unknown,no
45,unemployed,single,primary,no,8725,no,no,cellular,8,jul,286,2,-1,0,unknown,no
33,management,single,tertiary,no,2934,no,no,cellular,30,oct,59,1,-1,0,unknown,no
33,blue-collar,married,secondary,no,64,no,no,unknown,16,may,239,3,-1,0,unknown,no
25,management,single,tertiary,no,89,no,no,cellular,7,sep,274,1,-1,0,unknown,no
29,management,married,tertiary,no,2451,yes,no,unknown,28,may,58,1,-1,0,unknown,no
52,services,married,secondary,no,2257,yes,no,telephone,18,nov,102,2,188,1,failure,no
32,technician,divorced,tertiary,no,75,no,no,cellular,5,may,104,3,256,9,failure,no
29,blue-collar,single,secondary,no,348,yes,no,unknown,9,may,185,2,-1,0,unknown,no
37,technician,divorced,secondary,no,0,yes,no,cellular,11,jul,283,1,-1,0,unknown,no
41,technician,married,secondary,no,871,yes,no,unknown,6,may,145,1,-1,0,unknown,no
44,admin.,married,secondary,no,6,no,yes,cellular,21,jul,114,2,-1,0,unknown,no
58,retired,married,tertiary,no,0,no,no,cellular,21,aug,138,2,-1,0,unknown,no
60,retired,married,secondary,no,3570,no,no,telephone,28,jul,112,2,-1,0,unknown,no
56,blue-collar,married,secondary,no,876,yes,no,telephone,18,may,93,2,-1,0,unknown,no
42,unemployed,divorced,secondary,no,193,yes,no,unknown,26,may,262,1,-1,0,unknown,no
44,management,divorced,tertiary,no,-90,yes,no,cellular,21,jul,472,1,-1,0,unknown,no
49,unemployed,married,primary,no,126,yes,no,cellular,19,nov,184,2,-1,0,unknown,no
32,admin.,single,secondary,no,289,no,no,unknown,15,may,255,12,-1,0,unknown,no
56,retired,divorced,primary,no,48,yes,no,cellular,14,may,132,2,-1,0,unknown,no
29,technician,married,primary,no,95,yes,no,cellular,21,jul,255,1,-1,0,unknown,no
33,technician,divorced,secondary,yes,6,no,no,cellular,22,aug,239,2,-1,0,unknown,no
33,management,single,tertiary,yes,-5,no,no,cellular,18,aug,127,4,-1,0,unknown,no
45,blue-collar,married,secondary,no,0,no,no,cellular,30,jul,25,2,-1,0,unknown,no
58,technician,married,unknown,no,71,yes,no,unknown,5,may,71,1,-1,0,unknown,no
37,admin.,single,secondary,no,1113,yes,no,unknown,9,may,237,1,-1,0,unknown,no
39,technician,married,secondary,no,994,no,no,cellular,5,feb,221,1,241,1,failure,no
38,unemployed,married,primary,no,-363,no,no,unknown,12,jun,340,2,-1,0,unknown,no
37,self-employed,divorced,secondary,no,231,no,no,unknown,6,jun,250,1,-1,0,unknown,no
31,technician,married,secondary,no,17,yes,no,cellular,28,jul,266,3,-1,0,unknown,no
33,technician,married,tertiary,no,326,yes,no,cellular,17,nov,238,1,-1,0,unknown,no
31,blue-collar,married,secondary,no,799,yes,no,cellular,21,jul,181,1,-1,0,unknown,no
33,admin.,single,tertiary,no,280,no,no,cellular,12,nov,189,2,-1,0,unknown,no
36,technician,single,tertiary,no,4644,no,no,cellular,26,aug,29,12,-1,0,unknown,no
35,admin.,single,secondary,no,289,yes,no,cellular,28,jul,48,10,-1,0,unknown,no
52,management,married,tertiary,no,-11,yes,no,cellular,11,may,94,4,-1,0,unknown,no
55,unknown,married,unknown,no,666,no,no,unknown,15,may,73,5,-1,0,unknown,no
45,admin.,married,secondary,no,251,yes,no,cellular,19,aug,102,2,-1,0,unknown,no
50,blue-collar,married,primary,no,8139,yes,no,cellular,18,aug,256,6,-1,0,unknown,no
42,unemployed,married,secondary,no,0,yes,no,unknown,20,jun,158,1,-1,0,unknown,no
34,management,married,secondary,no,333,no,no,cellular,26,aug,90,4,-1,0,unknown,no
33,unemployed,single,tertiary,no,850,no,no,cellular,4,may,324,3,-1,0,unknown,no
46,technician,married,secondary,no,292,no,yes,cellular,28,aug,7,13,-1,0,unknown,no
31,management,married,tertiary,no,1260,no,yes,unknown,21,may,93,1,-1,0,unknown,no
54,services,married,secondary,no,841,yes,no,unknown,8,may,284,4,-1,0,unknown,no
39,management,married,secondary,no,0,yes,no,cellular,27,aug,63,3,-1,0,unknown,no
27,admin.,single,secondary,no,4590,yes,no,cellular,13,aug,75,1,442,2,failure,no
41,admin.,married,secondary,no,239,yes,no,cellular,28,jul,76,12,-1,0,unknown,no
32,services,divorced,secondary,no,453,yes,no,cellular,17,apr,329,1,150,2,failure,no
37,technician,single,tertiary,no,487,no,yes,unknown,4,jul,30,2,-1,0,unknown,no
35,admin.,single,secondary,no,1016,no,yes,cellular,5,feb,418,2,-1,0,unknown,no
30,technician,divorced,tertiary,no,-317,yes,no,unknown,7,may,381,2,-1,0,unknown,no
51,technician,married,secondary,no,-396,yes,no,cellular,29,jul,179,6,-1,0,unknown,no
41,technician,married,unknown,no,254,yes,no,unknown,8,may,690,1,-1,0,unknown,no
34,technician,married,secondary,no,427,no,no,cellular,3,feb,192,1,-1,0,unknown,no
58,retired,married,secondary,no,5435,yes,no,unknown,6,may,118,1,-1,0,unknown,no
28,management,married,tertiary,no,17,yes,no,cellular,11,jul,16,2,-1,0,unknown,no
32,admin.,married,secondary,no,-4,no,no,cellular,8,may,47,5,-1,0,unknown,no
56,retired,married,tertiary,no,839,no,yes,cellular,18,nov,630,1,187,2,other,no
30,technician,married,secondary,no,3123,yes,no,cellular,15,may,49,2,333,5,other,no
27,blue-collar,married,secondary,no,1341,yes,yes,unknown,30,may,254,2,-1,0,unknown,no
37,technician,single,secondary,no,-272,no,yes,cellular,20,nov,104,3,139,6,failure,no
49,blue-collar,married,secondary,no,171,no,no,telephone,5,feb,260,6,-1,0,unknown,no
59,management,married,tertiary,no,123,yes,no,cellular,30,jul,70,6,-1,0,unknown,no
41,blue-collar,married,secondary,no,1334,yes,no,cellular,20,apr,234,5,-1,0,unknown,no
47,unemployed,married,primary,no,3723,no,no,cellular,21,nov,108,1,-1,0,unknown,no
26,blue-collar,single,secondary,no,384,yes,no,cellular,18,may,16,1,364,2,other,no
47,self-employed,married,tertiary,no,751,no,no,cellular,24,jul,408,14,-1,0,unknown,no
43,technician,single,tertiary,no,58,no,no,cellular,22,aug,97,2,-1,0,unknown,no
53,blue-collar,married,secondary,no,66,no,no,unknown,6,jun,360,2,-1,0,unknown,no
36,blue-collar,married,secondary,no,753,yes,no,unknown,12,jun,351,1,-1,0,unknown,no
56,retired,married,secondary,no,0,no,yes,cellular,7,aug,110,4,-1,0,unknown,no
48,blue-collar,married,primary,no,147,no,no,cellular,19,aug,158,8,-1,0,unknown,no
32,housemaid,divorced,secondary,no,-613,yes,no,cellular,15,apr,266,2,-1,0,unknown,no
39,admin.,married,secondary,no,6421,no,yes,unknown,20,may,661,1,-1,0,unknown,no
35,management,married,secondary,no,616,no,yes,cellular,7,aug,92,2,-1,0,unknown,no
46,blue-collar,married,secondary,no,-396,no,yes,cellular,4,aug,115,1,-1,0,unknown,no
32,management,single,tertiary,no,14,no,yes,cellular,21,jul,53,1,-1,0,unknown,no
32,services,married,secondary,no,1844,yes,yes,cellular,3,feb,158,4,201,6,failure,no
40,technician,single,secondary,no,153,no,no,cellular,7,aug,125,2,-1,0,unknown,no
52,technician,married,unknown,no,989,no,no,cellular,5,aug,88,1,-1,0,unknown,no
53,blue-collar,married,secondary,no,143,yes,no,cellular,7,jul,122,5,-1,0,unknown,no
32,blue-collar,married,secondary,no,2549,yes,no,unknown,23,may,246,3,-1,0,unknown,no
23,blue-collar,single,secondary,no,1105,yes,no,cellular,14,may,377,1,-1,0,unknown,no
31,management,single,tertiary,no,33,no,no,cellular,19,aug,158,2,-1,0,unknown,no
47,blue-collar,married,primary,no,1756,yes,no,unknown,16,may,207,1,-1,0,unknown,no
40,unemployed,single,secondary,no,11,yes,no,unknown,6,may,43,1,-1,0,unknown,no
32,admin.,divorced,tertiary,no,-2,yes,no,cellular,6,may,103,3,168,1,failure,no
32,blue-collar,married,primary,no,-105,yes,yes,telephone,31,jul,454,19,-1,0,unknown,no
25,technician,single,secondary,no,886,no,no,cellular,12,aug,121,1,-1,0,unknown,no
36,services,divorced,secondary,no,1594,no,no,unknown,6,jun,250,3,-1,0,unknown,no
45,technician,married,secondary,no,351,yes,no,telephone,29,aug,18,2,-1,0,unknown,no
38,management,married,tertiary,no,0,yes,no,cellular,4,feb,138,1,-1,0,unknown,no
35,blue-collar,married,primary,no,793,yes,no,cellular,17,apr,106,1,-1,0,unknown,no
27,services,single,secondary,no,167,no,yes,cellular,8,jul,606,2,-1,0,unknown,no
36,management,married,tertiary,no,-26,no,no,cellular,17,apr,214,2,-1,0,unknown,no
59,retired,married,secondary,no,1080,no,no,cellular,21,apr,645,2,-1,0,unknown,no
46,technician,divorced,unknown,no,103,no,no,unknown,19,may,158,5,-1,0,unknown,no
28,blue-collar,married,primary,no,5542,yes,no,cellular,16,apr,404,1,-1,0,unknown,no
27,housemaid,married,primary,no,3,yes,yes,cellular,30,jul,64,4,-1,0,unknown,no
36,technician,single,tertiary,no,46,yes,no,cellular,6,aug,459,3,-1,0,unknown,no
37,management,married,secondary,no,859,no,no,cellular,28,aug,246,15,-1,0,unknown,no
25,technician,single,tertiary,no,1693,no,no,cellular,5,jun,96,2,-1,0,unknown,no
42,housemaid,married,primary,no,1371,no,no,unknown,18,jun,125,8,-1,0,unknown,no
60,retired,married,primary,no,8025,no,no,cellular,28,jan,194,1,-1,0,unknown,no
34,services,married,secondary,no,-62,yes,no,unknown,16,jun,109,3,-1,0,unknown,no
55,management,divorced,primary,no,3629,yes,no,unknown,30,may,87,1,-1,0,unknown,no
34,blue-collar,married,secondary,no,223,yes,no,unknown,21,may,91,3,-1,0,unknown,no
42,technician,married,secondary,no,0,yes,no,unknown,14,may,833,1,-1,0,unknown,no
32,blue-collar,married,secondary,no,119,no,no,cellular,4,may,20,5,-1,0,unknown,no
22,student,single,secondary,no,330,yes,no,cellular,18,may,105,1,-1,0,unknown,no
32,services,divorced,secondary,no,453,yes,no,cellular,18,nov,331,2,-1,0,unknown,no
46,admin.,married,secondary,no,44,no,no,cellular,6,aug,175,2,-1,0,unknown,no
30,management,single,tertiary,no,344,no,no,cellular,8,aug,179,3,-1,0,unknown,no
26,technician,single,tertiary,no,291,no,yes,cellular,8,jul,393,1,-1,0,unknown,no
29,blue-collar,single,secondary,no,114,yes,no,cellular,6,may,500,1,-1,0,unknown,no
48,self-employed,married,tertiary,no,929,no,no,cellular,29,jan,223,1,-1,0,unknown,no
59,retired,married,secondary,no,3,no,no,unknown,17,jun,1199,2,-1,0,unknown,no
31,entrepreneur,divorced,tertiary,no,2,no,yes,cellular,7,jul,53,1,-1,0,unknown,no
35,technician,married,secondary,no,2,no,no,telephone,28,jan,653,3,-1,0,unknown,no
43,blue-collar,divorced,primary,no,515,yes,no,cellular,13,apr,199,2,146,1,failure,no
38,services,divorced,secondary,no,5873,no,no,unknown,8,may,191,2,-1,0,unknown,no
52,blue-collar,married,primary,no,4660,no,no,cellular,18,aug,82,3,-1,0,unknown,no
33,management,divorced,tertiary,no,1,yes,no,cellular,5,feb,26,8,267,1,other,no
36,technician,married,secondary,no,483,yes,no,cellular,11,may,179,1,304,2,failure,no
26,student,single,unknown,no,826,no,no,cellular,29,jan,177,1,-1,0,unknown,no
47,technician,divorced,tertiary,no,8422,no,no,cellular,8,aug,200,4,-1,0,unknown,no
36,blue-collar,married,secondary,no,779,yes,no,cellular,14,may,172,1,-1,0,unknown,no
46,technician,married,secondary,no,416,yes,yes,cellular,23,jul,361,3,-1,0,unknown,no
39,services,married,secondary,no,124,yes,no,cellular,31,jul,81,5,-1,0,unknown,no
35,unemployed,single,secondary,no,0,no,no,cellular,31,jul,299,3,-1,0,unknown,no
43,technician,married,secondary,no,7876,yes,no,cellular,11,aug,209,2,-1,0,unknown,no
43,unemployed,married,secondary,no,210,yes,no,unknown,12,may,88,5,-1,0,unknown,no
38,technician,married,secondary,no,414,yes,no,cellular,5,may,147,1,-1,0,unknown,no
30,unemployed,single,tertiary,no,1622,no,no,cellular,19,nov,242,1,-1,0,unknown,no
43,blue-collar,married,secondary,yes,-7,no,no,unknown,8,may,70,1,-1,0,unknown,no
37,blue-collar,married,secondary,no,421,no,yes,unknown,30,may,381,2,-1,0,unknown,no
40,management,married,primary,no,733,yes,no,unknown,6,jun,94,7,-1,0,unknown,no
49,management,divorced,tertiary,no,2564,yes,no,cellular,31,jul,744,8,-1,0,unknown,no
38,management,single,tertiary,no,427,yes,no,cellular,18,nov,253,1,182,1,failure,no
42,blue-collar,married,secondary,no,30,no,no,unknown,8,may,366,2,-1,0,unknown,no
58,services,married,secondary,no,382,no,no,cellular,26,aug,384,4,-1,0,unknown,no
43,technician,divorced,secondary,no,1648,no,no,cellular,17,nov,80,1,-1,0,unknown,no
54,management,single,tertiary,no,2081,no,no,cellular,15,jun,147,1,-1,0,unknown,no
32,services,single,secondary,no,1364,yes,yes,unknown,17,jun,85,5,-1,0,unknown,no
42,unemployed,single,secondary,no,714,no,no,cellular,31,jul,145,4,-1,0,unknown,no
32,services,married,secondary,no,243,yes,yes,unknown,6,may,144,1,-1,0,unknown,no
60,admin.,divorced,secondary,no,4519,no,no,cellular,4,may,136,1,91,1,failure,no
43,blue-collar,married,primary,no,25,yes,no,cellular,19,nov,70,1,-1,0,unknown,no
37,management,married,tertiary,no,489,yes,yes,cellular,20,apr,12,2,-1,0,unknown,no
37,management,divorced,tertiary,no,42,yes,no,unknown,7,may,564,3,-1,0,unknown,no
28,management,married,secondary,no,466,yes,no,cellular,25,may,123,2,-1,0,unknown,no
58,entrepreneur,married,primary,no,1657,no,no,unknown,6,jun,172,2,-1,0,unknown,no
37,management,married,tertiary,no,1170,no,yes,unknown,17,jun,153,3,-1,0,unknown,no
32,services,divorced,secondary,no,4612,yes,no,cellular,24,jul,937,4,-1,0,unknown,no
43,admin.,single,secondary,no,250,yes,no,cellular,4,feb,390,2,-1,0,unknown,no
30,management,single,tertiary,no,409,no,no,cellular,3,feb,31,6,-1,0,unknown,no
45,unemployed,divorced,secondary,no,728,yes,yes,cellular,6,may,156,2,169,1,failure,no
27,self-employed,single,tertiary,no,168,no,no,cellular,13,may,271,1,182,2,success,no
57,technician,married,tertiary,no,0,no,no,cellular,21,aug,242,5,-1,0,unknown,no
51,technician,married,unknown,no,425,yes,no,unknown,19,may,124,3,-1,0,unknown,no
34,management,married,tertiary,no,436,no,yes,cellular,28,jul,118,4,-1,0,unknown,no
32,technician,married,secondary,no,6172,yes,no,cellular,4,feb,93,1,-1,0,unknown,no
36,management,divorced,tertiary,no,276,yes,no,cellular,22,aug,131,2,-1,0,unknown,no
31,blue-collar,married,secondary,no,1358,yes,no,unknown,2,jun,527,1,-1,0,unknown,no
41,technician,married,secondary,no,767,yes,yes,unknown,6,may,204,1,-1,0,unknown,no
26,admin.,single,secondary,no,1375,yes,no,cellular,17,apr,238,2,-1,0,unknown,no
35,housemaid,single,tertiary,no,608,yes,yes,unknown,2,jun,227,1,-1,0,unknown,no
46,management,married,tertiary,no,1217,yes,no,cellular,5,may,83,9,168,2,other,no
27,technician,married,tertiary,no,13,yes,no,telephone,6,feb,24,5,-1,0,unknown,no
31,services,single,tertiary,no,620,no,no,cellular,11,aug,153,1,103,2,failure,no
29,technician,married,secondary,no,1599,yes,no,cellular,8,may,36,1,-1,0,unknown,no
34,technician,divorced,secondary,no,675,no,no,cellular,25,jul,81,2,-1,0,unknown,no
40,entrepreneur,married,primary,no,4674,no,no,unknown,5,jun,160,2,-1,0,unknown,no
28,admin.,single,secondary,no,697,yes,no,cellular,7,may,404,2,-1,0,unknown,no
54,retired,divorced,tertiary,no,349,yes,no,cellular,18,nov,257,1,-1,0,unknown,no
58,housemaid,married,primary,no,0,no,no,unknown,18,jun,37,1,-1,0,unknown,no
35,technician,single,secondary,no,4645,yes,no,cellular,11,jan,502,3,270,40,other,no
40,unemployed,married,tertiary,no,2135,yes,no,unknown,20,jun,95,1,-1,0,unknown,no
50,admin.,married,secondary,no,0,yes,yes,unknown,26,jun,626,2,-1,0,unknown,no
53,management,divorced,tertiary,no,195,yes,no,unknown,29,may,217,1,-1,0,unknown,no
39,blue-collar,married,secondary,no,161,yes,no,cellular,18,may,98,2,-1,0,unknown,no
41,admin.,divorced,tertiary,no,861,yes,no,cellular,31,jul,108,13,-1,0,unknown,no
32,technician,married,secondary,no,106,no,no,cellular,9,feb,12,8,174,9,other,no
32,technician,single,secondary,no,26,no,yes,cellular,25,jul,110,1,-1,0,unknown,no
30,student,single,tertiary,no,300,no,no,cellular,6,feb,38,1,-1,0,unknown,no
39,blue-collar,married,secondary,no,1165,yes,no,cellular,20,apr,354,1,-1,0,unknown,no
47,services,divorced,secondary,no,287,no,no,unknown,20,jun,63,1,-1,0,unknown,no
51,admin.,married,secondary,no,1535,no,no,cellular,12,aug,359,2,-1,0,unknown,no
63,retired,married,secondary,no,2716,no,no,cellular,25,jan,205,1,-1,0,unknown,no
48,technician,married,secondary,no,71,no,no,unknown,20,jun,524,4,-1,0,unknown,no
41,technician,divorced,secondary,no,1631,yes,no,cellular,12,aug,173,2,-1,0,unknown,no
45,blue-collar,married,secondary,no,0,yes,no,unknown,26,may,112,2,-1,0,unknown,no
30,technician,single,tertiary,no,10,no,no,cellular,26,aug,276,8,-1,0,unknown,no
66,retired,single,tertiary,no,0,no,no,cellular,12,oct,79,2,-1,0,unknown,no
41,housemaid,divorced,primary,no,9059,no,no,unknown,6,jun,113,1,-1,0,unknown,no
37,entrepreneur,single,tertiary,no,-274,yes,yes,unknown,27,may,237,2,-1,0,unknown,no
31,services,married,secondary,no,1801,yes,no,telephone,6,feb,136,1,274,2,failure,no
35,services,divorced,secondary,no,-718,yes,no,cellular,21,nov,47,1,-1,0,unknown,no
43,admin.,divorced,tertiary,no,1440,yes,yes,cellular,21,nov,149,1,175,1,failure,no
48,blue-collar,married,secondary,no,917,yes,no,cellular,28,jul,103,5,-1,0,unknown,no
57,retired,married,primary,no,37,no,no,unknown,25,jun,259,2,-1,0,unknown,no
35,technician,married,secondary,no,55,yes,no,unknown,9,may,79,4,-1,0,unknown,no
49,management,married,secondary,no,0,no,no,unknown,9,jun,156,2,-1,0,unknown,no
30,blue-collar,married,secondary,no,5143,yes,yes,unknown,20,may,236,2,-1,0,unknown,no
42,technician,married,tertiary,no,2106,yes,yes,unknown,14,may,162,2,-1,0,unknown,no
42,self-employed,married,tertiary,no,5,yes,no,unknown,13,may,853,1,-1,0,unknown,no
35,admin.,single,secondary,no,-67,no,yes,cellular,21,jul,84,1,-1,0,unknown,no
39,services,married,secondary,no,1438,yes,no,unknown,20,may,212,2,-1,0,unknown,no
51,entrepreneur,married,secondary,yes,-2082,no,yes,cellular,28,jul,123,6,-1,0,unknown,no
45,blue-collar,married,secondary,no,39,no,no,unknown,6,may,241,1,-1,0,unknown,no
38,blue-collar,married,secondary,no,1116,no,no,unknown,9,jun,80,3,-1,0,unknown,no
31,admin.,married,secondary,no,1331,yes,no,cellular,11,may,927,2,-1,0,unknown,no
28,admin.,single,secondary,no,520,yes,no,cellular,15,jun,29,1,-1,0,unknown,no
31,unemployed,single,tertiary,no,133,yes,no,unknown,9,may,480,2,-1,0,unknown,no
46,management,married,tertiary,no,229,yes,no,unknown,5,may,197,1,-1,0,unknown,no
43,management,divorced,tertiary,no,0,yes,no,cellular,21,jul,111,1,-1,0,unknown,no
33,blue-collar,single,primary,no,405,yes,no,cellular,14,may,99,4,353,1,failure,no
38,services,married,unknown,no,4644,yes,no,telephone,18,nov,55,2,-1,0,unknown,no
35,management,married,tertiary,no,376,no,no,cellular,19,nov,223,4,-1,0,unknown,no
48,admin.,single,secondary,no,0,yes,yes,cellular,8,jul,72,1,-1,0,unknown,no
53,housemaid,married,primary,no,5098,yes,no,unknown,6,jun,155,3,-1,0,unknown,no
52,technician,divorced,secondary,no,5102,no,no,cellular,8,aug,117,2,-1,0,unknown,no
33,unemployed,married,tertiary,no,3335,no,no,cellular,15,jun,92,1,301,6,failure,no
42,blue-collar,married,primary,no,1398,no,no,telephone,14,may,36,6,-1,0,unknown,no
33,technician,married,secondary,no,1844,yes,yes,cellular,18,may,380,1,-1,0,unknown,no
46,unemployed,divorced,secondary,no,41,yes,no,unknown,12,may,249,4,-1,0,unknown,no
28,blue-collar,single,secondary,no,339,yes,no,cellular,10,jul,353,1,-1,0,unknown,no
33,admin.,divorced,primary,no,1416,yes,no,unknown,2,jun,239,4,-1,0,unknown,no
61,housemaid,married,tertiary,no,1389,no,no,cellular,8,oct,92,3,183,1,failure,no
54,management,married,tertiary,no,1331,no,no,cellular,25,aug,240,9,-1,0,unknown,no
22,services,single,secondary,no,395,yes,no,unknown,13,may,70,1,-1,0,unknown,no
35,entrepreneur,divorced,secondary,no,-69,yes,no,unknown,5,may,300,1,-1,0,unknown,no
69,housemaid,married,primary,no,1080,no,no,cellular,18,aug,197,2,118,2,failure,no
41,blue-collar,married,secondary,no,2717,yes,yes,cellular,24,jul,559,2,-1,0,unknown,no
32,admin.,single,tertiary,no,1583,yes,no,cellular,19,nov,100,1,182,1,failure,no
37,management,married,tertiary,no,1698,yes,no,unknown,6,jun,95,2,-1,0,unknown,no
32,management,married,tertiary,no,578,no,yes,cellular,22,jul,29,2,-1,0,unknown,no
30,admin.,married,secondary,no,692,yes,no,cellular,11,may,290,1,-1,0,unknown,no
32,housemaid,married,secondary,no,30,yes,no,cellular,17,apr,245,5,-1,0,unknown,no
35,admin.,married,secondary,no,2137,yes,no,unknown,20,may,124,1,-1,0,unknown,no
39,blue-collar,single,secondary,yes,0,yes,yes,cellular,6,feb,14,8,-1,0,unknown,no
30,blue-collar,married,primary,no,124,yes,no,unknown,15,may,126,4,-1,0,unknown,no
26,services,married,secondary,no,549,no,no,unknown,3,jul,149,1,-1,0,unknown,no
48,entrepreneur,married,secondary,no,2247,yes,no,unknown,2,jun,60,9,-1,0,unknown,no
51,blue-collar,married,primary,no,565,yes,yes,cellular,5,may,157,7,250,3,failure,no
58,self-employed,divorced,secondary,no,613,yes,no,unknown,8,may,154,2,-1,0,unknown,no
34,blue-collar,single,secondary,no,68,yes,no,unknown,30,may,192,6,-1,0,unknown,no
24,blue-collar,married,secondary,no,237,yes,no,unknown,12,may,200,2,-1,0,unknown,no
26,blue-collar,married,primary,no,399,yes,no,cellular,22,jul,1288,2,-1,0,unknown,no
31,blue-collar,married,secondary,no,714,yes,no,unknown,23,may,254,1,-1,0,unknown,no
41,services,divorced,secondary,yes,-198,no,yes,unknown,14,may,133,1,-1,0,unknown,no
51,self-employed,divorced,secondary,no,1291,yes,no,unknown,3,jun,51,2,-1,0,unknown,no
37,blue-collar,married,secondary,no,103,yes,no,cellular,12,may,153,1,-1,0,unknown,no
36,management,married,secondary,no,3,no,no,cellular,14,aug,250,2,-1,0,unknown,no
37,blue-collar,single,secondary,no,115,yes,no,unknown,12,may,74,1,-1,0,unknown,no
27,student,single,tertiary,no,24025,no,no,cellular,21,oct,99,1,-1,0,unknown,no
38,services,married,secondary,no,780,yes,no,cellular,13,may,262,1,343,5,failure,no
39,admin.,divorced,tertiary,no,1176,no,no,cellular,22,feb,327,1,-1,0,unknown,no
45,management,married,primary,no,2690,no,no,telephone,29,jul,145,4,-1,0,unknown,no
48,retired,single,primary,no,119,no,yes,cellular,16,jul,177,1,-1,0,unknown,no
27,blue-collar,single,primary,no,409,yes,no,cellular,18,may,276,4,301,2,success,no
35,blue-collar,single,secondary,no,68,yes,no,cellular,12,may,334,1,347,6,failure,no
24,student,single,secondary,no,2726,yes,no,unknown,4,jun,283,1,-1,0,unknown,no
53,management,married,tertiary,no,2578,no,no,cellular,4,aug,958,2,-1,0,unknown,no
28,technician,single,tertiary,no,4513,yes,no,unknown,27,may,167,3,-1,0,unknown,no
58,management,married,tertiary,no,0,no,no,cellular,31,jul,85,4,-1,0,unknown,no
40,admin.,single,secondary,no,-109,yes,yes,unknown,6,may,170,1,-1,0,unknown,no
52,technician,divorced,secondary,no,2816,no,no,unknown,20,jun,492,3,-1,0,unknown,no
42,technician,married,secondary,no,769,no,no,cellular,6,feb,187,2,246,1,failure,no
45,blue-collar,married,primary,no,675,yes,no,cellular,20,apr,890,2,-1,0,unknown,no
30,blue-collar,married,secondary,no,1131,yes,yes,unknown,27,jun,148,5,-1,0,unknown,no
32,blue-collar,married,primary,no,158,yes,no,unknown,16,may,84,4,-1,0,unknown,no
55,admin.,married,secondary,no,865,yes,no,cellular,8,jul,105,1,82,2,failure,no
36,management,married,tertiary,no,618,no,no,cellular,3,feb,280,2,-1,0,unknown,no
58,retired,married,secondary,no,-324,yes,no,cellular,7,may,229,2,-1,0,unknown,no
45,management,married,tertiary,yes,-577,yes,yes,cellular,24,jul,204,1,-1,0,unknown,no
31,self-employed,married,secondary,no,581,yes,no,cellular,13,oct,845,1,152,6,failure,no
46,blue-collar,married,primary,no,642,no,no,unknown,12,jun,110,4,-1,0,unknown,no
31,blue-collar,married,primary,no,81,yes,no,unknown,13,may,245,4,-1,0,unknown,no
50,management,married,unknown,no,8345,no,no,unknown,11,jun,561,1,-1,0,unknown,no
68,retired,married,unknown,no,3701,no,no,telephone,8,jun,149,1,-1,0,unknown,no
31,blue-collar,married,primary,no,55,yes,yes,cellular,17,apr,340,2,-1,0,unknown,no
27,admin.,single,secondary,no,685,yes,no,unknown,6,jun,672,2,-1,0,unknown,no
52,blue-collar,married,secondary,no,2276,no,no,unknown,20,jun,83,3,-1,0,unknown,no
41,management,married,secondary,no,0,no,yes,cellular,7,jul,630,3,-1,0,unknown,no
37,blue-collar,married,primary,no,1222,yes,no,cellular,6,may,206,1,-1,0,unknown,no
27,student,single,secondary,no,980,no,no,cellular,29,jan,503,1,-1,0,unknown,no
27,services,single,secondary,no,243,no,yes,unknown,4,jul,253,1,-1,0,unknown,no
36,blue-collar,married,unknown,no,722,yes,no,unknown,20,may,268,2,-1,0,unknown,no
30,management,married,tertiary,no,1195,no,no,cellular,18,jul,146,2,-1,0,unknown,no
35,admin.,married,secondary,no,788,yes,no,unknown,26,may,223,1,-1,0,unknown,no
46,blue-collar,married,unknown,no,401,yes,no,unknown,6,may,306,2,-1,0,unknown,no
36,blue-collar,married,secondary,no,29,yes,yes,cellular,31,jul,345,1,-1,0,unknown,no
29,services,divorced,secondary,no,161,yes,yes,cellular,12,may,286,5,-1,0,unknown,no
31,management,single,tertiary,no,0,no,no,cellular,26,aug,120,6,-1,0,unknown,no
56,blue-collar,married,primary,no,246,yes,no,unknown,23,may,438,1,-1,0,unknown,no
26,student,single,tertiary,no,5169,yes,no,cellular,20,apr,639,2,-1,0,unknown,no
55,admin.,married,secondary,no,865,yes,no,cellular,17,apr,85,1,151,1,failure,no
36,management,married,tertiary,no,1100,yes,no,cellular,18,nov,93,1,-1,0,unknown,no
40,management,married,tertiary,no,211,yes,no,unknown,30,may,137,3,-1,0,unknown,no
37,technician,married,secondary,no,494,yes,no,cellular,2,feb,247,2,269,3,failure,no
53,admin.,married,secondary,no,1796,no,no,telephone,5,jun,145,1,-1,0,unknown,no
35,services,single,secondary,no,-437,yes,no,unknown,3,jun,43,5,-1,0,unknown,no
45,technician,divorced,secondary,no,976,yes,no,cellular,17,apr,183,1,338,2,failure,no
26,management,single,tertiary,no,2506,no,no,cellular,28,may,210,2,100,1,success,no
38,services,married,secondary,no,611,yes,yes,unknown,18,jun,61,3,-1,0,unknown,no
42,blue-collar,married,secondary,no,165,yes,no,unknown,23,may,333,2,-1,0,unknown,no
44,entrepreneur,married,tertiary,no,468,yes,yes,telephone,15,jul,289,2,-1,0,unknown,no
58,blue-collar,married,primary,no,73,no,no,unknown,17,jun,116,1,-1,0,unknown,no
54,management,divorced,tertiary,no,6410,no,no,cellular,20,nov,101,2,-1,0,unknown,no
30,blue-collar,married,secondary,no,450,no,no,unknown,6,may,526,2,-1,0,unknown,no
30,admin.,married,secondary,no,111,no,yes,cellular,21,nov,86,3,133,1,failure,no
41,admin.,married,secondary,no,67,no,no,cellular,20,apr,185,2,150,2,failure,no
32,blue-collar,single,secondary,no,6337,yes,no,cellular,19,nov,126,2,-1,0,unknown,no
36,technician,married,secondary,no,58,no,no,cellular,3,feb,24,2,-1,0,unknown,no
32,blue-collar,divorced,primary,no,-156,yes,no,cellular,24,jul,129,2,-1,0,unknown,no
49,management,divorced,tertiary,no,108,yes,no,cellular,12,may,288,2,350,2,failure,no
35,blue-collar,single,secondary,no,1688,yes,no,telephone,7,jul,41,4,-1,0,unknown,no
31,services,married,secondary,no,283,yes,no,cellular,19,nov,214,2,-1,0,unknown,no
35,blue-collar,married,secondary,no,0,yes,yes,cellular,21,nov,113,1,-1,0,unknown,no
32,management,married,tertiary,no,71,yes,no,cellular,21,jul,221,8,-1,0,unknown,no
31,admin.,single,secondary,no,-407,no,yes,cellular,7,jul,230,1,-1,0,unknown,no
44,services,married,secondary,no,133,no,no,cellular,29,jan,202,3,-1,0,unknown,no
56,blue-collar,married,primary,no,373,yes,no,unknown,27,may,269,1,-1,0,unknown,no
59,blue-collar,single,primary,no,-86,no,no,cellular,11,jul,16,2,-1,0,unknown,no
29,unemployed,divorced,tertiary,no,1718,yes,no,cellular,18,jul,579,2,-1,0,unknown,no
34,blue-collar,divorced,secondary,no,164,yes,no,unknown,19,may,102,13,-1,0,unknown,no
39,blue-collar,married,primary,no,1551,no,no,unknown,17,jun,264,16,-1,0,unknown,no
39,technician,single,tertiary,no,54,yes,no,cellular,3,apr,204,2,248,12,failure,no
26,management,single,tertiary,no,33,no,no,cellular,23,jul,297,1,-1,0,unknown,no
59,management,single,secondary,no,181,yes,no,unknown,9,may,485,1,-1,0,unknown,no
26,unknown,single,secondary,no,3247,no,no,telephone,6,feb,341,3,-1,0,unknown,no
42,blue-collar,married,secondary,no,9359,yes,no,unknown,15,may,197,1,-1,0,unknown,no
54,housemaid,married,unknown,no,4789,no,no,unknown,11,jun,83,1,-1,0,unknown,no
33,blue-collar,married,primary,no,324,yes,no,cellular,13,may,217,2,-1,0,unknown,no
35,management,married,tertiary,no,1473,yes,no,cellular,20,apr,17,6,322,4,other,no
34,management,single,tertiary,no,1612,no,no,cellular,27,aug,108,22,-1,0,unknown,no
59,blue-collar,single,primary,no,96,yes,no,unknown,9,may,123,1,-1,0,unknown,no
43,services,married,secondary,no,278,yes,no,unknown,26,may,14,20,-1,0,unknown,no
40,blue-collar,married,primary,no,127,yes,no,cellular,17,apr,76,1,-1,0,unknown,no
31,management,married,tertiary,no,2984,no,no,cellular,22,apr,343,5,-1,0,unknown,no
34,student,single,tertiary,no,873,yes,no,cellular,7,aug,267,2,-1,0,unknown,no
51,admin.,married,secondary,no,227,no,no,cellular,5,aug,231,1,-1,0,unknown,no
52,management,married,tertiary,no,-1112,yes,no,cellular,9,jul,94,1,-1,0,unknown,no
29,admin.,single,tertiary,no,-197,no,no,unknown,6,aug,47,1,-1,0,unknown,no
50,blue-collar,married,secondary,no,253,no,no,telephone,28,jan,37,1,-1,0,unknown,no
35,management,single,tertiary,no,550,yes,no,unknown,6,may,55,2,-1,0,unknown,no
34,management,married,tertiary,no,4131,yes,no,unknown,27,may,172,7,-1,0,unknown,no
43,self-employed,married,tertiary,no,3003,no,no,cellular,8,aug,358,3,-1,0,unknown,no
51,admin.,married,secondary,no,-895,yes,no,cellular,20,apr,104,5,-1,0,unknown,no
56,blue-collar,married,secondary,no,2583,no,no,cellular,21,nov,70,1,-1,0,unknown,no
58,blue-collar,married,secondary,no,144,no,yes,cellular,25,jul,71,2,-1,0,unknown,no
34,admin.,married,secondary,no,220,yes,no,unknown,3,jun,65,13,-1,0,unknown,no
35,self-employed,married,secondary,no,1256,yes,no,cellular,22,aug,73,7,-1,0,unknown,no
51,services,married,primary,no,294,no,no,unknown,16,jun,112,2,-1,0,unknown,no
45,blue-collar,married,primary,no,789,no,yes,cellular,29,jan,79,1,-1,0,unknown,no
34,management,single,tertiary,no,1350,yes,no,unknown,21,may,68,1,-1,0,unknown,no
56,unemployed,divorced,tertiary,no,0,yes,no,cellular,30,jul,1259,6,-1,0,unknown,no
29,blue-collar,married,secondary,no,314,yes,yes,cellular,17,apr,357,1,-1,0,unknown,no
33,blue-collar,married,primary,no,681,yes,no,cellular,20,apr,222,1,-1,0,unknown,no
41,management,married,secondary,no,218,yes,no,unknown,16,may,247,1,-1,0,unknown,no
40,services,married,secondary,no,900,yes,yes,cellular,14,jul,84,2,-1,0,unknown,no
26,management,married,tertiary,no,17,no,yes,cellular,11,jul,522,1,-1,0,unknown,no
30,blue-collar,married,secondary,no,514,yes,no,cellular,11,may,102,3,-1,0,unknown,no
24,technician,single,secondary,no,-540,yes,no,cellular,7,may,190,2,-1,0,unknown,no
45,technician,single,unknown,no,1077,yes,no,telephone,31,jul,6,2,-1,0,unknown,no
27,blue-collar,married,secondary,no,6196,yes,no,unknown,4,jun,355,1,-1,0,unknown,no
28,blue-collar,single,secondary,no,438,yes,no,cellular,5,feb,347,2,-1,0,unknown,no
42,management,single,tertiary,no,100,no,no,cellular,7,aug,64,2,-1,0,unknown,no
48,services,single,primary,no,1499,yes,no,cellular,12,may,17,7,-1,0,unknown,no
52,admin.,divorced,tertiary,no,0,yes,yes,cellular,30,jun,122,1,64,1,failure,no
31,blue-collar,married,secondary,no,3364,yes,no,cellular,20,nov,290,1,-1,0,unknown,no
36,blue-collar,married,secondary,no,21,yes,no,unknown,28,may,89,1,-1,0,unknown,no
35,admin.,single,secondary,no,128,no,no,unknown,12,jun,46,1,-1,0,unknown,no
53,technician,divorced,secondary,no,447,yes,yes,cellular,11,jul,108,1,-1,0,unknown,no
38,admin.,married,secondary,no,70,no,yes,unknown,2,jul,199,1,-1,0,unknown,no
32,technician,single,secondary,no,801,yes,no,cellular,17,apr,637,1,-1,0,unknown,no
47,blue-collar,married,tertiary,no,3745,no,no,cellular,7,may,113,1,200,1,failure,no
45,management,married,tertiary,no,1529,no,no,cellular,30,jun,160,1,-1,0,unknown,no
27,technician,single,secondary,no,1,yes,no,unknown,2,jun,261,8,-1,0,unknown,no
28,technician,single,secondary,no,1417,yes,no,unknown,28,may,491,1,-1,0,unknown,no
65,retired,married,secondary,no,3409,no,no,cellular,15,feb,92,2,-1,0,unknown,no
28,unemployed,single,secondary,yes,-353,yes,no,unknown,12,may,89,3,-1,0,unknown,no
30,blue-collar,married,secondary,no,579,yes,yes,unknown,2,jun,381,2,-1,0,unknown,no
42,technician,married,secondary,no,5,no,no,cellular,21,aug,98,2,-1,0,unknown,no
72,retired,married,primary,no,2079,no,no,cellular,13,aug,100,1,191,3,other,no
19,student,single,secondary,no,4,no,no,cellular,3,sep,114,1,-1,0,unknown,no
39,self-employed,divorced,tertiary,no,155,no,no,cellular,19,nov,449,2,-1,0,unknown,no
49,admin.,married,secondary,no,1697,yes,no,cellular,19,nov,236,1,-1,0,unknown,no
55,admin.,married,secondary,no,1105,yes,yes,unknown,15,may,94,1,-1,0,unknown,no
37,blue-collar,married,secondary,no,223,yes,no,cellular,11,may,552,2,301,2,failure,no
26,student,single,secondary,no,0,no,no,cellular,17,aug,237,1,82,2,failure,no
43,housemaid,married,primary,no,1342,yes,yes,unknown,9,may,46,2,-1,0,unknown,no
52,entrepreneur,married,primary,no,2138,no,no,unknown,17,jun,134,1,-1,0,unknown,no
29,blue-collar,married,primary,no,190,no,no,unknown,7,may,51,1,-1,0,unknown,no
49,admin.,married,secondary,no,2116,no,no,cellular,8,aug,109,3,-1,0,unknown,no
47,management,divorced,unknown,no,582,yes,yes,unknown,16,jun,123,2,-1,0,unknown,no
23,student,single,secondary,no,0,no,no,telephone,4,may,526,1,-1,0,unknown,no
46,technician,single,secondary,no,3494,yes,no,unknown,20,jun,87,1,-1,0,unknown,no
34,management,married,tertiary,no,812,no,no,cellular,27,sep,156,2,279,1,failure,no
42,blue-collar,married,secondary,no,250,yes,no,cellular,17,apr,42,3,-1,0,unknown,no
36,management,married,tertiary,no,332,yes,no,cellular,22,may,566,7,-1,0,unknown,no
31,blue-collar,married,secondary,no,2289,yes,yes,cellular,20,apr,79,1,151,1,failure,no
35,management,married,tertiary,no,249,yes,no,cellular,6,aug,127,2,-1,0,unknown,no
57,admin.,single,secondary,no,738,no,no,cellular,4,may,490,3,168,1,failure,no
35,services,married,secondary,no,70,yes,yes,cellular,8,may,197,1,350,4,failure,no
47,unemployed,married,primary,no,122,no,yes,unknown,5,jun,240,3,-1,0,unknown,no
46,management,married,tertiary,no,0,no,no,cellular,26,may,401,1,-1,0,unknown,no
61,housemaid,married,primary,no,182,no,no,cellular,9,nov,335,1,92,13,failure,no
39,blue-collar,married,secondary,no,39,yes,no,unknown,18,jun,34,6,-1,0,unknown,no
33,unemployed,married,tertiary,no,3335,no,no,cellular,18,aug,98,6,-1,0,unknown,no
40,admin.,single,secondary,no,419,no,yes,cellular,28,jul,100,16,-1,0,unknown,no
34,admin.,married,secondary,no,256,no,no,unknown,27,may,388,2,-1,0,unknown,no
46,admin.,divorced,tertiary,no,3749,yes,no,unknown,13,may,69,19,-1,0,unknown,no
32,blue-collar,single,secondary,no,-83,yes,no,unknown,9,may,116,3,-1,0,unknown,no
50,management,divorced,tertiary,no,2564,yes,no,cellular,21,nov,124,4,113,8,failure,no
35,management,married,tertiary,no,178,no,no,cellular,14,aug,76,2,-1,0,unknown,no
33,blue-collar,married,primary,yes,-744,yes,no,unknown,8,may,206,1,-1,0,unknown,no
55,services,single,secondary,no,987,no,no,cellular,18,aug,63,4,-1,0,unknown,no
58,self-employed,married,tertiary,no,6237,yes,no,cellular,20,nov,88,2,-1,0,unknown,no
56,admin.,married,secondary,no,382,no,no,cellular,20,apr,275,1,-1,0,unknown,no
35,management,married,tertiary,no,94,yes,no,unknown,17,nov,108,1,-1,0,unknown,no
42,blue-collar,divorced,secondary,no,685,yes,no,unknown,30,may,204,4,-1,0,unknown,no
33,management,single,tertiary,no,8514,no,no,cellular,16,oct,165,1,57,1,failure,no
50,blue-collar,married,secondary,no,3988,no,no,unknown,30,jun,165,4,-1,0,unknown,no
24,services,married,tertiary,no,0,yes,no,unknown,27,may,299,1,-1,0,unknown,no
28,blue-collar,single,secondary,no,369,yes,no,unknown,23,may,411,3,-1,0,unknown,no
34,blue-collar,married,secondary,no,563,no,yes,cellular,5,feb,384,1,2,2,failure,no
27,blue-collar,married,secondary,no,245,yes,no,cellular,7,may,121,1,344,2,failure,no
43,blue-collar,single,primary,no,189,no,yes,telephone,22,jul,97,15,-1,0,unknown,no
57,admin.,married,secondary,no,2518,yes,no,cellular,11,jul,82,2,-1,0,unknown,no
34,management,single,tertiary,no,-2,no,no,cellular,27,aug,57,6,-1,0,unknown,no
37,self-employed,divorced,tertiary,no,601,yes,no,unknown,30,may,422,1,-1,0,unknown,no
33,blue-collar,married,secondary,no,7063,yes,no,unknown,28,may,116,9,-1,0,unknown,no
32,admin.,single,secondary,no,457,no,no,cellular,26,jul,109,3,455,2,failure,no
79,retired,married,secondary,no,723,no,no,telephone,22,jun,295,3,-1,0,unknown,no
27,management,married,tertiary,no,145,no,no,cellular,29,jan,103,1,-1,0,unknown,no
37,admin.,single,secondary,no,310,no,yes,cellular,6,feb,179,1,-1,0,unknown,no
33,admin.,single,secondary,no,-15,no,no,telephone,12,may,326,3,350,2,failure,no
39,blue-collar,married,primary,no,2133,yes,yes,unknown,16,may,179,1,-1,0,unknown,no
35,technician,married,secondary,no,15474,no,no,cellular,21,nov,89,1,92,2,other,no
53,technician,single,primary,no,481,no,no,cellular,18,nov,399,1,-1,0,unknown,no
46,technician,married,tertiary,no,675,yes,no,unknown,8,may,50,1,-1,0,unknown,no
46,unknown,married,tertiary,no,5837,no,no,unknown,17,jun,71,1,-1,0,unknown,no
40,blue-collar,single,secondary,no,0,yes,no,unknown,27,may,59,4,-1,0,unknown,no
33,management,married,tertiary,no,862,yes,no,cellular,8,aug,166,3,-1,0,unknown,no
44,entrepreneur,married,secondary,no,93,no,no,cellular,7,jul,125,2,-1,0,unknown,no
42,blue-collar,married,secondary,no,-628,yes,yes,unknown,15,may,251,1,-1,0,unknown,no
33,management,single,tertiary,no,7114,yes,no,cellular,5,feb,271,2,233,3,other,no
22,technician,single,secondary,no,890,yes,no,cellular,20,apr,294,2,-1,0,unknown,no
40,services,married,secondary,no,191,yes,no,cellular,18,may,201,2,293,6,other,no
44,technician,married,secondary,no,7863,no,no,cellular,26,aug,59,6,-1,0,unknown,no
27,unemployed,single,secondary,no,259,yes,no,cellular,18,may,12,2,-1,0,unknown,no
39,blue-collar,married,secondary,no,98,no,no,cellular,31,jul,119,1,-1,0,unknown,no
49,technician,married,secondary,no,597,yes,yes,cellular,7,aug,154,2,-1,0,unknown,no
39,blue-collar,divorced,secondary,no,2601,no,no,unknown,9,jun,70,1,-1,0,unknown,no
43,technician,married,secondary,no,310,yes,no,unknown,29,may,291,1,-1,0,unknown,no
40,admin.,single,secondary,no,664,no,no,cellular,19,nov,188,2,121,2,success,no
37,admin.,divorced,secondary,no,796,no,no,unknown,19,jun,104,1,-1,0,unknown,no
31,blue-collar,single,secondary,yes,-535,yes,no,cellular,25,jul,163,1,-1,0,unknown,no
32,technician,married,tertiary,no,15,no,no,cellular,14,may,226,1,346,1,failure,no
40,blue-collar,married,secondary,no,498,yes,no,cellular,8,may,55,2,298,4,failure,no
41,management,single,tertiary,no,8368,no,no,unknown,11,jun,179,1,-1,0,unknown,no
35,management,single,tertiary,no,560,yes,no,unknown,6,may,181,1,-1,0,unknown,no
48,admin.,married,secondary,no,844,no,no,cellular,28,aug,12,21,-1,0,unknown,no
44,unemployed,single,tertiary,no,7822,yes,no,telephone,2,feb,20,1,-1,0,unknown,no
50,technician,married,tertiary,no,11804,yes,no,unknown,30,may,83,1,-1,0,unknown,no
42,technician,single,secondary,no,631,no,no,telephone,22,jul,171,2,413,3,failure,no
32,blue-collar,divorced,secondary,no,0,no,no,telephone,9,jul,49,1,-1,0,unknown,no
56,blue-collar,married,secondary,no,25,yes,no,unknown,19,may,264,1,-1,0,unknown,no
40,management,married,tertiary,no,315,no,no,cellular,19,nov,321,1,-1,0,unknown,no
30,admin.,single,secondary,no,211,no,no,cellular,10,jul,473,1,-1,0,unknown,no
33,management,single,tertiary,no,437,yes,no,cellular,20,apr,199,2,150,5,failure,no
30,technician,single,secondary,no,893,no,no,cellular,26,aug,45,3,-1,0,unknown,no
46,admin.,married,secondary,no,0,yes,yes,cellular,20,apr,239,2,259,2,failure,no
47,technician,single,unknown,no,77,yes,no,unknown,9,may,83,4,-1,0,unknown,no
36,management,single,tertiary,no,832,yes,no,cellular,20,apr,237,2,-1,0,unknown,no
63,technician,married,secondary,no,896,yes,no,cellular,28,jan,115,3,91,4,other,no
45,blue-collar,married,secondary,no,103,no,no,unknown,18,jun,48,1,-1,0,unknown,no
49,blue-collar,married,primary,no,1050,yes,no,unknown,18,jun,84,5,-1,0,unknown,no
48,management,married,tertiary,no,-1232,yes,no,unknown,6,jun,183,1,-1,0,unknown,no
55,housemaid,married,primary,no,1642,no,no,cellular,13,aug,295,2,-1,0,unknown,no
55,services,married,secondary,no,1989,no,no,cellular,28,apr,139,2,-1,0,unknown,no
52,blue-collar,married,primary,no,994,no,no,cellular,22,aug,109,2,-1,0,unknown,no
52,blue-collar,single,unknown,no,905,yes,no,unknown,30,may,170,4,-1,0,unknown,no
34,management,single,tertiary,no,125,yes,yes,unknown,5,jun,18,31,-1,0,unknown,no
54,management,married,unknown,no,831,yes,yes,telephone,19,oct,208,3,109,3,failure,no
42,management,divorced,tertiary,no,245,no,no,cellular,14,aug,103,2,-1,0,unknown,no
40,technician,married,tertiary,no,483,yes,no,unknown,5,may,168,1,-1,0,unknown,no
44,technician,married,secondary,no,65,no,no,telephone,28,aug,53,11,-1,0,unknown,no
32,management,single,tertiary,no,537,no,no,unknown,29,may,187,3,-1,0,unknown,no
30,technician,single,secondary,no,853,no,no,cellular,3,jun,343,1,-1,0,unknown,no
27,blue-collar,single,secondary,no,20,yes,no,cellular,15,may,175,1,364,3,other,no
30,blue-collar,married,secondary,no,8,yes,no,cellular,19,nov,473,1,-1,0,unknown,no
53,entrepreneur,married,tertiary,no,17410,no,no,cellular,31,jul,59,6,-1,0,unknown,no
34,management,married,tertiary,no,3064,yes,no,cellular,17,jul,324,1,-1,0,unknown,no
34,admin.,single,secondary,no,2677,yes,no,cellular,20,nov,259,1,-1,0,unknown,no
33,blue-collar,married,primary,no,331,yes,no,unknown,30,may,139,3,-1,0,unknown,no
54,admin.,married,unknown,no,140,no,no,telephone,27,oct,521,2,-1,0,unknown,no
49,management,married,secondary,no,0,no,no,cellular,12,aug,138,2,-1,0,unknown,no
49,self-employed,married,secondary,no,289,yes,no,cellular,2,feb,243,1,-1,0,unknown,no
39,blue-collar,married,primary,no,477,yes,yes,cellular,21,nov,229,2,-1,0,unknown,no
26,blue-collar,single,secondary,no,428,no,yes,cellular,7,jul,575,1,-1,0,unknown,no
32,self-employed,single,tertiary,no,-359,yes,no,cellular,9,feb,122,3,-1,0,unknown,no
24,admin.,single,secondary,no,-507,yes,no,unknown,27,may,446,1,-1,0,unknown,no
31,technician,single,secondary,no,4028,no,yes,cellular,25,aug,139,5,-1,0,unknown,no
46,services,married,secondary,no,1381,yes,no,cellular,22,may,115,3,379,1,failure,no
37,blue-collar,married,secondary,no,6,yes,no,cellular,12,may,136,2,-1,0,unknown,no
65,retired,divorced,unknown,no,300,no,no,cellular,2,aug,245,2,-1,0,unknown,no
41,blue-collar,married,primary,no,183,yes,yes,unknown,5,may,110,2,-1,0,unknown,no
58,housemaid,divorced,primary,no,3858,no,no,telephone,29,jul,53,6,-1,0,unknown,no
36,self-employed,married,tertiary,no,19,no,no,unknown,5,may,189,2,-1,0,unknown,no
57,technician,married,secondary,no,2550,no,no,cellular,29,jan,73,2,-1,0,unknown,no
31,technician,married,tertiary,no,22,no,no,cellular,22,aug,122,5,-1,0,unknown,no
46,unemployed,single,tertiary,no,705,no,no,cellular,4,feb,398,1,-1,0,unknown,no
37,blue-collar,married,primary,no,351,no,no,unknown,9,jun,108,1,-1,0,unknown,no
40,blue-collar,married,secondary,no,5,no,no,cellular,26,mar,86,2,-1,0,unknown,no
55,housemaid,married,primary,no,211,no,no,cellular,18,aug,111,3,-1,0,unknown,no
36,services,single,tertiary,no,72,yes,no,unknown,8,may,80,1,-1,0,unknown,no
51,blue-collar,divorced,primary,no,0,yes,no,cellular,21,jul,322,2,-1,0,unknown,no
49,admin.,married,secondary,no,1629,no,no,cellular,31,jul,57,2,-1,0,unknown,no
33,management,married,primary,no,262,yes,no,cellular,14,may,386,3,-1,0,unknown,no
24,blue-collar,married,secondary,no,1470,yes,no,cellular,12,may,212,1,-1,0,unknown,no
41,entrepreneur,married,secondary,no,2480,yes,no,unknown,11,jun,394,2,-1,0,unknown,no
53,unknown,divorced,tertiary,no,2272,yes,no,unknown,14,may,243,1,-1,0,unknown,no
59,blue-collar,married,secondary,no,410,yes,no,cellular,2,feb,136,1,-1,0,unknown,no
40,management,married,tertiary,no,143,no,no,cellular,13,aug,832,6,-1,0,unknown,no
41,services,divorced,secondary,no,-170,yes,no,cellular,8,may,125,1,-1,0,unknown,no
31,services,single,secondary,no,0,yes,no,cellular,20,apr,400,1,-1,0,unknown,no
37,unemployed,married,primary,no,236,yes,no,cellular,4,feb,101,1,-1,0,unknown,no
34,technician,married,secondary,no,222,yes,no,unknown,12,may,149,6,-1,0,unknown,no
34,management,married,tertiary,no,396,no,yes,cellular,19,aug,166,3,-1,0,unknown,no
28,technician,married,tertiary,no,858,yes,no,cellular,17,jul,602,1,-1,0,unknown,no
55,housemaid,married,primary,no,136,yes,no,unknown,19,jun,15,10,-1,0,unknown,no
32,unemployed,married,tertiary,no,1364,no,no,cellular,11,aug,104,4,-1,0,unknown,no
31,unemployed,single,tertiary,no,498,no,no,cellular,29,jan,264,2,-1,0,unknown,no
34,blue-collar,single,secondary,no,558,yes,no,unknown,21,may,43,1,-1,0,unknown,no
36,services,single,secondary,no,165,yes,no,cellular,18,may,182,2,-1,0,unknown,no
50,management,married,tertiary,no,4278,no,no,cellular,17,nov,53,1,-1,0,unknown,no
60,technician,married,secondary,no,2041,no,no,telephone,28,jul,108,7,-1,0,unknown,no
47,blue-collar,divorced,primary,no,556,yes,no,unknown,14,may,227,4,-1,0,unknown,no
41,blue-collar,married,primary,no,1256,no,no,cellular,31,jul,74,2,-1,0,unknown,no
55,management,married,primary,no,338,yes,no,cellular,14,may,8,4,300,5,failure,no
28,technician,single,secondary,no,1363,no,no,cellular,9,jun,431,3,102,1,success,no
46,blue-collar,married,tertiary,no,1497,yes,no,unknown,19,may,374,6,-1,0,unknown,no
31,services,married,secondary,no,395,no,no,cellular,25,jul,174,3,-1,0,unknown,no
38,technician,married,secondary,no,381,yes,no,unknown,29,may,126,2,-1,0,unknown,no
28,management,married,tertiary,no,3516,no,no,cellular,17,jul,232,1,-1,0,unknown,no
31,management,married,tertiary,no,4924,yes,no,cellular,19,nov,316,1,182,2,failure,no
47,technician,married,secondary,no,-54,yes,no,cellular,16,apr,172,2,-1,0,unknown,no
47,blue-collar,married,primary,no,0,no,no,cellular,21,jul,71,1,-1,0,unknown,no
32,technician,single,secondary,no,7558,yes,no,cellular,19,nov,581,2,-1,0,unknown,no
45,blue-collar,married,secondary,no,863,yes,no,cellular,14,apr,565,2,-1,0,unknown,no
54,housemaid,married,primary,no,3151,no,no,unknown,18,jun,350,7,-1,0,unknown,no
39,management,single,tertiary,no,968,yes,no,cellular,7,may,59,1,258,6,failure,no
37,blue-collar,single,secondary,no,197,yes,no,unknown,16,may,251,3,-1,0,unknown,no
49,technician,single,secondary,no,-97,yes,no,unknown,6,jun,92,2,-1,0,unknown,no
42,blue-collar,married,primary,no,271,yes,no,unknown,8,may,84,4,-1,0,unknown,no
32,blue-collar,single,secondary,no,75,yes,no,cellular,15,may,127,1,-1,0,unknown,no
30,technician,married,secondary,no,2326,no,no,cellular,22,jun,67,1,108,1,success,no
40,management,married,tertiary,no,2471,yes,yes,cellular,23,jul,206,1,-1,0,unknown,no
47,technician,married,secondary,no,2283,yes,no,cellular,21,nov,170,2,-1,0,unknown,no
47,management,married,tertiary,no,2475,yes,no,cellular,20,nov,1476,4,-1,0,unknown,no
30,services,married,tertiary,no,523,yes,no,unknown,23,may,253,2,-1,0,unknown,no
30,technician,single,secondary,no,5,no,no,cellular,19,aug,120,6,-1,0,unknown,no
63,retired,married,secondary,no,2747,no,no,cellular,11,sep,113,1,80,1,failure,no
30,admin.,single,tertiary,no,726,no,no,cellular,29,jan,103,1,-1,0,unknown,no
37,services,married,secondary,no,2132,no,no,unknown,5,jun,232,1,-1,0,unknown,no
32,management,married,tertiary,no,4,no,no,cellular,22,aug,195,4,-1,0,unknown,no
42,management,married,tertiary,no,0,yes,no,cellular,9,jul,98,1,-1,0,unknown,no
27,management,single,tertiary,no,321,yes,no,cellular,13,may,173,2,307,1,other,no
54,self-employed,married,unknown,no,204,no,no,cellular,27,aug,231,5,-1,0,unknown,no
55,blue-collar,married,primary,no,137,no,no,telephone,8,jul,377,1,-1,0,unknown,no
43,blue-collar,divorced,primary,no,-97,yes,yes,cellular,31,jul,747,4,-1,0,unknown,no
43,management,married,tertiary,no,422,no,no,cellular,12,aug,110,1,-1,0,unknown,no
36,services,married,tertiary,no,45,no,no,cellular,19,nov,52,3,-1,0,unknown,no
45,services,married,secondary,no,567,yes,no,telephone,14,aug,234,3,-1,0,unknown,no
51,blue-collar,divorced,primary,no,57,yes,yes,cellular,7,may,355,1,-1,0,unknown,no
48,services,married,secondary,no,300,no,yes,cellular,16,jul,52,8,-1,0,unknown,no
37,admin.,married,secondary,no,-356,no,yes,unknown,9,may,49,1,-1,0,unknown,no
48,housemaid,divorced,primary,no,2582,no,no,unknown,18,jun,51,4,-1,0,unknown,no
49,technician,married,secondary,no,0,yes,no,cellular,7,may,190,1,276,1,other,no
28,blue-collar,married,secondary,no,1021,yes,no,cellular,20,apr,774,2,326,1,other,no
55,management,married,tertiary,no,685,yes,no,unknown,5,may,174,3,-1,0,unknown,no
34,blue-collar,married,secondary,no,261,yes,no,cellular,3,feb,88,5,251,3,failure,no
43,housemaid,married,primary,no,18,yes,yes,unknown,15,may,192,3,-1,0,unknown,no
43,blue-collar,married,unknown,yes,-715,yes,no,unknown,30,may,67,3,-1,0,unknown,no
29,blue-collar,married,primary,no,0,yes,no,unknown,13,may,53,1,-1,0,unknown,no
33,housemaid,married,primary,no,4136,yes,no,cellular,20,apr,178,5,-1,0,unknown,no
48,blue-collar,divorced,primary,no,0,no,no,cellular,11,jul,324,2,-1,0,unknown,no
25,admin.,single,tertiary,no,1734,no,no,cellular,19,oct,366,1,-1,0,unknown,no
33,services,divorced,secondary,no,437,yes,no,cellular,15,jul,184,2,-1,0,unknown,no
55,admin.,married,tertiary,no,59,yes,no,cellular,11,may,51,1,305,1,failure,no
39,management,married,tertiary,no,45,no,no,cellular,28,aug,148,4,-1,0,unknown,no
40,services,married,secondary,no,376,yes,yes,unknown,11,jun,268,2,-1,0,unknown,no
54,unemployed,married,tertiary,no,0,no,yes,unknown,3,jul,188,1,-1,0,unknown,no
41,self-employed,single,tertiary,no,0,no,no,cellular,7,aug,408,1,-1,0,unknown,no
38,housemaid,divorced,secondary,no,216,no,no,cellular,7,jul,97,3,-1,0,unknown,no
30,technician,single,tertiary,no,987,no,no,cellular,9,apr,98,6,-1,0,unknown,no
32,services,single,primary,no,1806,no,yes,cellular,21,jul,126,4,-1,0,unknown,no
29,admin.,married,secondary,no,396,yes,no,unknown,30,may,205,2,-1,0,unknown,no
32,blue-collar,single,secondary,no,1036,yes,yes,unknown,30,may,62,2,-1,0,unknown,no
35,blue-collar,single,secondary,no,11671,no,no,unknown,6,jun,190,1,-1,0,unknown,no
40,technician,married,tertiary,no,397,no,no,unknown,18,jun,50,1,-1,0,unknown,no
43,management,divorced,tertiary,no,38,yes,no,cellular,25,jul,197,6,-1,0,unknown,no
31,technician,single,tertiary,no,645,yes,no,cellular,6,may,14,6,-1,0,unknown,no
28,entrepreneur,married,secondary,no,8,yes,no,unknown,27,may,1297,1,-1,0,unknown,no
56,blue-collar,married,primary,no,-85,yes,yes,unknown,26,may,118,1,-1,0,unknown,no
26,blue-collar,single,secondary,no,-5,no,no,unknown,19,may,260,1,-1,0,unknown,no
54,admin.,divorced,secondary,no,0,yes,yes,cellular,4,feb,330,1,182,3,success,no
25,student,single,tertiary,no,0,yes,no,cellular,7,may,178,1,-1,0,unknown,no
35,blue-collar,married,secondary,no,-100,yes,no,telephone,9,feb,13,7,272,9,failure,no
39,admin.,single,secondary,no,238,yes,no,cellular,15,apr,417,1,-1,0,unknown,no
57,retired,married,tertiary,no,815,no,no,cellular,8,aug,385,2,-1,0,unknown,no
34,management,married,tertiary,no,395,yes,no,cellular,19,nov,202,2,-1,0,unknown,no
46,entrepreneur,married,unknown,no,676,yes,yes,unknown,15,may,106,3,-1,0,unknown,no
29,management,single,tertiary,no,2907,yes,no,cellular,26,may,150,1,-1,0,unknown,no
26,technician,married,secondary,no,415,no,no,cellular,24,jul,92,2,-1,0,unknown,no
33,admin.,married,secondary,no,519,yes,no,telephone,6,may,175,1,-1,0,unknown,no
42,blue-collar,married,secondary,no,505,yes,no,cellular,15,may,117,1,-1,0,unknown,no
51,admin.,married,secondary,no,884,no,no,unknown,19,jun,50,1,-1,0,unknown,no
44,blue-collar,married,primary,no,148,yes,no,unknown,6,may,211,1,-1,0,unknown,no
29,services,divorced,secondary,no,92,yes,no,cellular,7,may,240,1,-1,0,unknown,no
45,blue-collar,married,primary,no,2958,yes,no,cellular,16,apr,580,1,317,2,failure,no
35,blue-collar,married,secondary,no,592,yes,no,unknown,21,may,74,1,-1,0,unknown,no
38,technician,single,secondary,no,50,no,no,cellular,29,aug,98,2,-1,0,unknown,no
32,services,married,secondary,no,207,yes,no,unknown,23,may,360,1,-1,0,unknown,no
32,management,single,tertiary,no,1169,yes,no,unknown,21,may,322,2,-1,0,unknown,no
53,technician,married,secondary,no,230,no,yes,cellular,13,aug,112,2,-1,0,unknown,no
53,blue-collar,single,unknown,no,160,yes,no,cellular,7,may,589,2,-1,0,unknown,no
53,entrepreneur,married,unknown,no,28,no,no,cellular,31,jul,117,2,-1,0,unknown,no
35,self-employed,single,tertiary,no,4294,no,no,unknown,26,jun,529,4,-1,0,unknown,no
32,admin.,single,tertiary,no,594,yes,no,unknown,13,may,134,2,-1,0,unknown,no
51,admin.,married,secondary,no,1415,yes,no,unknown,2,jun,151,3,-1,0,unknown,no
26,technician,single,secondary,no,75,yes,no,unknown,27,may,337,2,-1,0,unknown,no
45,blue-collar,married,secondary,no,90,yes,no,unknown,29,may,744,6,-1,0,unknown,no
51,blue-collar,divorced,secondary,no,113,no,no,cellular,15,may,71,3,-1,0,unknown,no
34,management,married,tertiary,no,1433,no,no,cellular,8,aug,170,3,-1,0,unknown,no
58,admin.,single,secondary,no,2223,no,no,cellular,4,dec,1139,2,114,1,success,no
32,blue-collar,married,primary,no,233,yes,no,cellular,15,may,391,2,-1,0,unknown,no
45,admin.,married,secondary,no,597,yes,yes,cellular,18,nov,188,2,-1,0,unknown,no
32,blue-collar,divorced,secondary,no,880,yes,yes,unknown,4,jun,112,1,-1,0,unknown,no
30,technician,single,secondary,no,9645,no,yes,cellular,26,aug,130,10,-1,0,unknown,no
39,management,married,tertiary,no,0,yes,no,cellular,11,may,112,1,-1,0,unknown,no
31,blue-collar,single,secondary,no,770,yes,no,cellular,16,apr,178,1,-1,0,unknown,no
49,services,married,secondary,no,314,no,no,cellular,20,aug,30,2,-1,0,unknown,no
54,admin.,married,secondary,no,4943,no,no,cellular,12,aug,145,11,-1,0,unknown,no
49,retired,single,primary,no,25824,no,no,unknown,17,jun,94,1,-1,0,unknown,no
57,technician,married,unknown,no,206,yes,no,unknown,5,may,216,3,-1,0,unknown,no
47,entrepreneur,married,secondary,no,1375,yes,no,telephone,16,apr,272,2,321,7,failure,no
38,management,married,tertiary,no,465,yes,yes,cellular,15,jul,156,4,-1,0,unknown,no
31,management,single,tertiary,no,0,yes,no,cellular,7,may,45,1,22,2,failure,no
33,services,single,tertiary,no,-104,no,yes,cellular,14,jul,231,2,-1,0,unknown,no
37,services,single,secondary,no,54,yes,no,cellular,10,jul,118,1,-1,0,unknown,no
46,housemaid,married,primary,no,1175,no,no,cellular,7,aug,181,2,-1,0,unknown,no
28,management,married,tertiary,no,22,yes,no,cellular,31,jul,59,3,-1,0,unknown,no
37,management,married,tertiary,no,566,no,no,cellular,25,aug,463,4,-1,0,unknown,no
41,management,married,secondary,no,0,no,no,cellular,21,nov,624,1,-1,0,unknown,no
47,technician,married,secondary,no,-107,no,no,cellular,8,jul,236,2,-1,0,unknown,no
50,self-employed,divorced,secondary,no,985,yes,yes,telephone,21,nov,167,1,-1,0,unknown,no
26,student,single,unknown,no,2020,no,no,telephone,28,jan,42,3,-1,0,unknown,no
39,management,married,tertiary,no,1241,yes,no,cellular,5,jun,138,2,-1,0,unknown,no
50,management,married,tertiary,no,2629,yes,no,telephone,15,jul,59,4,-1,0,unknown,no
41,entrepreneur,married,primary,no,0,yes,yes,cellular,18,nov,311,1,-1,0,unknown,no
32,management,married,tertiary,no,1544,yes,no,cellular,7,may,265,1,-1,0,unknown,no
42,management,married,secondary,no,1042,yes,no,cellular,11,may,465,1,364,3,other,no
38,entrepreneur,married,secondary,no,680,yes,no,unknown,19,may,144,2,-1,0,unknown,no
29,admin.,single,secondary,no,2768,yes,no,cellular,29,jan,69,1,241,4,failure,no
35,blue-collar,single,primary,no,398,yes,no,unknown,8,may,34,1,-1,0,unknown,no
56,services,married,secondary,no,144,no,no,cellular,6,aug,184,2,-1,0,unknown,no
45,services,married,secondary,no,3638,yes,yes,unknown,3,jun,313,7,-1,0,unknown,no
41,blue-collar,married,primary,no,1820,yes,no,telephone,21,nov,25,3,-1,0,unknown,no
40,housemaid,divorced,secondary,no,4328,no,no,cellular,20,aug,133,2,-1,0,unknown,no
43,blue-collar,married,secondary,no,0,yes,yes,unknown,29,may,242,1,-1,0,unknown,no
41,blue-collar,married,primary,no,96,yes,yes,cellular,17,apr,165,3,-1,0,unknown,no
52,services,married,secondary,no,660,no,no,unknown,6,may,201,2,-1,0,unknown,no
46,services,married,secondary,no,74,yes,no,unknown,15,may,101,4,-1,0,unknown,no
49,self-employed,divorced,tertiary,no,3293,no,no,cellular,8,mar,111,3,585,6,other,no
36,student,single,secondary,no,624,no,no,cellular,5,feb,518,2,8,1,other,no
53,admin.,divorced,secondary,no,-394,yes,no,unknown,15,may,599,2,-1,0,unknown,no
47,unemployed,married,secondary,no,1108,no,no,cellular,8,aug,169,2,-1,0,unknown,no
49,blue-collar,married,primary,no,1,no,yes,cellular,5,feb,98,1,210,1,other,no
50,admin.,married,secondary,no,0,no,no,cellular,4,aug,86,4,-1,0,unknown,no
40,technician,single,tertiary,no,39,no,no,cellular,5,aug,130,2,-1,0,unknown,no
36,blue-collar,married,secondary,no,1949,yes,no,cellular,17,apr,48,2,319,3,failure,no
37,services,married,secondary,no,0,no,no,unknown,20,jun,12,14,-1,0,unknown,no
48,housemaid,married,secondary,no,3570,no,no,cellular,5,jun,58,2,-1,0,unknown,no
36,blue-collar,married,secondary,no,1409,no,no,unknown,17,jun,235,2,-1,0,unknown,no
34,management,married,tertiary,no,1310,no,no,telephone,30,jan,521,3,158,7,other,no
73,retired,married,primary,no,542,no,no,telephone,29,apr,107,5,-1,0,unknown,no
36,technician,married,secondary,no,146,yes,yes,unknown,15,may,284,2,-1,0,unknown,no
75,retired,divorced,primary,no,18,no,no,cellular,24,apr,222,4,-1,0,unknown,no
40,blue-collar,married,secondary,no,632,no,no,cellular,5,feb,611,2,-1,0,unknown,no
77,retired,married,primary,no,680,no,no,telephone,25,aug,103,3,-1,0,unknown,no
35,blue-collar,married,secondary,no,876,yes,no,cellular,20,apr,318,1,-1,0,unknown,no
55,management,married,tertiary,no,171,yes,no,cellular,8,aug,73,6,-1,0,unknown,no
35,blue-collar,married,primary,no,767,yes,no,unknown,16,may,1408,2,-1,0,unknown,no
32,management,single,tertiary,yes,-3,yes,no,unknown,13,may,500,2,-1,0,unknown,no
39,blue-collar,married,secondary,yes,-931,yes,no,unknown,28,may,92,5,-1,0,unknown,no
35,technician,married,secondary,no,688,no,no,cellular,14,aug,137,2,-1,0,unknown,no
40,entrepreneur,divorced,unknown,no,2418,yes,yes,unknown,2,jun,181,16,-1,0,unknown,no
34,technician,married,secondary,no,508,no,no,cellular,30,jan,795,1,-1,0,unknown,no
32,blue-collar,married,secondary,no,-249,yes,yes,cellular,21,jul,189,3,-1,0,unknown,no
30,admin.,single,tertiary,no,5,no,yes,cellular,11,jul,58,1,-1,0,unknown,no
55,unemployed,married,tertiary,no,4809,yes,no,cellular,21,nov,223,2,186,3,other,no
44,blue-collar,single,secondary,no,641,no,no,unknown,15,may,257,1,-1,0,unknown,no
45,housemaid,married,secondary,no,4068,no,no,cellular,30,sep,314,1,41,1,success,no
39,admin.,married,secondary,no,1388,yes,no,cellular,15,jul,150,5,-1,0,unknown,no
36,self-employed,married,tertiary,no,16430,yes,no,cellular,19,nov,234,1,166,3,failure,no
47,blue-collar,married,primary,no,469,no,no,telephone,22,aug,208,6,-1,0,unknown,no
42,management,married,tertiary,no,744,no,no,unknown,6,may,157,1,-1,0,unknown,no
28,admin.,married,secondary,no,22,yes,yes,cellular,14,may,523,2,-1,0,unknown,no
45,retired,divorced,secondary,no,1735,no,yes,unknown,17,jun,306,1,-1,0,unknown,no
36,admin.,married,tertiary,no,1145,yes,no,cellular,29,mar,198,2,181,3,failure,no
53,technician,married,primary,no,311,no,no,telephone,28,jan,82,3,-1,0,unknown,no
35,self-employed,married,tertiary,no,7990,yes,no,cellular,4,feb,357,1,-1,0,unknown,no
50,self-employed,married,secondary,no,111,no,no,cellular,11,aug,277,3,-1,0,unknown,no
38,entrepreneur,married,secondary,no,157,no,yes,cellular,15,may,57,11,366,1,other,no
36,blue-collar,divorced,secondary,no,625,yes,no,unknown,21,may,265,2,-1,0,unknown,no
46,admin.,married,secondary,no,466,yes,no,cellular,29,jan,169,1,-1,0,unknown,no
36,management,married,tertiary,no,549,yes,no,cellular,18,nov,72,2,-1,0,unknown,no
72,retired,married,secondary,no,676,no,no,cellular,25,aug,188,3,-1,0,unknown,no
35,management,married,tertiary,no,1383,no,no,cellular,12,aug,143,2,-1,0,unknown,no
34,self-employed,married,tertiary,no,263,no,no,cellular,4,may,203,1,78,8,other,no
42,blue-collar,married,secondary,no,4900,yes,no,telephone,11,may,231,1,284,2,failure,no
36,blue-collar,single,unknown,no,185,yes,yes,cellular,17,apr,301,2,-1,0,unknown,no
34,blue-collar,married,secondary,no,250,yes,no,unknown,29,may,193,6,-1,0,unknown,no
52,technician,married,secondary,no,470,no,no,cellular,27,aug,60,8,-1,0,unknown,no
36,blue-collar,married,secondary,no,2357,yes,no,unknown,17,jun,228,2,-1,0,unknown,no
52,services,married,secondary,no,91,yes,no,unknown,5,jun,175,4,-1,0,unknown,no
35,self-employed,single,tertiary,no,0,yes,yes,cellular,18,may,185,1,-1,0,unknown,no
46,blue-collar,divorced,primary,yes,-17,no,yes,cellular,4,feb,81,2,-1,0,unknown,no
48,blue-collar,married,secondary,no,238,yes,yes,cellular,2,jun,118,2,81,1,success,no
32,admin.,divorced,secondary,no,714,no,no,cellular,2,feb,221,1,-1,0,unknown,no
46,self-employed,married,primary,no,2295,yes,no,unknown,11,jun,138,1,-1,0,unknown,no
34,technician,married,secondary,no,5266,no,no,cellular,8,aug,140,4,-1,0,unknown,no
32,blue-collar,married,secondary,no,883,yes,yes,unknown,30,may,59,1,-1,0,unknown,no
30,technician,married,secondary,no,-280,yes,no,cellular,17,apr,609,2,266,2,failure,no
40,services,married,secondary,no,22,yes,yes,telephone,9,jul,145,2,-1,0,unknown,no
30,admin.,single,tertiary,no,2351,no,yes,cellular,28,jul,91,13,-1,0,unknown,no
41,blue-collar,single,unknown,no,961,yes,no,unknown,29,may,117,1,-1,0,unknown,no
56,management,divorced,tertiary,no,982,no,no,unknown,5,jun,152,1,-1,0,unknown,no
32,admin.,married,secondary,no,0,yes,no,cellular,16,jul,524,4,-1,0,unknown,no
38,blue-collar,married,primary,no,0,yes,no,unknown,8,may,732,2,-1,0,unknown,no
39,management,married,tertiary,no,947,no,no,cellular,8,aug,124,2,-1,0,unknown,no
38,self-employed,divorced,secondary,no,0,no,no,unknown,6,jun,261,2,-1,0,unknown,no
52,blue-collar,married,secondary,no,555,yes,no,cellular,12,may,314,2,-1,0,unknown,no
34,management,divorced,tertiary,no,140,no,no,cellular,22,aug,80,4,-1,0,unknown,no
43,blue-collar,married,secondary,no,597,yes,no,cellular,2,feb,87,1,263,1,failure,no
41,management,married,tertiary,no,1254,no,no,cellular,4,aug,272,1,-1,0,unknown,no
25,blue-collar,married,secondary,no,2307,yes,no,cellular,31,jul,104,5,-1,0,unknown,no
59,blue-collar,married,primary,no,460,no,no,cellular,5,aug,224,1,-1,0,unknown,no
25,services,single,secondary,no,79,no,yes,cellular,21,jul,24,28,-1,0,unknown,no
38,technician,single,tertiary,no,0,no,no,cellular,6,aug,89,2,-1,0,unknown,no
34,admin.,married,tertiary,no,35,yes,no,cellular,7,aug,88,2,-1,0,unknown,no
47,housemaid,married,primary,no,0,no,no,cellular,10,aug,1225,2,-1,0,unknown,no
49,technician,divorced,tertiary,no,0,no,no,cellular,19,aug,68,2,-1,0,unknown,no
60,retired,married,secondary,no,1339,no,yes,cellular,22,jul,137,1,-1,0,unknown,no
26,services,single,secondary,no,-224,yes,yes,unknown,3,jun,189,1,-1,0,unknown,no
35,admin.,single,secondary,no,0,no,yes,cellular,7,jul,480,1,-1,0,unknown,no
35,technician,single,secondary,no,5059,no,yes,cellular,7,aug,115,2,-1,0,unknown,no
45,admin.,married,secondary,no,137,yes,no,unknown,14,may,427,1,-1,0,unknown,no
39,services,divorced,secondary,no,892,yes,no,cellular,20,nov,34,1,171,1,failure,no
34,management,single,tertiary,no,1049,yes,no,cellular,17,nov,101,2,129,1,failure,no
42,technician,married,tertiary,no,644,yes,no,unknown,7,may,19,1,-1,0,unknown,no
39,management,married,tertiary,no,-409,yes,no,cellular,29,jul,590,23,-1,0,unknown,no
29,technician,married,tertiary,no,1535,yes,no,cellular,17,jul,134,2,-1,0,unknown,no
30,self-employed,single,tertiary,no,800,no,no,unknown,6,may,95,2,-1,0,unknown,no
39,blue-collar,single,secondary,no,277,yes,no,unknown,3,jun,20,8,-1,0,unknown,no
40,blue-collar,married,secondary,no,95,no,yes,unknown,20,jun,61,4,-1,0,unknown,no
43,admin.,married,unknown,no,350,no,no,unknown,6,may,437,1,-1,0,unknown,no
33,technician,single,tertiary,no,8097,no,yes,cellular,21,aug,500,2,-1,0,unknown,no
39,management,married,primary,no,0,no,no,unknown,11,jun,308,7,-1,0,unknown,no
32,management,single,tertiary,no,1613,no,no,cellular,21,nov,24,5,-1,0,unknown,no
46,management,married,tertiary,no,39,yes,yes,cellular,21,nov,64,1,-1,0,unknown,no
52,entrepreneur,married,primary,no,657,no,no,telephone,7,dec,91,2,217,1,other,no
59,housemaid,married,primary,no,1071,no,no,unknown,19,jun,140,1,-1,0,unknown,no
31,blue-collar,single,secondary,no,-745,yes,no,unknown,13,may,227,1,-1,0,unknown,no
29,admin.,single,secondary,no,543,yes,yes,cellular,18,may,166,1,349,5,other,no
45,services,married,primary,no,132,no,no,cellular,14,jul,179,2,-1,0,unknown,no
24,technician,single,secondary,no,81,yes,no,cellular,18,may,333,1,-1,0,unknown,no
53,entrepreneur,divorced,tertiary,no,196,yes,no,unknown,16,jun,178,7,-1,0,unknown,no
33,technician,single,secondary,no,3806,yes,no,cellular,8,may,95,3,-1,0,unknown,no
33,entrepreneur,married,primary,no,2339,yes,yes,cellular,20,nov,220,1,-1,0,unknown,no
42,blue-collar,single,primary,no,1628,yes,no,cellular,5,feb,119,1,195,8,success,no
39,blue-collar,married,secondary,no,284,yes,yes,cellular,17,apr,1426,2,318,6,failure,no
46,admin.,married,secondary,no,15,no,no,telephone,3,jun,218,5,-1,0,unknown,no
31,services,single,tertiary,no,1025,no,no,cellular,29,jan,93,1,254,3,failure,no
34,technician,divorced,secondary,no,347,no,no,cellular,29,aug,15,14,-1,0,unknown,no
32,admin.,married,secondary,no,342,no,no,cellular,29,jan,179,1,-1,0,unknown,no
34,admin.,married,secondary,no,2,yes,no,cellular,25,jul,137,11,-1,0,unknown,no
70,retired,married,secondary,no,616,no,no,cellular,27,apr,149,2,182,1,failure,no
35,blue-collar,single,secondary,no,448,no,yes,cellular,20,nov,1031,6,-1,0,unknown,no
35,admin.,married,secondary,no,214,yes,yes,unknown,5,jun,247,1,-1,0,unknown,no
42,unemployed,divorced,primary,no,148,yes,no,cellular,4,feb,102,1,-1,0,unknown,no
36,services,single,secondary,no,590,yes,no,cellular,12,may,170,3,-1,0,unknown,no
50,blue-collar,married,primary,no,-454,yes,no,telephone,25,jul,241,1,-1,0,unknown,no
51,technician,divorced,secondary,no,1,yes,no,unknown,5,jun,290,1,-1,0,unknown,no
51,technician,married,secondary,no,58,yes,no,cellular,11,jul,128,2,-1,0,unknown,no
41,blue-collar,married,primary,no,3140,yes,no,unknown,13,may,87,9,-1,0,unknown,no
51,technician,married,secondary,no,2242,no,no,cellular,18,aug,498,3,-1,0,unknown,no
35,technician,single,secondary,no,-196,yes,no,cellular,18,may,45,2,-1,0,unknown,no
52,admin.,married,secondary,no,-462,yes,no,cellular,9,feb,172,5,-1,0,unknown,no
41,management,married,primary,no,-4,yes,yes,unknown,13,may,181,3,-1,0,unknown,no
30,management,married,tertiary,no,2451,yes,no,cellular,19,nov,191,2,175,1,failure,no
29,technician,married,secondary,no,0,no,no,unknown,12,may,33,2,-1,0,unknown,no
35,services,married,tertiary,no,0,yes,no,unknown,2,jun,312,2,-1,0,unknown,no
44,services,married,secondary,no,742,no,no,telephone,30,jul,77,5,-1,0,unknown,no
35,technician,married,secondary,no,-499,yes,no,cellular,28,jul,488,4,-1,0,unknown,no
32,management,single,tertiary,no,752,yes,no,cellular,15,jul,256,5,-1,0,unknown,no
29,admin.,married,primary,no,624,yes,no,unknown,12,may,246,1,-1,0,unknown,no
52,blue-collar,married,primary,no,967,no,no,cellular,29,jan,153,2,-1,0,unknown,no
38,blue-collar,married,secondary,no,530,yes,no,cellular,20,apr,59,3,-1,0,unknown,no
58,retired,married,primary,no,235,yes,no,unknown,5,may,167,1,-1,0,unknown,no
28,blue-collar,married,secondary,no,8,yes,no,cellular,15,may,196,1,-1,0,unknown,no
35,blue-collar,single,primary,no,1284,yes,no,telephone,14,may,13,5,-1,0,unknown,no
42,blue-collar,married,secondary,no,117,yes,no,unknown,9,may,147,1,-1,0,unknown,no
27,technician,married,secondary,no,31,no,no,cellular,13,may,136,2,-1,0,unknown,no
37,management,married,tertiary,no,2364,no,no,telephone,18,jul,662,4,-1,0,unknown,no
33,admin.,married,secondary,no,471,yes,no,unknown,2,jun,214,2,-1,0,unknown,no
48,self-employed,married,secondary,no,-817,yes,no,cellular,11,jul,175,1,-1,0,unknown,no
52,technician,married,tertiary,no,1785,no,no,cellular,10,nov,133,3,89,1,failure,no
42,admin.,single,primary,no,629,yes,no,unknown,29,may,164,3,-1,0,unknown,no
27,management,single,tertiary,no,1623,no,no,cellular,9,dec,161,1,190,1,success,no
33,admin.,married,secondary,no,7,yes,no,cellular,17,apr,612,1,148,1,failure,no
29,technician,married,secondary,no,492,yes,no,cellular,9,jul,259,1,-1,0,unknown,no
51,entrepreneur,married,tertiary,no,5403,no,no,unknown,6,jun,42,1,-1,0,unknown,no
28,technician,single,secondary,no,216,yes,no,unknown,13,may,66,1,-1,0,unknown,no
27,unemployed,single,secondary,no,0,yes,no,cellular,21,jul,53,6,-1,0,unknown,no
31,services,divorced,secondary,no,1222,yes,no,unknown,20,may,532,1,-1,0,unknown,no
39,admin.,married,secondary,no,201,yes,no,cellular,13,apr,263,3,-1,0,unknown,no
32,admin.,married,tertiary,no,233,yes,no,cellular,2,apr,77,2,133,4,failure,no
32,blue-collar,single,secondary,no,706,yes,no,unknown,20,may,152,1,-1,0,unknown,no
40,management,married,tertiary,no,194,no,yes,cellular,29,aug,189,2,-1,0,unknown,no
53,unemployed,married,primary,no,142,no,no,cellular,30,apr,168,2,-1,0,unknown,no
53,blue-collar,married,secondary,no,1103,yes,yes,unknown,30,may,163,4,-1,0,unknown,no
31,admin.,married,secondary,no,439,no,no,unknown,28,may,233,4,-1,0,unknown,no
28,technician,single,tertiary,no,183,yes,yes,unknown,28,may,62,2,-1,0,unknown,no
40,blue-collar,single,unknown,no,4370,yes,no,unknown,14,may,232,2,-1,0,unknown,no
35,admin.,married,secondary,no,348,yes,yes,cellular,15,jul,323,3,-1,0,unknown,no
31,management,single,tertiary,no,86,no,no,cellular,12,aug,150,4,-1,0,unknown,no
46,management,divorced,tertiary,no,25,no,no,unknown,17,jun,564,2,-1,0,unknown,no
26,self-employed,divorced,secondary,no,165,yes,no,cellular,29,jul,162,4,-1,0,unknown,no
30,admin.,divorced,secondary,no,1320,yes,yes,cellular,5,may,122,3,362,1,failure,no
30,management,married,tertiary,no,350,no,no,cellular,29,jan,328,2,-1,0,unknown,no
30,technician,married,tertiary,no,1103,yes,yes,cellular,29,jul,148,15,-1,0,unknown,no
44,blue-collar,married,secondary,no,1025,yes,no,cellular,21,dec,116,2,202,1,failure,no
43,technician,married,secondary,no,0,yes,yes,cellular,4,feb,539,8,204,5,failure,no
52,technician,married,unknown,no,2709,yes,no,telephone,9,feb,48,7,-1,0,unknown,no
30,self-employed,married,tertiary,no,1596,yes,no,cellular,19,aug,195,2,-1,0,unknown,no
58,management,married,tertiary,no,1394,no,no,cellular,17,aug,628,1,83,1,other,no
37,technician,single,tertiary,no,1661,no,no,cellular,19,aug,199,5,-1,0,unknown,no
33,services,married,secondary,no,0,yes,no,cellular,14,jul,163,2,-1,0,unknown,no
39,blue-collar,married,secondary,no,94,yes,yes,cellular,19,nov,181,1,-1,0,unknown,no
60,retired,divorced,secondary,no,0,no,no,cellular,18,jul,91,10,-1,0,unknown,no
74,retired,married,primary,no,2894,no,no,telephone,1,sep,97,5,204,2,other,no
84,retired,married,primary,no,1791,no,no,telephone,30,oct,62,3,-1,0,unknown,no
39,management,single,secondary,no,-490,no,yes,cellular,21,nov,141,2,-1,0,unknown,no
37,unknown,married,primary,no,808,no,no,unknown,5,jun,228,2,-1,0,unknown,no
50,blue-collar,single,secondary,no,708,yes,no,unknown,15,may,104,1,-1,0,unknown,no
51,admin.,divorced,secondary,no,115,yes,yes,unknown,8,may,136,1,-1,0,unknown,no
26,technician,single,secondary,no,2087,no,no,unknown,8,may,151,1,-1,0,unknown,no
43,blue-collar,divorced,secondary,no,47,yes,yes,cellular,13,may,163,2,370,1,failure,no
32,technician,single,tertiary,no,360,no,no,cellular,19,nov,164,2,-1,0,unknown,no
38,blue-collar,married,primary,no,7944,no,no,unknown,17,jun,116,3,-1,0,unknown,no
41,blue-collar,married,secondary,no,641,yes,no,unknown,13,may,161,1,-1,0,unknown,no
37,management,married,tertiary,no,355,no,no,cellular,4,aug,340,1,-1,0,unknown,no
39,blue-collar,single,primary,no,-100,yes,no,cellular,14,may,159,1,358,2,failure,no
47,technician,married,secondary,no,-149,no,yes,unknown,3,jul,504,1,-1,0,unknown,no
33,management,single,tertiary,no,3770,no,no,cellular,28,jan,757,2,-1,0,unknown,no
48,services,married,secondary,no,51,yes,yes,cellular,2,feb,90,1,262,1,failure,no
34,admin.,married,secondary,no,255,no,yes,telephone,17,jul,344,10,-1,0,unknown,no
57,admin.,divorced,primary,no,987,no,no,unknown,16,jun,295,2,-1,0,unknown,no
46,blue-collar,married,secondary,yes,-319,no,yes,cellular,10,jul,502,2,-1,0,unknown,no
26,admin.,single,secondary,no,0,yes,no,cellular,13,may,204,3,-1,0,unknown,no
30,services,single,secondary,no,117,no,no,cellular,28,jan,135,1,-1,0,unknown,no
30,technician,married,tertiary,no,2283,no,no,cellular,7,aug,74,2,-1,0,unknown,no
44,services,married,secondary,no,-618,no,yes,unknown,27,jun,198,2,-1,0,unknown,no
25,services,single,secondary,no,199,no,no,cellular,15,feb,101,2,-1,0,unknown,no
30,technician,single,secondary,no,710,no,no,cellular,14,aug,306,8,-1,0,unknown,no
59,technician,married,secondary,no,925,yes,no,telephone,10,jul,96,1,-1,0,unknown,no
46,technician,married,secondary,no,329,yes,no,cellular,20,apr,78,1,-1,0,unknown,no
46,blue-collar,married,primary,no,147,yes,no,cellular,6,may,116,2,169,3,failure,no
23,blue-collar,single,primary,no,8627,yes,no,unknown,3,jun,281,1,-1,0,unknown,no
43,technician,married,secondary,no,1650,no,no,cellular,4,feb,154,1,-1,0,unknown,no
41,blue-collar,married,primary,no,0,yes,yes,unknown,6,may,238,1,-1,0,unknown,no
40,unemployed,divorced,secondary,no,452,no,no,cellular,20,nov,98,1,-1,0,unknown,no
25,blue-collar,single,primary,no,147,yes,no,cellular,20,apr,59,2,322,2,failure,no
39,management,single,tertiary,no,86,yes,no,cellular,21,aug,140,4,-1,0,unknown,no
32,blue-collar,single,secondary,no,228,no,no,telephone,5,feb,176,1,288,3,failure,no
39,blue-collar,married,secondary,no,0,yes,no,cellular,15,jul,103,4,-1,0,unknown,no
34,blue-collar,married,secondary,no,577,no,no,unknown,14,may,337,1,-1,0,unknown,no
34,services,married,secondary,no,0,yes,no,cellular,21,apr,95,1,-1,0,unknown,no
64,management,married,primary,no,0,yes,no,cellular,16,feb,65,1,-1,0,unknown,no
46,admin.,divorced,secondary,no,660,yes,no,cellular,29,jan,1026,1,259,2,failure,no
46,management,single,secondary,no,295,yes,no,unknown,23,may,141,6,-1,0,unknown,no
50,unemployed,married,secondary,no,49,yes,no,cellular,21,jul,237,1,-1,0,unknown,no
36,technician,married,secondary,no,-342,yes,no,cellular,28,jul,170,3,-1,0,unknown,no
27,housemaid,married,primary,no,275,yes,no,cellular,14,may,196,2,-1,0,unknown,no
59,admin.,married,secondary,no,1675,no,yes,cellular,7,aug,113,2,-1,0,unknown,no
50,blue-collar,married,secondary,no,6288,no,no,cellular,28,aug,20,14,-1,0,unknown,no
41,services,married,secondary,no,205,yes,no,unknown,8,may,91,1,-1,0,unknown,no
44,management,married,tertiary,no,0,yes,no,cellular,20,aug,141,3,-1,0,unknown,no
52,technician,divorced,primary,no,1500,no,no,unknown,15,may,148,3,-1,0,unknown,no
57,entrepreneur,married,tertiary,no,958,no,no,unknown,6,jun,250,2,-1,0,unknown,no
30,blue-collar,single,secondary,no,0,yes,no,unknown,5,may,5,2,-1,0,unknown,no
32,management,single,tertiary,no,3050,yes,no,unknown,23,may,298,1,-1,0,unknown,no
24,blue-collar,single,secondary,no,327,yes,no,unknown,28,may,333,2,-1,0,unknown,no
48,management,single,tertiary,no,648,yes,no,cellular,31,jul,462,2,-1,0,unknown,no
43,admin.,divorced,secondary,no,57,no,no,unknown,11,jun,46,1,-1,0,unknown,no
38,blue-collar,married,secondary,no,757,yes,no,unknown,6,may,133,1,-1,0,unknown,no
44,blue-collar,married,primary,no,-14,yes,yes,unknown,19,may,179,4,-1,0,unknown,no
45,admin.,married,secondary,no,171,yes,no,unknown,12,may,539,1,-1,0,unknown,no
52,admin.,married,secondary,no,5122,no,yes,cellular,7,aug,218,7,-1,0,unknown,no
59,retired,married,primary,no,474,no,no,cellular,13,aug,139,3,-1,0,unknown,no
56,admin.,married,secondary,no,3554,no,no,cellular,3,jun,151,1,-1,0,unknown,no
26,services,married,secondary,no,-16,yes,no,cellular,24,jul,1036,1,-1,0,unknown,no
42,technician,single,tertiary,no,24,no,no,cellular,8,jul,262,1,-1,0,unknown,no
37,admin.,single,secondary,no,-332,yes,no,unknown,23,may,284,2,-1,0,unknown,no
52,admin.,married,secondary,no,70,yes,no,unknown,3,jun,68,2,-1,0,unknown,no
32,admin.,married,secondary,no,0,no,no,cellular,16,jul,141,7,-1,0,unknown,no
27,unemployed,single,secondary,no,1972,no,no,cellular,6,apr,97,1,-1,0,unknown,no
29,blue-collar,divorced,unknown,no,17,yes,no,unknown,13,may,31,2,-1,0,unknown,no
54,blue-collar,married,secondary,no,143,yes,no,cellular,12,may,278,2,309,5,failure,no
48,technician,married,unknown,no,5176,no,no,cellular,29,jul,162,2,-1,0,unknown,no
54,self-employed,married,tertiary,no,368,no,no,telephone,31,jul,7,4,-1,0,unknown,no
35,blue-collar,married,secondary,no,807,yes,no,unknown,29,may,1185,3,-1,0,unknown,no
33,self-employed,married,secondary,no,47,no,no,cellular,19,aug,168,2,-1,0,unknown,no
59,retired,married,tertiary,no,2512,no,no,cellular,29,jul,167,4,-1,0,unknown,no
25,self-employed,single,tertiary,no,557,no,no,telephone,5,aug,813,2,-1,0,unknown,no
55,blue-collar,married,secondary,no,1358,no,no,cellular,8,apr,149,1,-1,0,unknown,no
32,admin.,single,secondary,no,294,yes,no,unknown,28,may,97,2,-1,0,unknown,no
53,retired,divorced,primary,no,-24,no,yes,cellular,14,jul,319,3,-1,0,unknown,no
55,management,divorced,tertiary,no,277,no,no,cellular,12,aug,101,3,-1,0,unknown,no
59,housemaid,married,primary,no,235,no,no,cellular,13,aug,119,2,-1,0,unknown,no
53,management,married,primary,no,-139,no,no,cellular,9,jul,328,3,-1,0,unknown,no
28,technician,single,secondary,no,525,no,no,cellular,3,feb,176,2,-1,0,unknown,no
50,blue-collar,married,primary,no,4121,yes,yes,cellular,20,apr,184,2,151,1,failure,no
55,admin.,married,secondary,no,1102,yes,no,cellular,20,nov,195,1,189,2,failure,no
28,blue-collar,single,secondary,no,0,no,yes,cellular,31,jul,11,21,-1,0,unknown,no
30,blue-collar,single,secondary,no,144,yes,no,unknown,21,may,202,3,-1,0,unknown,no
30,technician,single,tertiary,no,2832,no,no,cellular,18,aug,350,6,-1,0,unknown,no
54,blue-collar,married,primary,no,7073,no,no,cellular,26,aug,479,6,-1,0,unknown,no
39,entrepreneur,married,primary,no,13930,yes,no,cellular,25,jul,337,2,-1,0,unknown,no
31,blue-collar,single,secondary,no,17,yes,no,cellular,12,may,296,1,-1,0,unknown,no
38,technician,married,secondary,no,2000,yes,no,cellular,7,may,198,2,-1,0,unknown,no
52,technician,married,unknown,no,7,no,no,unknown,6,may,203,2,-1,0,unknown,no
34,blue-collar,married,secondary,no,1650,yes,yes,telephone,22,jul,351,11,-1,0,unknown,no
42,blue-collar,married,primary,no,-181,yes,no,unknown,15,may,297,3,-1,0,unknown,no
43,blue-collar,divorced,primary,no,-57,yes,no,unknown,16,may,221,2,-1,0,unknown,no
30,student,single,unknown,no,809,no,no,unknown,2,jun,91,2,-1,0,unknown,no
28,admin.,married,secondary,no,172,yes,no,cellular,29,jan,282,1,248,2,other,no
45,blue-collar,married,secondary,no,1778,yes,no,cellular,4,feb,41,1,251,5,failure,no
45,blue-collar,married,secondary,no,-149,yes,no,unknown,15,may,644,2,-1,0,unknown,no
35,technician,divorced,secondary,no,-94,yes,no,unknown,26,may,114,2,-1,0,unknown,no
31,services,divorced,secondary,no,62,yes,no,cellular,12,may,56,3,351,3,other,no
39,technician,married,secondary,no,49,yes,no,cellular,20,aug,379,4,-1,0,unknown,no
56,services,married,unknown,no,628,no,no,cellular,29,aug,96,2,-1,0,unknown,no
54,technician,married,secondary,no,0,yes,no,telephone,12,may,11,6,-1,0,unknown,no
37,unemployed,single,secondary,no,1354,yes,no,unknown,4,jun,207,4,-1,0,unknown,no
22,services,married,secondary,no,83,yes,no,unknown,13,may,101,1,-1,0,unknown,no
41,blue-collar,married,primary,no,3658,yes,no,cellular,9,apr,268,1,330,1,failure,no
35,management,married,tertiary,no,482,no,no,unknown,6,jun,129,2,-1,0,unknown,no
51,admin.,single,secondary,no,3132,no,no,telephone,5,nov,449,1,176,1,failure,no
52,admin.,married,secondary,no,422,no,no,unknown,19,jun,559,1,-1,0,unknown,no
51,blue-collar,divorced,primary,no,1236,yes,no,cellular,10,jul,613,1,-1,0,unknown,no
40,technician,married,secondary,no,17,no,no,telephone,17,nov,192,1,-1,0,unknown,no
54,blue-collar,married,secondary,no,466,no,no,cellular,29,aug,436,4,-1,0,unknown,no
36,entrepreneur,divorced,tertiary,no,299,yes,no,cellular,18,nov,583,2,-1,0,unknown,no
33,blue-collar,single,secondary,no,-14,yes,no,cellular,14,may,223,2,-1,0,unknown,no
39,services,married,secondary,no,823,yes,yes,cellular,28,jul,780,2,-1,0,unknown,no
38,admin.,single,secondary,no,77,no,no,cellular,20,nov,441,4,-1,0,unknown,no
57,technician,divorced,secondary,no,77,yes,yes,cellular,29,jan,168,3,246,2,failure,no
62,management,married,tertiary,no,10373,no,no,cellular,17,nov,140,3,97,3,failure,no
45,entrepreneur,divorced,secondary,no,44,no,yes,cellular,30,jan,250,2,2,1,other,no
28,services,divorced,secondary,no,356,no,no,cellular,28,jan,296,1,-1,0,unknown,no
53,blue-collar,married,primary,no,436,yes,no,unknown,29,may,154,1,-1,0,unknown,no
47,housemaid,married,secondary,no,3940,yes,no,cellular,30,apr,211,1,87,1,other,no
59,management,married,tertiary,no,1857,no,no,cellular,29,jan,386,1,168,4,failure,no
32,admin.,single,secondary,no,2817,yes,no,cellular,21,nov,195,1,-1,0,unknown,no
38,services,married,secondary,no,434,yes,no,unknown,20,may,411,1,-1,0,unknown,no
54,retired,single,secondary,no,515,yes,no,cellular,6,feb,115,2,234,1,failure,no
30,services,single,secondary,no,9720,no,yes,cellular,20,nov,255,2,-1,0,unknown,no
32,management,married,tertiary,no,141,yes,yes,cellular,22,aug,10,13,-1,0,unknown,no
52,management,married,tertiary,no,1147,no,no,unknown,18,jun,43,1,-1,0,unknown,no
35,management,married,tertiary,no,2801,yes,no,cellular,31,jul,184,2,-1,0,unknown,no
26,services,single,secondary,no,335,no,no,telephone,29,jan,393,2,-1,0,unknown,no
43,blue-collar,divorced,secondary,no,110,yes,yes,unknown,6,may,448,1,-1,0,unknown,no
42,admin.,married,tertiary,no,1536,no,no,cellular,5,feb,132,1,182,3,success,no
53,blue-collar,married,secondary,no,0,no,no,unknown,6,jun,650,1,-1,0,unknown,no
44,blue-collar,single,secondary,no,25,yes,no,cellular,12,may,244,3,-1,0,unknown,no
31,technician,married,secondary,no,671,no,no,cellular,2,feb,119,2,175,2,failure,no
46,entrepreneur,married,unknown,no,1481,yes,no,unknown,7,may,49,3,-1,0,unknown,no
31,technician,single,tertiary,no,-749,yes,yes,cellular,29,jul,82,4,-1,0,unknown,no
34,blue-collar,married,primary,no,-703,yes,no,cellular,18,may,160,2,-1,0,unknown,no
28,blue-collar,single,secondary,no,475,no,no,telephone,10,jul,30,2,-1,0,unknown,no
69,retired,married,secondary,no,148,no,no,telephone,4,sep,101,1,-1,0,unknown,no
53,technician,divorced,unknown,no,629,yes,no,cellular,8,may,298,1,-1,0,unknown,no
34,unemployed,married,secondary,no,-16,yes,no,cellular,15,may,212,3,364,2,other,no
32,management,single,tertiary,no,2280,yes,no,cellular,19,nov,206,2,-1,0,unknown,no
50,management,married,tertiary,no,4,no,no,cellular,17,nov,223,1,96,2,failure,no
37,blue-collar,married,secondary,no,3420,yes,no,cellular,12,may,77,1,301,2,failure,no
48,management,divorced,tertiary,no,1010,yes,no,cellular,20,aug,65,1,-1,0,unknown,no
57,technician,married,tertiary,no,121,no,no,cellular,21,aug,135,2,-1,0,unknown,no
34,management,married,tertiary,no,160,yes,yes,cellular,15,jul,130,1,-1,0,unknown,no
50,blue-collar,married,primary,no,71,yes,no,unknown,6,may,678,1,-1,0,unknown,no
36,blue-collar,married,secondary,no,56,yes,no,cellular,9,jul,183,1,-1,0,unknown,no
31,blue-collar,single,unknown,no,461,yes,no,cellular,7,may,462,1,-1,0,unknown,no
37,technician,divorced,secondary,no,23,no,no,cellular,20,aug,289,2,-1,0,unknown,no
45,entrepreneur,divorced,tertiary,no,1273,yes,yes,unknown,11,jun,197,3,-1,0,unknown,no
41,blue-collar,single,primary,no,74,no,no,unknown,9,jul,193,4,-1,0,unknown,no
51,entrepreneur,married,primary,no,4711,no,no,unknown,19,jun,253,1,-1,0,unknown,no
31,housemaid,married,secondary,no,0,yes,no,cellular,21,jul,171,1,-1,0,unknown,no
50,management,married,secondary,no,-187,yes,no,unknown,29,may,31,2,-1,0,unknown,no
30,technician,married,secondary,no,776,no,no,cellular,7,aug,72,1,99,2,success,no
26,blue-collar,single,primary,no,318,yes,no,unknown,8,may,101,1,-1,0,unknown,no
41,admin.,single,secondary,no,3895,yes,no,cellular,14,may,305,3,296,11,other,no
32,services,single,secondary,no,808,yes,no,cellular,20,apr,322,1,-1,0,unknown,no
31,technician,single,tertiary,no,-167,yes,no,unknown,2,jun,41,5,-1,0,unknown,no
27,blue-collar,married,secondary,no,379,yes,yes,unknown,6,jun,252,4,-1,0,unknown,no
26,management,single,tertiary,no,4683,yes,no,telephone,5,nov,5,1,-1,0,unknown,no
38,management,married,tertiary,no,500,yes,yes,cellular,16,jul,81,7,-1,0,unknown,no
57,blue-collar,married,secondary,no,1316,no,no,cellular,28,jan,221,2,182,5,failure,no
77,retired,married,tertiary,no,0,no,no,cellular,6,apr,190,1,-1,0,unknown,no
37,management,divorced,tertiary,no,199,yes,no,unknown,18,oct,50,1,-1,0,unknown,no
35,management,married,tertiary,no,2387,yes,yes,unknown,2,jun,289,2,-1,0,unknown,no
33,services,married,secondary,no,1397,yes,no,cellular,16,apr,370,1,146,3,failure,no
56,management,divorced,unknown,no,854,no,no,cellular,27,may,121,1,-1,0,unknown,no
43,blue-collar,single,primary,no,13620,yes,no,cellular,20,nov,128,1,-1,0,unknown,no
25,admin.,single,secondary,no,120,yes,no,unknown,3,jun,542,1,-1,0,unknown,no
34,self-employed,married,tertiary,no,865,yes,no,cellular,21,jul,51,7,-1,0,unknown,no
35,blue-collar,single,primary,no,3751,no,no,unknown,16,jun,193,1,-1,0,unknown,no
41,housemaid,divorced,tertiary,no,9767,yes,no,unknown,29,may,162,2,-1,0,unknown,no
33,unknown,single,unknown,no,1,no,no,unknown,5,may,198,1,-1,0,unknown,no
34,management,married,tertiary,no,16649,yes,no,cellular,20,nov,155,2,-1,0,unknown,no
57,unemployed,married,secondary,no,7357,no,no,cellular,5,feb,604,1,-1,0,unknown,no
33,blue-collar,married,primary,no,329,yes,no,unknown,9,may,44,1,-1,0,unknown,no
31,management,married,tertiary,no,233,yes,no,cellular,14,may,241,2,365,10,failure,no
26,services,married,secondary,no,0,yes,no,cellular,18,may,130,4,-1,0,unknown,no
38,management,married,secondary,no,124,no,no,cellular,20,aug,202,2,-1,0,unknown,no
37,admin.,single,secondary,no,-296,yes,no,cellular,20,apr,81,1,-1,0,unknown,no
31,management,single,secondary,no,1310,yes,no,cellular,18,may,12,2,-1,0,unknown,no
44,blue-collar,married,primary,no,4581,yes,no,cellular,15,apr,520,3,146,2,failure,no
55,management,married,tertiary,no,6880,no,no,cellular,8,aug,353,2,-1,0,unknown,no
33,entrepreneur,married,tertiary,no,-886,yes,yes,cellular,25,aug,103,6,-1,0,unknown,no
26,blue-collar,single,secondary,no,277,no,no,unknown,14,may,514,2,-1,0,unknown,no
32,student,single,secondary,no,5836,no,no,cellular,2,sep,281,2,493,2,failure,no
47,admin.,married,unknown,no,66,no,no,cellular,26,feb,297,1,203,1,success,no
55,blue-collar,married,primary,no,400,no,no,cellular,21,aug,137,4,-1,0,unknown,no
31,admin.,single,secondary,no,1129,yes,no,cellular,18,may,145,3,-1,0,unknown,no
54,self-employed,married,secondary,no,77,no,no,cellular,21,aug,180,4,-1,0,unknown,no
44,self-employed,divorced,tertiary,no,2938,no,no,cellular,6,feb,107,2,-1,0,unknown,no
55,technician,single,tertiary,no,-703,yes,no,cellular,8,may,123,3,-1,0,unknown,no
26,student,single,secondary,no,766,no,no,cellular,9,apr,125,6,-1,0,unknown,no
41,admin.,married,secondary,no,1597,yes,no,cellular,16,apr,461,2,321,1,failure,no
46,management,married,tertiary,no,0,no,no,unknown,7,may,70,2,-1,0,unknown,no
35,technician,single,secondary,no,663,no,yes,cellular,14,aug,215,2,-1,0,unknown,no
57,technician,married,secondary,no,16063,yes,no,unknown,30,may,352,3,-1,0,unknown,no
39,blue-collar,married,secondary,yes,-16,no,no,unknown,29,may,285,2,-1,0,unknown,no
43,blue-collar,married,secondary,no,130,yes,no,cellular,9,feb,146,3,256,1,failure,no
54,services,married,primary,no,198,yes,no,cellular,31,jul,69,3,-1,0,unknown,no
58,housemaid,married,tertiary,no,0,yes,no,cellular,21,jul,111,1,-1,0,unknown,no
41,management,married,tertiary,yes,-1176,yes,yes,cellular,31,jul,81,1,-1,0,unknown,no
33,technician,single,secondary,no,930,yes,no,cellular,15,may,163,5,359,1,failure,no
38,admin.,married,secondary,no,0,yes,no,telephone,16,jul,264,5,-1,0,unknown,no
58,blue-collar,married,primary,no,76,yes,no,unknown,5,may,156,2,-1,0,unknown,no
35,admin.,married,secondary,yes,0,no,yes,unknown,4,jul,105,3,-1,0,unknown,no
48,management,married,primary,no,606,no,no,cellular,7,sep,589,3,186,6,failure,no
52,unemployed,married,secondary,no,0,no,no,unknown,16,jun,18,7,-1,0,unknown,no
41,technician,single,secondary,no,28,no,no,unknown,16,may,51,1,-1,0,unknown,no
37,technician,single,secondary,no,-59,yes,no,cellular,22,jul,70,1,-1,0,unknown,no
22,blue-collar,single,primary,no,-168,yes,no,unknown,13,may,160,3,-1,0,unknown,no
32,admin.,divorced,secondary,no,43,yes,no,unknown,9,may,218,2,-1,0,unknown,no
51,blue-collar,married,primary,no,0,yes,no,telephone,14,jul,120,3,-1,0,unknown,no
60,retired,married,tertiary,no,2196,no,no,cellular,15,jun,318,3,-1,0,unknown,no
70,retired,married,tertiary,no,15834,no,no,telephone,1,oct,90,1,-1,0,unknown,no
31,blue-collar,married,secondary,no,-720,yes,yes,unknown,15,may,112,2,-1,0,unknown,no
24,admin.,married,secondary,no,262,yes,no,unknown,4,jun,69,3,-1,0,unknown,no
32,admin.,single,tertiary,no,3188,no,no,cellular,5,feb,65,2,242,1,other,no
72,retired,married,secondary,no,6253,no,no,telephone,7,sep,456,1,-1,0,unknown,no
35,management,single,secondary,no,3384,yes,no,cellular,31,jul,372,2,-1,0,unknown,no
39,technician,married,secondary,no,-475,yes,no,cellular,7,may,168,3,301,1,failure,no
31,technician,single,tertiary,no,3222,yes,no,cellular,28,jan,175,1,-1,0,unknown,no
31,admin.,married,secondary,no,1246,yes,no,cellular,17,nov,111,2,-1,0,unknown,no
32,management,single,tertiary,no,0,no,no,cellular,29,aug,255,2,-1,0,unknown,no
49,services,married,secondary,no,1345,yes,no,cellular,20,apr,254,1,-1,0,unknown,no
49,blue-collar,married,secondary,no,171,no,no,cellular,4,feb,19,3,175,2,other,no
49,admin.,married,secondary,no,359,yes,no,cellular,2,feb,231,2,271,1,failure,no
36,management,married,tertiary,no,2957,yes,yes,cellular,30,apr,193,2,265,3,success,no
34,management,married,primary,no,6,yes,no,unknown,8,may,125,3,-1,0,unknown,no
30,student,single,tertiary,no,3094,no,no,cellular,2,jun,116,2,-1,0,unknown,no
46,blue-collar,married,secondary,no,182,no,no,cellular,4,feb,56,1,-1,0,unknown,no
39,admin.,married,secondary,no,1101,yes,no,cellular,6,may,128,3,-1,0,unknown,no
53,unemployed,married,tertiary,no,240,no,no,cellular,29,aug,106,3,-1,0,unknown,no
33,admin.,single,secondary,no,892,yes,no,unknown,21,may,151,1,-1,0,unknown,no
36,technician,married,secondary,no,300,no,no,unknown,9,jun,287,1,-1,0,unknown,no
38,technician,married,secondary,no,79,yes,no,cellular,20,aug,209,2,-1,0,unknown,no
49,services,divorced,secondary,no,3250,no,no,unknown,16,jun,32,3,-1,0,unknown,no
57,management,married,secondary,no,1502,no,no,telephone,17,nov,340,2,109,11,failure,no
37,management,single,tertiary,no,600,yes,no,unknown,5,may,152,1,-1,0,unknown,no
45,management,divorced,tertiary,no,-96,no,yes,cellular,20,aug,95,2,-1,0,unknown,no
39,technician,married,secondary,no,116,no,no,cellular,24,aug,79,2,94,2,success,no
31,services,single,secondary,no,124,yes,no,unknown,3,jun,154,4,-1,0,unknown,no
41,technician,married,secondary,no,-804,yes,yes,unknown,27,may,269,11,-1,0,unknown,no
33,services,married,secondary,no,39,yes,no,unknown,4,jun,66,4,-1,0,unknown,no
32,housemaid,married,tertiary,no,357,yes,no,cellular,18,nov,175,2,-1,0,unknown,no
62,retired,married,tertiary,no,0,no,no,cellular,17,dec,188,2,-1,0,unknown,no
37,housemaid,married,primary,no,254,yes,no,telephone,18,may,16,6,-1,0,unknown,no
35,technician,married,secondary,no,1144,no,no,cellular,20,aug,197,13,-1,0,unknown,no
26,student,single,secondary,no,119,no,no,cellular,3,feb,247,3,-1,0,unknown,no
55,blue-collar,divorced,primary,no,39,yes,no,unknown,13,may,343,1,-1,0,unknown,no
48,management,married,unknown,no,54,yes,no,unknown,16,may,293,7,-1,0,unknown,no
28,blue-collar,single,secondary,no,2486,yes,no,telephone,18,may,26,5,354,1,success,no
32,blue-collar,single,secondary,no,70,yes,no,unknown,26,may,118,6,-1,0,unknown,no
44,management,single,secondary,no,813,no,no,cellular,26,aug,358,2,-1,0,unknown,no
49,blue-collar,single,primary,no,1164,yes,no,unknown,8,may,72,1,-1,0,unknown,no
53,management,divorced,secondary,no,28,yes,no,cellular,6,may,135,2,289,1,failure,no
26,technician,single,secondary,no,33,no,no,cellular,23,jul,91,7,-1,0,unknown,no
38,technician,single,secondary,no,28,yes,yes,cellular,20,apr,131,3,-1,0,unknown,no
51,services,married,unknown,no,6451,no,no,telephone,19,nov,66,2,-1,0,unknown,no
34,admin.,married,secondary,no,641,yes,yes,unknown,16,may,467,1,-1,0,unknown,no
45,management,single,tertiary,no,871,no,no,cellular,17,jul,230,5,-1,0,unknown,no
42,blue-collar,married,unknown,no,452,yes,no,cellular,17,nov,359,2,-1,0,unknown,no
42,technician,divorced,secondary,no,-106,yes,no,unknown,29,may,95,1,-1,0,unknown,no
25,technician,married,secondary,no,691,yes,no,cellular,15,may,333,1,330,2,failure,no
55,management,divorced,tertiary,no,26306,yes,no,cellular,23,sep,84,1,589,4,failure,no
33,technician,single,secondary,no,1500,no,no,cellular,7,aug,133,4,-1,0,unknown,no
39,services,married,unknown,no,-516,yes,no,unknown,9,may,86,2,-1,0,unknown,no
40,services,married,secondary,no,683,yes,no,cellular,2,feb,299,2,-1,0,unknown,no
49,services,married,primary,no,468,no,no,cellular,5,aug,608,2,-1,0,unknown,no
35,blue-collar,single,secondary,no,8040,yes,no,cellular,13,may,173,2,-1,0,unknown,no
36,unemployed,single,secondary,no,115,no,no,cellular,9,feb,71,2,-1,0,unknown,no
27,technician,married,secondary,no,1577,yes,yes,unknown,28,may,266,2,-1,0,unknown,no
45,housemaid,married,tertiary,no,0,yes,no,telephone,7,may,309,1,-1,0,unknown,no
55,blue-collar,married,primary,no,284,no,yes,telephone,14,jul,252,4,-1,0,unknown,no
51,housemaid,married,primary,no,1337,no,no,telephone,30,jul,74,6,-1,0,unknown,no
34,technician,married,secondary,no,65,yes,no,unknown,8,may,63,3,-1,0,unknown,no
53,management,married,tertiary,no,32464,no,no,cellular,19,nov,135,4,-1,0,unknown,no
35,unemployed,married,secondary,no,315,yes,no,telephone,19,nov,70,1,-1,0,unknown,no
59,blue-collar,married,secondary,no,1376,no,yes,unknown,9,may,61,4,-1,0,unknown,no
32,blue-collar,married,secondary,no,944,no,no,cellular,13,may,231,2,362,1,other,no
46,management,divorced,secondary,no,270,no,no,unknown,12,jun,125,1,-1,0,unknown,no
29,management,divorced,tertiary,no,607,yes,yes,unknown,8,may,240,3,-1,0,unknown,no
29,blue-collar,married,primary,no,57,no,yes,cellular,7,jul,461,1,-1,0,unknown,no
26,student,single,unknown,no,198,no,no,cellular,5,feb,161,1,-1,0,unknown,no
33,management,single,tertiary,no,4409,no,no,cellular,20,nov,92,2,-1,0,unknown,no
55,technician,married,secondary,no,2760,yes,no,unknown,30,may,267,14,-1,0,unknown,no
37,technician,married,secondary,no,318,no,no,cellular,2,feb,167,1,187,2,failure,no
45,technician,divorced,secondary,no,146,no,no,cellular,8,jul,216,1,-1,0,unknown,no
46,services,married,secondary,no,216,yes,no,unknown,6,may,524,2,-1,0,unknown,no
51,management,single,tertiary,no,2242,no,no,telephone,9,feb,11,8,-1,0,unknown,no
37,services,married,secondary,no,1,no,no,unknown,15,may,395,2,-1,0,unknown,no
23,student,single,secondary,no,287,no,no,telephone,3,mar,700,3,180,1,other,no
40,management,divorced,tertiary,no,69,yes,no,cellular,30,jul,149,2,-1,0,unknown,no
45,services,married,unknown,no,9,yes,no,telephone,29,jul,186,2,-1,0,unknown,no
26,student,single,secondary,no,620,no,no,cellular,26,aug,76,1,96,2,success,no
37,blue-collar,married,primary,no,175,yes,yes,cellular,4,feb,430,2,272,3,other,no
45,blue-collar,married,primary,no,678,no,no,cellular,5,aug,104,3,-1,0,unknown,no
30,housemaid,married,primary,no,462,no,yes,cellular,30,jul,274,3,-1,0,unknown,no
54,technician,married,tertiary,no,417,yes,no,unknown,16,jun,375,2,-1,0,unknown,no
46,entrepreneur,divorced,secondary,no,1187,no,yes,cellular,13,oct,92,1,327,1,failure,no
51,unemployed,married,secondary,no,2439,no,no,cellular,19,nov,118,1,-1,0,unknown,no
33,admin.,married,secondary,no,0,yes,yes,cellular,9,jul,160,1,-1,0,unknown,no
43,technician,single,secondary,no,257,yes,no,cellular,2,feb,64,2,-1,0,unknown,no
32,management,single,tertiary,no,0,no,no,cellular,22,aug,148,2,-1,0,unknown,no
42,technician,single,secondary,no,568,yes,no,cellular,6,may,311,2,341,2,failure,no
55,self-employed,married,primary,no,0,no,no,cellular,8,aug,138,2,-1,0,unknown,no
33,management,married,tertiary,no,483,yes,no,unknown,14,may,738,2,-1,0,unknown,no
52,services,married,primary,no,911,no,no,unknown,20,jun,29,2,-1,0,unknown,no
30,blue-collar,married,primary,no,2607,yes,no,unknown,28,may,158,10,-1,0,unknown,no
34,services,married,secondary,no,305,yes,no,cellular,20,apr,212,2,-1,0,unknown,no
44,services,married,secondary,no,-230,yes,yes,cellular,20,nov,352,1,177,1,failure,no
45,admin.,married,tertiary,no,2552,no,no,cellular,12,aug,149,7,-1,0,unknown,no
31,admin.,married,secondary,no,89,no,no,unknown,7,may,297,3,-1,0,unknown,no
31,services,single,secondary,no,85,no,no,cellular,16,jul,151,1,-1,0,unknown,no
27,services,married,secondary,no,311,yes,no,cellular,15,may,50,1,352,1,failure,no
43,management,married,tertiary,no,344,yes,yes,cellular,28,jan,282,1,238,2,failure,no
32,technician,single,tertiary,no,-311,no,no,cellular,18,nov,218,2,-1,0,unknown,no
42,blue-collar,married,secondary,no,2256,yes,no,unknown,16,jun,315,1,-1,0,unknown,no
44,blue-collar,married,secondary,no,594,no,no,unknown,11,jun,340,1,-1,0,unknown,no
51,management,single,tertiary,no,4305,yes,no,cellular,4,may,126,1,-1,0,unknown,no
44,services,divorced,secondary,no,7,yes,yes,unknown,7,may,238,3,-1,0,unknown,no
41,technician,single,secondary,no,3023,no,no,cellular,31,jul,616,3,-1,0,unknown,no
33,blue-collar,single,secondary,no,1036,yes,yes,cellular,16,apr,323,2,321,2,failure,no
29,unknown,single,secondary,no,1288,no,no,cellular,3,feb,266,1,-1,0,unknown,no
43,admin.,single,secondary,no,2527,yes,no,unknown,7,may,276,4,-1,0,unknown,no
45,management,married,tertiary,no,6945,no,no,cellular,5,aug,131,5,356,3,failure,no
31,technician,single,unknown,no,460,yes,no,cellular,7,may,189,2,-1,0,unknown,no
36,blue-collar,married,primary,no,-79,no,no,unknown,7,may,159,3,-1,0,unknown,no
53,management,divorced,tertiary,no,269,no,no,cellular,6,aug,347,2,-1,0,unknown,no
38,unemployed,married,primary,no,447,yes,no,unknown,7,may,365,4,-1,0,unknown,no
59,blue-collar,married,primary,no,0,no,no,cellular,18,nov,167,2,-1,0,unknown,no
30,technician,single,secondary,no,516,yes,no,cellular,6,may,66,2,-1,0,unknown,no
43,blue-collar,married,secondary,no,314,yes,yes,cellular,20,apr,247,3,339,2,failure,no
38,services,single,primary,no,556,yes,no,unknown,12,jun,113,1,-1,0,unknown,no
39,services,married,secondary,no,1970,yes,no,unknown,8,jun,30,1,404,2,success,no
45,management,married,tertiary,no,1493,no,no,unknown,16,jun,140,3,-1,0,unknown,no
49,management,married,tertiary,no,0,no,no,cellular,27,aug,56,6,-1,0,unknown,no
30,management,single,secondary,no,18,yes,no,cellular,17,nov,294,1,-1,0,unknown,no
35,technician,married,secondary,no,451,yes,yes,cellular,12,may,247,1,-1,0,unknown,no
31,technician,single,secondary,no,7567,no,no,cellular,11,aug,70,2,-1,0,unknown,no
40,blue-collar,single,primary,no,2226,yes,no,telephone,14,may,7,7,-1,0,unknown,no
40,management,divorced,tertiary,no,99,no,no,cellular,11,aug,275,2,-1,0,unknown,no
44,technician,married,secondary,no,682,no,no,cellular,27,aug,85,3,-1,0,unknown,no
56,management,married,tertiary,no,67,no,yes,cellular,29,aug,88,2,-1,0,unknown,no
37,admin.,single,secondary,no,0,no,no,unknown,28,may,17,13,-1,0,unknown,no
58,technician,divorced,secondary,no,-147,yes,yes,cellular,28,jul,95,3,-1,0,unknown,no
60,technician,married,tertiary,no,6573,yes,no,cellular,6,nov,126,2,87,2,failure,no
45,blue-collar,married,primary,no,408,no,no,unknown,9,jun,253,2,-1,0,unknown,no
39,blue-collar,married,secondary,no,281,no,no,unknown,20,jun,78,7,-1,0,unknown,no
41,management,married,secondary,no,3018,yes,no,cellular,17,nov,536,2,-1,0,unknown,no
46,blue-collar,married,primary,no,0,yes,yes,unknown,8,may,390,3,-1,0,unknown,no
40,blue-collar,married,primary,no,-335,yes,no,unknown,27,may,260,1,-1,0,unknown,no
36,blue-collar,single,secondary,no,340,no,yes,unknown,16,jun,559,3,-1,0,unknown,no
22,student,single,secondary,no,280,yes,no,unknown,2,jul,63,4,-1,0,unknown,no
30,blue-collar,married,secondary,no,5903,yes,no,cellular,6,may,231,1,363,1,failure,no
38,blue-collar,single,primary,no,-5,yes,no,unknown,21,may,30,12,-1,0,unknown,no
33,blue-collar,married,primary,no,-3,yes,no,telephone,17,apr,114,2,-1,0,unknown,no
28,admin.,single,secondary,no,19,no,no,cellular,8,jul,78,4,-1,0,unknown,no
31,admin.,single,secondary,no,554,yes,no,cellular,11,feb,80,1,6,1,failure,no
45,technician,married,secondary,no,2403,no,no,cellular,21,nov,207,1,-1,0,unknown,no
56,services,divorced,secondary,no,140,no,no,cellular,10,jul,173,1,-1,0,unknown,no
38,unemployed,single,secondary,no,2470,yes,no,cellular,4,feb,131,1,230,1,other,no
27,student,single,tertiary,no,1013,no,no,cellular,28,jan,965,3,-1,0,unknown,no
45,management,single,tertiary,no,1269,no,no,unknown,20,jun,55,7,-1,0,unknown,no
49,management,married,unknown,no,0,no,no,cellular,19,nov,99,2,-1,0,unknown,no
39,management,single,tertiary,no,416,no,no,cellular,9,jul,427,1,-1,0,unknown,no
22,technician,single,secondary,no,0,yes,no,unknown,27,may,394,1,-1,0,unknown,no
45,services,married,secondary,no,1306,no,no,unknown,11,jun,125,3,-1,0,unknown,no
44,blue-collar,single,secondary,no,-210,yes,no,cellular,11,may,73,4,-1,0,unknown,no
36,services,single,secondary,no,5315,yes,no,cellular,3,feb,43,4,-1,0,unknown,no
40,blue-collar,married,secondary,no,6536,no,no,unknown,5,jun,647,1,-1,0,unknown,no
60,blue-collar,married,secondary,no,576,no,no,cellular,22,may,190,1,-1,0,unknown,no
42,technician,married,secondary,no,525,no,no,cellular,17,nov,172,3,-1,0,unknown,no
30,technician,single,secondary,no,53,yes,no,cellular,18,jul,352,5,-1,0,unknown,no
35,management,married,tertiary,no,2088,yes,no,cellular,22,jun,457,3,-1,0,unknown,no
46,entrepreneur,married,tertiary,no,4726,yes,no,cellular,8,apr,405,1,-1,0,unknown,no
40,admin.,single,secondary,no,-227,yes,no,unknown,7,may,161,3,-1,0,unknown,no
28,management,single,tertiary,no,207,no,no,cellular,28,aug,129,1,94,4,failure,no
50,management,married,tertiary,no,346,no,no,cellular,4,may,76,2,87,1,success,no
30,technician,married,secondary,no,764,no,no,unknown,26,may,150,2,-1,0,unknown,no
30,admin.,married,secondary,no,457,yes,no,unknown,3,jun,384,5,-1,0,unknown,no
46,technician,married,secondary,no,1740,yes,no,cellular,11,may,333,1,-1,0,unknown,no
29,services,married,secondary,no,340,yes,yes,unknown,26,may,297,1,-1,0,unknown,no
34,management,married,tertiary,no,0,no,no,cellular,11,aug,331,2,-1,0,unknown,no
29,entrepreneur,married,secondary,no,926,yes,no,cellular,15,jul,169,2,-1,0,unknown,no
44,services,divorced,secondary,no,396,yes,yes,unknown,7,may,396,4,-1,0,unknown,no
34,management,married,tertiary,no,573,no,no,cellular,10,aug,122,1,-1,0,unknown,no
42,blue-collar,married,secondary,no,-972,yes,no,unknown,29,may,146,1,-1,0,unknown,no
57,technician,married,secondary,no,1158,no,no,unknown,17,nov,204,2,109,21,other,no
53,blue-collar,married,primary,no,1409,yes,no,cellular,2,apr,464,1,287,1,failure,no
40,technician,married,secondary,no,7313,yes,no,cellular,18,nov,241,2,182,1,failure,no
31,blue-collar,divorced,secondary,no,15187,no,no,cellular,12,jun,127,2,-1,0,unknown,no
34,blue-collar,married,secondary,no,2076,yes,no,cellular,20,apr,257,1,-1,0,unknown,no
31,management,single,tertiary,no,284,no,no,cellular,21,aug,45,4,-1,0,unknown,no
40,technician,married,tertiary,no,677,yes,no,cellular,15,apr,110,3,-1,0,unknown,no
38,blue-collar,married,primary,no,476,yes,no,unknown,28,may,212,4,-1,0,unknown,no
36,management,single,tertiary,no,688,no,no,cellular,2,jun,126,1,120,1,failure,no
44,blue-collar,married,primary,no,617,yes,no,unknown,13,may,227,2,-1,0,unknown,no
45,management,married,tertiary,no,4877,yes,no,cellular,8,aug,172,2,-1,0,unknown,no
40,blue-collar,married,secondary,no,563,yes,no,unknown,7,may,615,1,-1,0,unknown,no
33,technician,single,secondary,no,49,no,no,unknown,21,may,151,1,-1,0,unknown,no
33,admin.,single,secondary,no,32,no,no,cellular,11,jul,43,1,-1,0,unknown,no
56,management,married,tertiary,no,-45,yes,no,unknown,30,may,116,6,-1,0,unknown,no
49,housemaid,married,secondary,no,905,no,no,cellular,25,aug,102,4,-1,0,unknown,no
46,blue-collar,married,secondary,no,1733,yes,no,unknown,14,may,546,1,-1,0,unknown,no
29,blue-collar,married,secondary,no,457,yes,no,cellular,20,apr,72,3,341,1,other,no
46,entrepreneur,divorced,tertiary,no,91,no,yes,cellular,23,jul,182,1,-1,0,unknown,no
35,student,single,unknown,no,0,no,no,telephone,28,jan,122,3,-1,0,unknown,no
53,admin.,married,primary,no,234,yes,no,telephone,13,may,53,7,-1,0,unknown,no
39,blue-collar,married,secondary,no,-99,no,no,cellular,17,jul,260,1,-1,0,unknown,no
44,management,single,tertiary,no,780,yes,no,cellular,30,jan,511,2,-1,0,unknown,no
32,admin.,single,secondary,no,641,yes,no,cellular,12,may,148,1,-1,0,unknown,no
31,admin.,single,secondary,no,626,yes,no,unknown,21,may,211,1,-1,0,unknown,no
53,services,divorced,secondary,yes,0,no,yes,unknown,3,jul,172,10,-1,0,unknown,no
32,blue-collar,married,secondary,no,428,yes,no,cellular,7,may,93,1,363,1,failure,no
55,blue-collar,married,secondary,no,840,yes,no,unknown,6,may,310,2,-1,0,unknown,no
41,blue-collar,married,primary,no,246,no,no,unknown,19,jun,683,3,-1,0,unknown,yes
35,management,divorced,tertiary,no,859,yes,yes,cellular,19,nov,1554,1,-1,0,unknown,yes
42,management,married,tertiary,no,1435,yes,no,cellular,7,may,1148,1,-1,0,unknown,yes
50,admin.,married,secondary,no,3608,yes,no,cellular,14,may,196,8,182,4,success,yes
34,admin.,married,secondary,no,247,no,no,cellular,8,oct,401,2,-1,0,unknown,yes
52,unemployed,married,primary,no,959,no,no,telephone,30,jul,694,2,-1,0,unknown,yes
28,blue-collar,single,secondary,no,524,yes,no,cellular,6,may,554,2,-1,0,unknown,yes
59,management,married,tertiary,no,3342,no,no,cellular,18,mar,467,2,188,6,other,yes
26,services,single,tertiary,no,12,no,no,cellular,14,jun,563,1,181,10,failure,yes
37,management,divorced,tertiary,no,1775,no,no,cellular,15,jul,514,5,-1,0,unknown,yes
41,technician,married,secondary,no,4004,no,no,cellular,17,apr,314,2,-1,0,unknown,yes
31,services,single,secondary,no,181,no,no,cellular,30,apr,325,1,-1,0,unknown,yes
23,services,single,secondary,no,425,yes,no,unknown,3,jun,768,1,-1,0,unknown,yes
35,technician,divorced,secondary,no,84,yes,yes,cellular,6,may,954,1,-1,0,unknown,yes
31,blue-collar,married,secondary,no,136,no,no,cellular,12,may,228,2,267,1,failure,yes
43,management,divorced,tertiary,no,481,yes,no,cellular,3,jun,187,1,20,1,other,yes
48,management,married,tertiary,no,1093,yes,yes,cellular,13,oct,1226,2,-1,0,unknown,yes
60,unemployed,married,secondary,no,1047,no,no,cellular,27,may,173,3,279,4,success,yes
39,technician,single,unknown,no,45248,yes,no,unknown,6,may,1623,1,-1,0,unknown,yes
53,blue-collar,divorced,primary,no,4401,no,no,telephone,11,nov,241,1,92,1,success,yes
34,management,married,tertiary,no,3301,yes,no,cellular,17,sep,164,5,92,6,success,yes
38,entrepreneur,married,tertiary,no,0,no,no,cellular,23,jul,532,2,-1,0,unknown,yes
61,management,married,tertiary,no,267,no,no,cellular,20,apr,190,1,-1,0,unknown,yes
47,blue-collar,married,secondary,no,238,yes,yes,cellular,13,mar,3076,1,-1,0,unknown,yes
30,self-employed,married,tertiary,no,543,yes,yes,unknown,4,jun,1449,6,-1,0,unknown,yes
24,blue-collar,single,secondary,yes,-203,yes,no,unknown,12,jun,465,3,-1,0,unknown,yes
45,technician,single,tertiary,no,0,no,no,cellular,18,aug,773,4,-1,0,unknown,yes
39,technician,single,tertiary,no,393,no,no,cellular,26,mar,281,1,-1,0,unknown,yes
56,retired,married,primary,no,9367,no,no,cellular,13,aug,320,2,101,2,success,yes
29,technician,single,secondary,no,706,yes,no,cellular,18,may,1340,1,-1,0,unknown,yes
69,retired,married,primary,no,2346,no,no,cellular,11,feb,354,2,-1,0,unknown,yes
24,student,single,secondary,no,125,no,no,cellular,9,nov,263,1,90,1,failure,yes
37,admin.,single,secondary,no,245,yes,yes,unknown,7,may,732,2,-1,0,unknown,yes
39,management,single,tertiary,no,307,no,no,cellular,22,may,182,2,-1,0,unknown,yes
31,management,divorced,tertiary,no,883,yes,no,cellular,5,mar,112,2,106,1,failure,yes
65,housemaid,married,primary,no,715,no,no,cellular,11,mar,323,1,-1,0,unknown,yes
42,services,single,tertiary,no,94,yes,no,cellular,11,aug,176,2,90,4,failure,yes
45,admin.,married,secondary,no,476,no,no,cellular,6,aug,356,1,364,1,other,yes
43,unemployed,divorced,secondary,no,1854,no,no,cellular,30,apr,323,1,-1,0,unknown,yes
50,management,married,tertiary,no,469,no,no,cellular,16,oct,170,1,183,1,success,yes
45,entrepreneur,married,secondary,no,781,no,yes,cellular,17,nov,652,2,126,2,failure,yes
44,unemployed,single,primary,yes,-4,no,yes,cellular,30,jul,788,2,-1,0,unknown,yes
55,blue-collar,divorced,primary,no,8180,no,no,cellular,14,may,854,2,360,1,failure,yes
33,management,married,tertiary,no,5878,no,no,cellular,23,oct,438,1,430,2,failure,yes
39,blue-collar,married,primary,no,70,no,no,unknown,8,may,813,1,-1,0,unknown,yes
67,retired,divorced,secondary,no,704,no,no,cellular,3,nov,537,1,-1,0,unknown,yes
55,management,married,tertiary,no,3848,yes,no,cellular,8,apr,222,2,-1,0,unknown,yes
54,blue-collar,divorced,primary,no,4401,no,no,telephone,13,may,414,1,183,2,success,yes
38,management,married,tertiary,no,4174,no,no,cellular,23,oct,336,2,184,5,failure,yes
32,blue-collar,married,secondary,no,889,yes,no,cellular,10,sep,185,1,99,5,success,yes
56,blue-collar,single,secondary,no,663,no,yes,cellular,8,jul,819,3,-1,0,unknown,yes
33,admin.,married,secondary,no,920,no,no,cellular,30,apr,344,1,-1,0,unknown,yes
22,blue-collar,single,secondary,no,682,no,no,cellular,5,jun,126,2,91,1,success,yes
35,blue-collar,married,unknown,no,1201,no,no,unknown,18,jun,537,1,-1,0,unknown,yes
76,housemaid,divorced,primary,no,1411,no,no,telephone,19,oct,233,2,187,3,success,yes
44,blue-collar,married,unknown,no,146,yes,no,unknown,15,may,483,1,-1,0,unknown,yes
35,management,single,tertiary,no,538,no,no,cellular,22,dec,410,3,165,2,other,yes
64,retired,married,tertiary,no,1644,no,no,telephone,5,mar,341,4,179,4,success,yes
29,blue-collar,divorced,secondary,no,-19,yes,no,cellular,20,apr,712,4,-1,0,unknown,yes
34,technician,single,secondary,no,1279,yes,no,cellular,22,jul,174,2,160,8,other,yes
46,management,divorced,secondary,no,0,no,no,cellular,27,aug,763,5,-1,0,unknown,yes
65,retired,married,secondary,no,2,no,no,cellular,14,apr,450,1,-1,0,unknown,yes
36,admin.,married,tertiary,no,29,no,no,cellular,12,aug,576,1,-1,0,unknown,yes
80,retired,divorced,primary,no,235,no,no,cellular,31,mar,577,1,223,3,other,yes
60,retired,divorced,secondary,no,496,yes,no,cellular,15,may,655,2,-1,0,unknown,yes
27,technician,single,tertiary,no,4661,no,no,cellular,8,apr,114,1,-1,0,unknown,yes
29,management,single,tertiary,no,224,yes,no,cellular,24,apr,65,2,81,3,failure,yes
36,services,married,secondary,no,30,no,yes,cellular,8,jul,716,5,-1,0,unknown,yes
34,services,married,secondary,no,1076,no,no,cellular,12,may,152,1,182,6,success,yes
44,technician,single,secondary,no,250,no,no,telephone,2,mar,382,2,-1,0,unknown,yes
36,management,married,tertiary,no,393,yes,no,cellular,30,apr,555,2,-1,0,unknown,yes
45,admin.,married,secondary,no,149,yes,no,unknown,23,may,893,3,-1,0,unknown,yes
27,admin.,married,secondary,no,1293,yes,no,cellular,8,apr,1665,3,-1,0,unknown,yes
39,admin.,married,secondary,no,607,yes,no,cellular,12,may,454,2,364,3,failure,yes
53,services,divorced,secondary,no,765,yes,no,cellular,14,may,959,3,174,7,other,yes
51,housemaid,married,unknown,no,2337,yes,no,cellular,16,apr,251,2,266,3,other,yes
42,unemployed,divorced,secondary,no,1713,yes,no,unknown,30,may,855,2,-1,0,unknown,yes
55,admin.,married,secondary,no,1662,no,no,cellular,4,jun,94,2,-1,0,unknown,yes
76,retired,married,secondary,no,4112,no,no,telephone,23,oct,282,2,-1,0,unknown,yes
31,self-employed,single,tertiary,no,1815,no,no,telephone,9,feb,1541,1,-1,0,unknown,yes
34,technician,married,secondary,no,1035,no,no,cellular,25,aug,1374,10,-1,0,unknown,yes
71,retired,divorced,secondary,no,5584,no,no,cellular,21,aug,534,3,-1,0,unknown,yes
31,management,married,tertiary,no,1331,no,no,unknown,5,nov,268,1,-1,0,unknown,yes
26,admin.,single,secondary,no,255,no,no,cellular,30,apr,457,1,80,1,success,yes
33,blue-collar,married,secondary,no,1464,yes,no,unknown,23,may,588,3,-1,0,unknown,yes
44,blue-collar,single,primary,no,1593,yes,no,unknown,29,may,828,3,-1,0,unknown,yes
35,management,divorced,tertiary,no,146,no,no,cellular,6,aug,720,2,-1,0,unknown,yes
45,blue-collar,married,secondary,no,1144,yes,no,unknown,22,oct,676,1,-1,0,unknown,yes
34,management,married,tertiary,no,1778,no,no,cellular,4,nov,358,1,162,2,failure,yes
37,admin.,single,secondary,no,728,no,no,cellular,3,feb,129,1,174,2,other,yes
28,self-employed,single,tertiary,no,4579,no,no,cellular,12,jan,409,2,-1,0,unknown,yes
47,technician,single,secondary,no,-239,yes,yes,cellular,7,jul,973,3,-1,0,unknown,yes
35,technician,married,secondary,no,518,yes,no,cellular,30,apr,616,1,-1,0,unknown,yes
47,blue-collar,married,secondary,no,820,no,no,cellular,19,oct,98,1,-1,0,unknown,yes
46,entrepreneur,married,tertiary,no,1920,no,no,cellular,22,aug,604,6,-1,0,unknown,yes
35,management,married,secondary,no,724,yes,no,cellular,14,jul,287,2,415,1,failure,yes
27,technician,single,tertiary,no,11862,no,no,cellular,20,aug,217,1,87,6,failure,yes
59,retired,married,primary,no,2074,no,no,cellular,21,dec,467,1,186,2,success,yes
23,student,single,secondary,no,922,no,no,cellular,28,may,538,2,184,9,failure,yes
30,self-employed,single,tertiary,no,251,no,no,cellular,12,jul,537,1,-1,0,unknown,yes
29,blue-collar,single,primary,no,213,yes,no,unknown,6,jun,2653,3,-1,0,unknown,yes
42,services,married,tertiary,no,4216,no,no,cellular,12,jun,186,2,-1,0,unknown,yes
42,management,married,tertiary,no,27696,no,no,cellular,12,may,176,2,89,5,success,yes
42,management,married,tertiary,no,3713,no,no,cellular,19,nov,709,2,-1,0,unknown,yes
57,admin.,married,secondary,no,169,no,no,cellular,3,feb,369,1,-1,0,unknown,yes
29,student,single,secondary,no,459,no,no,cellular,15,dec,279,3,189,19,other,yes
57,admin.,single,secondary,no,2223,no,no,cellular,12,aug,1064,1,-1,0,unknown,yes
41,blue-collar,married,secondary,no,1384,yes,no,unknown,15,may,1162,4,-1,0,unknown,yes
57,housemaid,married,tertiary,no,2326,no,no,cellular,28,oct,207,1,194,1,success,yes
48,management,married,secondary,no,0,yes,yes,cellular,3,nov,1233,1,351,2,failure,yes
46,management,married,tertiary,no,273,yes,no,cellular,18,mar,910,2,184,4,success,yes
32,blue-collar,single,primary,no,121,yes,no,cellular,20,nov,758,1,-1,0,unknown,yes
46,admin.,married,secondary,no,556,yes,yes,unknown,15,may,646,3,-1,0,unknown,yes
49,services,married,secondary,no,7019,yes,no,cellular,2,jun,263,1,368,3,failure,yes
29,management,married,tertiary,no,8103,no,no,cellular,28,may,473,3,-1,0,unknown,yes
62,management,married,tertiary,no,7458,no,no,cellular,30,oct,212,2,-1,0,unknown,yes
54,management,married,tertiary,no,1464,no,no,cellular,2,oct,194,2,94,1,success,yes
32,management,single,tertiary,no,3283,no,no,cellular,12,aug,623,2,191,2,success,yes
38,blue-collar,divorced,secondary,no,1817,yes,no,cellular,28,jul,1096,4,-1,0,unknown,yes
49,blue-collar,married,primary,no,-157,yes,no,cellular,7,jul,491,3,-1,0,unknown,yes
22,student,single,secondary,no,948,no,no,telephone,25,feb,169,1,191,3,success,yes
46,technician,married,secondary,no,9299,no,no,cellular,19,jul,1148,1,276,2,other,yes
42,services,married,secondary,no,1376,yes,no,cellular,2,mar,712,4,-1,0,unknown,yes
46,technician,married,secondary,no,3,yes,yes,cellular,12,may,614,3,-1,0,unknown,yes
29,management,single,tertiary,no,1377,no,no,cellular,8,apr,548,2,-1,0,unknown,yes
56,blue-collar,married,primary,no,8163,no,no,cellular,14,aug,1231,4,-1,0,unknown,yes
37,technician,single,secondary,no,-242,yes,no,cellular,13,aug,1149,6,-1,0,unknown,yes
37,management,single,tertiary,no,72,yes,yes,cellular,20,apr,885,5,150,7,failure,yes
28,blue-collar,married,secondary,no,61,yes,no,cellular,11,feb,253,1,174,4,success,yes
25,management,single,tertiary,no,808,no,no,cellular,18,sep,267,2,114,2,failure,yes
42,entrepreneur,divorced,secondary,no,335,yes,no,cellular,12,may,580,1,-1,0,unknown,yes
68,retired,married,tertiary,no,2812,no,no,cellular,3,aug,392,4,181,3,success,yes
53,management,married,tertiary,no,1624,no,no,cellular,11,nov,166,3,97,7,success,yes
36,management,single,tertiary,no,4,yes,no,cellular,7,may,855,2,342,1,failure,yes
38,management,divorced,tertiary,no,6368,yes,no,cellular,4,may,922,4,-1,0,unknown,yes
46,technician,single,tertiary,no,4414,no,no,cellular,18,aug,504,7,-1,0,unknown,yes
35,management,married,tertiary,no,62,no,no,cellular,7,may,226,2,88,4,success,yes
53,retired,divorced,tertiary,no,-309,yes,no,cellular,21,aug,343,2,428,2,success,yes
38,technician,divorced,tertiary,no,1805,no,no,unknown,9,jun,952,2,-1,0,unknown,yes
35,services,married,secondary,no,2918,no,yes,cellular,16,jul,815,2,407,3,success,yes
28,admin.,divorced,secondary,no,785,yes,no,unknown,8,may,442,2,-1,0,unknown,yes
45,management,married,tertiary,no,2671,no,no,cellular,14,aug,94,4,-1,0,unknown,yes
32,technician,married,secondary,no,1547,no,no,cellular,26,oct,289,1,805,4,other,yes
69,retired,married,secondary,no,2473,no,no,cellular,8,jul,967,3,-1,0,unknown,yes
60,technician,married,secondary,no,316,no,no,cellular,4,may,545,2,263,4,failure,yes
63,retired,married,secondary,no,1612,no,no,telephone,17,feb,233,2,-1,0,unknown,yes
27,services,single,secondary,no,1820,yes,no,cellular,17,jul,1027,1,-1,0,unknown,yes
59,blue-collar,married,primary,no,-546,no,no,cellular,25,aug,1152,6,-1,0,unknown,yes
63,retired,married,primary,no,48,no,no,cellular,9,jun,251,1,-1,0,unknown,yes
37,management,married,tertiary,no,0,no,no,cellular,16,jul,268,2,182,3,success,yes
53,management,divorced,secondary,no,1004,no,yes,telephone,22,dec,119,1,-1,0,unknown,yes
37,management,single,tertiary,no,1027,yes,no,cellular,2,mar,313,1,152,2,success,yes
41,entrepreneur,single,secondary,no,663,no,no,cellular,24,jul,1204,1,-1,0,unknown,yes
55,technician,married,tertiary,no,1320,no,no,cellular,28,apr,387,2,-1,0,unknown,yes
46,blue-collar,married,primary,no,1085,yes,yes,cellular,15,may,523,2,353,58,other,yes
48,services,divorced,secondary,no,-361,yes,no,cellular,12,may,1062,3,349,3,other,yes
59,retired,divorced,secondary,no,5845,no,no,cellular,14,may,1060,2,-1,0,unknown,yes
24,student,single,secondary,no,382,no,no,cellular,13,nov,256,2,92,3,failure,yes
41,blue-collar,divorced,primary,no,664,no,yes,cellular,15,jul,955,5,-1,0,unknown,yes
42,blue-collar,divorced,primary,no,213,yes,no,cellular,7,jul,434,3,-1,0,unknown,yes
46,housemaid,married,secondary,no,38,no,no,cellular,27,may,181,3,183,1,success,yes
30,admin.,divorced,secondary,no,10,yes,no,cellular,18,jul,658,2,-1,0,unknown,yes
45,technician,married,secondary,no,1831,no,no,cellular,27,may,275,2,-1,0,unknown,yes
29,admin.,single,secondary,no,163,yes,yes,unknown,16,may,803,1,-1,0,unknown,yes
56,blue-collar,married,primary,no,3498,no,no,cellular,15,apr,264,2,-1,0,unknown,yes
36,blue-collar,married,primary,no,403,yes,no,unknown,4,jun,920,1,-1,0,unknown,yes
29,blue-collar,married,secondary,no,8,yes,yes,cellular,10,jul,627,1,-1,0,unknown,yes
21,blue-collar,single,secondary,no,2265,no,no,cellular,17,feb,92,2,-1,0,unknown,yes
35,blue-collar,married,primary,no,102,yes,no,unknown,20,may,1334,1,-1,0,unknown,yes
44,technician,single,tertiary,no,2033,no,no,cellular,3,sep,444,1,99,1,failure,yes
33,admin.,single,tertiary,no,146,no,no,cellular,22,oct,380,1,91,3,success,yes
55,retired,married,primary,no,3334,no,no,cellular,14,aug,632,4,-1,0,unknown,yes
29,management,married,tertiary,no,1387,yes,no,cellular,18,may,256,2,-1,0,unknown,yes
37,unemployed,married,tertiary,no,7620,no,no,telephone,23,feb,367,1,176,6,failure,yes
35,self-employed,married,secondary,no,5613,yes,no,cellular,28,jul,699,3,-1,0,unknown,yes
25,admin.,single,secondary,no,483,no,yes,cellular,3,feb,189,1,-1,0,unknown,yes
50,services,married,secondary,no,3169,no,no,cellular,13,aug,399,1,430,1,failure,yes
38,management,married,tertiary,no,1722,yes,no,cellular,10,jul,500,1,-1,0,unknown,yes
28,admin.,single,secondary,no,0,yes,yes,cellular,18,may,390,5,-1,0,unknown,yes
46,management,divorced,tertiary,no,-130,yes,no,cellular,24,mar,144,2,-1,0,unknown,yes
34,services,single,secondary,no,-374,yes,no,cellular,11,may,672,1,-1,0,unknown,yes
28,student,single,secondary,no,1925,no,no,cellular,25,nov,487,1,97,2,failure,yes
28,technician,single,tertiary,no,4987,no,no,cellular,9,feb,253,21,-1,0,unknown,yes
41,technician,married,tertiary,no,1517,no,no,cellular,8,aug,193,3,-1,0,unknown,yes
37,technician,single,secondary,no,3326,yes,no,unknown,21,may,799,1,-1,0,unknown,yes
53,technician,divorced,primary,no,1443,yes,no,unknown,14,may,476,1,-1,0,unknown,yes
23,services,single,secondary,no,488,no,no,cellular,30,mar,236,1,92,2,other,yes
42,technician,married,secondary,no,994,yes,no,cellular,12,nov,227,3,93,6,success,yes
59,unemployed,married,secondary,no,1047,no,no,cellular,18,feb,83,3,-1,0,unknown,yes
31,admin.,single,secondary,no,4198,no,no,cellular,25,nov,234,1,-1,0,unknown,yes
30,technician,single,tertiary,no,53,no,no,cellular,29,apr,375,1,-1,0,unknown,yes
30,self-employed,married,tertiary,no,2666,no,no,cellular,5,aug,475,2,93,4,success,yes
53,admin.,divorced,secondary,no,0,yes,yes,cellular,6,aug,1452,1,98,2,failure,yes
42,admin.,divorced,secondary,no,936,no,no,cellular,30,jan,931,1,-1,0,unknown,yes
29,management,married,tertiary,no,0,yes,no,cellular,6,may,667,2,-1,0,unknown,yes
45,admin.,married,secondary,no,153,no,no,cellular,5,aug,277,1,-1,0,unknown,yes
49,entrepreneur,married,primary,no,6188,no,no,cellular,18,nov,453,1,-1,0,unknown,yes
25,blue-collar,single,secondary,no,1857,yes,no,cellular,13,apr,295,4,187,6,success,yes
50,management,married,tertiary,no,3463,no,yes,cellular,28,oct,96,1,-1,0,unknown,yes
41,admin.,single,secondary,no,812,no,yes,unknown,11,jun,583,4,-1,0,unknown,yes
42,technician,divorced,tertiary,no,2611,yes,no,cellular,25,jun,300,1,389,3,failure,yes
36,technician,married,tertiary,no,911,yes,yes,cellular,25,may,117,2,21,3,failure,yes
57,blue-collar,married,primary,no,2112,no,no,cellular,12,aug,1134,2,-1,0,unknown,yes
39,services,single,secondary,no,7066,yes,no,cellular,15,may,667,3,357,3,other,yes
51,management,married,tertiary,no,4917,no,no,cellular,23,apr,113,1,-1,0,unknown,yes
31,management,married,tertiary,no,141,yes,no,cellular,4,feb,572,2,238,7,other,yes
27,services,single,secondary,no,195,yes,no,cellular,25,feb,416,3,-1,0,unknown,yes
34,admin.,divorced,secondary,no,-251,no,no,cellular,18,jul,641,1,-1,0,unknown,yes
63,housemaid,married,primary,no,91,no,no,telephone,26,aug,128,3,-1,0,unknown,yes
61,retired,divorced,primary,no,3624,no,no,cellular,25,nov,342,1,-1,0,unknown,yes
51,management,married,tertiary,no,2635,no,no,cellular,1,sep,181,1,98,2,failure,yes
45,blue-collar,married,secondary,no,96,yes,no,cellular,13,apr,348,3,256,2,failure,yes
23,student,single,tertiary,no,113,no,no,cellular,17,nov,266,1,-1,0,unknown,yes
30,admin.,single,secondary,no,523,no,yes,cellular,3,mar,83,1,-1,0,unknown,yes
24,services,single,secondary,no,638,yes,yes,cellular,7,may,792,3,-1,0,unknown,yes
35,technician,single,secondary,no,1693,yes,no,cellular,10,feb,515,1,-1,0,unknown,yes
33,services,married,secondary,no,386,no,no,cellular,12,nov,253,1,92,4,failure,yes
54,technician,divorced,secondary,no,2156,yes,no,cellular,30,apr,258,1,86,5,success,yes
61,admin.,married,unknown,no,4629,yes,no,cellular,27,jan,181,1,92,1,success,yes
23,housemaid,married,tertiary,no,66,yes,no,cellular,7,may,1391,2,-1,0,unknown,yes
32,technician,single,tertiary,no,2684,yes,no,cellular,18,may,542,2,-1,0,unknown,yes
31,management,single,tertiary,no,825,yes,no,unknown,21,may,506,2,-1,0,unknown,yes
49,management,divorced,tertiary,no,914,no,no,cellular,4,aug,185,1,-1,0,unknown,yes
37,unemployed,single,secondary,no,381,yes,no,unknown,8,may,985,2,-1,0,unknown,yes
32,admin.,married,secondary,no,684,yes,no,cellular,14,may,607,3,-1,0,unknown,yes
33,student,single,unknown,no,1170,no,no,cellular,30,apr,352,1,-1,0,unknown,yes
82,retired,married,primary,no,8603,no,no,cellular,22,oct,306,3,107,1,success,yes
40,services,married,primary,no,1082,yes,no,unknown,30,may,854,2,-1,0,unknown,yes
39,blue-collar,married,unknown,no,1181,yes,no,cellular,30,jul,650,2,-1,0,unknown,yes
42,technician,divorced,secondary,no,19,no,no,cellular,20,aug,875,4,-1,0,unknown,yes
46,management,married,tertiary,no,0,no,no,cellular,18,nov,716,2,110,3,other,yes
60,management,married,tertiary,no,2222,yes,no,cellular,11,jul,1120,2,-1,0,unknown,yes
25,unemployed,single,primary,no,129,no,no,cellular,12,apr,176,3,-1,0,unknown,yes
43,management,married,tertiary,no,2383,no,no,cellular,13,aug,379,6,-1,0,unknown,yes
26,unemployed,single,tertiary,no,3466,no,no,cellular,6,oct,275,2,-1,0,unknown,yes
28,services,married,secondary,no,510,yes,yes,cellular,8,jul,1767,2,-1,0,unknown,yes
39,blue-collar,married,secondary,no,2467,no,no,cellular,19,jul,207,2,276,3,other,yes
31,unemployed,single,tertiary,no,302,no,no,cellular,3,feb,349,1,357,3,success,yes
41,blue-collar,divorced,secondary,no,3622,no,no,unknown,19,jun,1135,4,-1,0,unknown,yes
39,admin.,married,secondary,no,130,yes,yes,cellular,4,feb,1290,2,-1,0,unknown,yes
39,admin.,married,secondary,no,0,no,no,cellular,27,jan,366,1,436,10,failure,yes
27,student,single,tertiary,no,311,no,no,cellular,28,jul,462,1,148,4,success,yes
72,retired,married,primary,no,2600,no,no,cellular,3,feb,443,2,82,3,success,yes
36,technician,single,secondary,yes,12,no,no,cellular,12,aug,587,2,-1,0,unknown,yes
63,retired,divorced,primary,no,109,no,no,cellular,10,nov,406,2,-1,0,unknown,yes
60,retired,married,secondary,no,1690,no,no,unknown,20,jun,1467,4,-1,0,unknown,yes
35,admin.,married,secondary,no,2374,yes,no,cellular,11,aug,765,2,183,5,success,yes
21,student,single,secondary,no,123,no,no,telephone,12,feb,379,5,93,2,success,yes
46,admin.,divorced,secondary,no,2232,no,no,cellular,13,feb,121,1,-1,0,unknown,yes
47,management,married,tertiary,no,3663,no,no,cellular,30,mar,364,3,-1,0,unknown,yes
28,student,single,secondary,no,1925,no,no,cellular,25,may,252,1,88,4,failure,yes
30,services,divorced,primary,no,459,yes,no,cellular,18,jul,494,1,-1,0,unknown,yes
33,management,single,tertiary,no,3552,no,no,cellular,13,feb,158,2,85,3,failure,yes
31,management,single,tertiary,no,3340,no,no,cellular,15,sep,213,2,469,3,success,yes
46,management,single,tertiary,no,2904,yes,no,unknown,30,may,984,2,-1,0,unknown,yes
21,student,single,secondary,no,2488,no,no,cellular,12,oct,180,1,-1,0,unknown,yes
29,technician,married,secondary,no,2326,no,no,cellular,6,mar,195,1,-1,0,unknown,yes
47,admin.,married,secondary,no,3070,no,no,cellular,7,aug,663,4,-1,0,unknown,yes
35,management,married,tertiary,no,0,yes,no,cellular,11,feb,391,2,92,5,success,yes
38,management,divorced,tertiary,no,4692,yes,no,unknown,29,may,1363,2,-1,0,unknown,yes
34,management,single,tertiary,no,2633,yes,no,cellular,21,nov,705,6,-1,0,unknown,yes
72,retired,married,tertiary,no,2,no,no,cellular,7,aug,147,2,-1,0,unknown,yes
66,retired,married,tertiary,no,1948,no,no,cellular,28,jan,216,1,91,4,success,yes
36,student,single,unknown,no,417,no,no,cellular,10,aug,304,1,181,1,success,yes
29,technician,single,secondary,no,938,no,no,cellular,3,nov,358,1,-1,0,unknown,yes
40,blue-collar,married,secondary,no,188,yes,yes,unknown,20,jun,570,2,-1,0,unknown,yes
60,management,married,tertiary,no,3401,no,no,cellular,30,oct,294,1,270,1,failure,yes
63,entrepreneur,married,secondary,no,3904,no,no,telephone,8,nov,360,1,96,4,success,yes
65,retired,married,primary,no,1004,no,no,cellular,28,oct,371,1,-1,0,unknown,yes
31,management,divorced,tertiary,no,71,no,no,cellular,12,mar,119,1,-1,0,unknown,yes
56,blue-collar,married,primary,no,827,yes,no,telephone,15,may,462,4,-1,0,unknown,yes
49,technician,married,tertiary,no,1071,no,no,cellular,17,jun,169,1,-1,0,unknown,yes
28,student,single,secondary,no,67,no,no,cellular,20,aug,329,3,199,2,other,yes
27,technician,single,tertiary,no,667,no,no,cellular,29,jan,866,2,-1,0,unknown,yes
54,technician,married,tertiary,no,876,no,no,cellular,27,oct,269,3,541,3,success,yes
29,services,single,secondary,no,-271,yes,no,unknown,4,jun,578,1,-1,0,unknown,yes
44,management,married,tertiary,no,423,no,no,cellular,12,mar,2330,5,-1,0,unknown,yes
30,management,single,tertiary,no,4808,no,no,cellular,10,mar,272,1,-1,0,unknown,yes
47,technician,married,secondary,no,1219,no,no,cellular,18,aug,697,4,-1,0,unknown,yes
76,management,married,unknown,no,1780,yes,no,telephone,23,apr,413,3,-1,0,unknown,yes
85,retired,divorced,primary,no,7613,no,no,cellular,18,feb,355,3,-1,0,unknown,yes
34,admin.,divorced,secondary,no,1085,no,no,cellular,11,mar,101,7,-1,0,unknown,yes
43,management,married,tertiary,no,1429,yes,no,cellular,19,nov,1015,1,198,2,other,yes
60,management,married,tertiary,no,2281,no,no,cellular,5,feb,230,2,-1,0,unknown,yes
34,management,married,tertiary,no,520,yes,no,cellular,12,aug,1307,4,-1,0,unknown,yes
45,admin.,divorced,tertiary,no,1506,no,no,cellular,28,jul,365,4,-1,0,unknown,yes
60,retired,divorced,secondary,no,4243,no,no,cellular,30,oct,416,2,-1,0,unknown,yes
40,blue-collar,married,secondary,no,5060,no,no,cellular,10,feb,154,2,93,1,success,yes
36,management,married,tertiary,no,1352,no,no,unknown,19,jun,2028,1,-1,0,unknown,yes
32,management,single,tertiary,no,2360,no,no,cellular,3,feb,152,2,160,5,other,yes
32,admin.,single,secondary,no,212,no,no,cellular,7,jul,830,5,-1,0,unknown,yes
47,self-employed,married,secondary,no,4420,yes,yes,cellular,20,nov,454,1,-1,0,unknown,yes
40,unemployed,single,tertiary,no,79,no,no,cellular,15,oct,570,1,135,1,failure,yes
68,retired,married,secondary,no,2469,yes,no,telephone,15,jul,552,2,-1,0,unknown,yes
57,management,married,tertiary,no,830,yes,yes,cellular,8,may,662,1,367,1,success,yes
36,services,married,secondary,no,4721,no,no,cellular,9,jun,150,1,92,5,success,yes
30,blue-collar,married,primary,no,201,yes,no,cellular,31,aug,219,1,157,12,failure,yes
31,blue-collar,married,secondary,no,92,yes,no,unknown,16,may,688,1,-1,0,unknown,yes
49,management,divorced,tertiary,no,300,no,no,cellular,21,jul,316,1,-1,0,unknown,yes
29,housemaid,single,tertiary,no,19,no,no,cellular,4,may,268,1,88,4,success,yes
47,technician,married,secondary,no,834,no,yes,cellular,21,nov,902,1,133,2,other,yes
43,technician,married,tertiary,no,0,no,no,cellular,4,aug,1488,2,-1,0,unknown,yes
39,blue-collar,married,primary,no,2303,yes,no,unknown,17,jun,775,3,-1,0,unknown,yes
29,technician,single,secondary,no,674,no,no,cellular,30,apr,483,1,13,5,success,yes
51,technician,married,secondary,no,100,no,no,cellular,2,feb,467,2,-1,0,unknown,yes
39,technician,divorced,secondary,no,385,no,no,cellular,13,oct,242,1,48,2,failure,yes
33,services,married,secondary,no,210,yes,no,cellular,13,may,1207,2,-1,0,unknown,yes
32,entrepreneur,single,tertiary,no,-34,yes,no,cellular,11,mar,101,1,-1,0,unknown,yes
45,management,married,secondary,no,446,no,no,cellular,6,aug,304,3,-1,0,unknown,yes
61,management,married,tertiary,no,997,no,no,cellular,10,mar,106,1,-1,0,unknown,yes
38,technician,married,secondary,no,10596,no,no,cellular,19,aug,195,1,197,4,other,yes
37,management,married,tertiary,no,0,no,no,cellular,15,jan,426,2,196,1,other,yes
29,student,single,tertiary,no,5,no,no,cellular,15,jul,889,5,-1,0,unknown,yes
50,admin.,married,secondary,no,706,yes,no,cellular,6,aug,1250,4,-1,0,unknown,yes
37,management,divorced,tertiary,no,488,yes,no,cellular,17,sep,328,1,854,2,failure,yes
29,services,single,primary,no,339,no,no,unknown,4,jul,1576,3,-1,0,unknown,yes
61,management,married,unknown,no,264,no,no,telephone,29,jul,270,1,178,1,success,yes
35,management,single,tertiary,no,5958,yes,no,cellular,22,mar,215,1,-1,0,unknown,yes
31,unemployed,single,primary,no,163,no,no,cellular,30,jan,707,2,2,1,other,yes
28,self-employed,single,tertiary,no,0,yes,no,unknown,26,may,1560,2,-1,0,unknown,yes
54,technician,married,secondary,no,114,no,no,cellular,30,jul,458,3,-1,0,unknown,yes
64,retired,married,secondary,no,4787,no,no,cellular,28,oct,501,1,-1,0,unknown,yes
33,management,single,tertiary,no,224,no,no,cellular,23,jun,342,2,107,2,success,yes
33,management,married,secondary,no,369,no,no,cellular,11,feb,446,1,-1,0,unknown,yes
58,technician,married,secondary,no,3399,no,no,telephone,30,nov,1628,2,188,8,success,yes
54,technician,married,secondary,no,3994,no,yes,cellular,20,oct,595,2,187,2,success,yes
37,technician,single,secondary,no,1130,no,no,cellular,26,feb,152,1,-1,0,unknown,yes
80,retired,married,primary,no,997,no,no,cellular,28,jan,151,1,91,3,success,yes
31,technician,married,secondary,no,180,no,no,cellular,17,mar,299,2,-1,0,unknown,yes
34,services,divorced,secondary,no,89,yes,no,cellular,15,may,1871,4,-1,0,unknown,yes
37,admin.,married,secondary,no,597,no,no,cellular,2,jun,395,1,-1,0,unknown,yes
55,entrepreneur,married,secondary,no,27624,no,no,telephone,3,jun,437,1,-1,0,unknown,yes
46,technician,married,secondary,no,1353,no,no,cellular,18,aug,528,5,-1,0,unknown,yes
46,unemployed,divorced,secondary,no,3354,yes,no,cellular,19,nov,522,1,174,1,success,yes
32,blue-collar,single,secondary,no,2093,no,no,cellular,24,sep,224,2,444,1,failure,yes
34,management,married,tertiary,no,73,no,no,cellular,4,feb,426,2,-1,0,unknown,yes
36,services,married,secondary,no,11462,yes,no,cellular,20,nov,993,1,-1,0,unknown,yes
23,student,single,secondary,no,431,no,no,cellular,13,aug,496,2,-1,0,unknown,yes
36,blue-collar,married,primary,no,378,yes,no,cellular,5,may,1240,1,-1,0,unknown,yes
36,management,married,tertiary,no,673,yes,no,cellular,16,jul,689,1,-1,0,unknown,yes
34,entrepreneur,married,tertiary,no,1076,yes,no,cellular,5,feb,136,10,-1,0,unknown,yes
42,management,married,tertiary,no,372,yes,no,cellular,4,aug,153,3,1,2,success,yes
45,management,single,tertiary,no,2067,yes,no,cellular,13,aug,393,2,462,1,success,yes
33,self-employed,married,secondary,no,409,no,no,cellular,8,sep,165,1,97,4,success,yes
31,technician,married,tertiary,no,3382,no,no,cellular,30,apr,739,1,-1,0,unknown,yes
26,blue-collar,single,secondary,no,-29,yes,no,cellular,10,jul,998,4,-1,0,unknown,yes
35,technician,single,secondary,no,344,no,no,cellular,27,aug,519,16,-1,0,unknown,yes
34,unemployed,single,tertiary,no,1974,no,no,cellular,22,jul,355,1,342,3,success,yes
24,management,single,tertiary,no,2845,no,no,cellular,30,apr,779,2,-1,0,unknown,yes
43,blue-collar,married,primary,no,3064,yes,no,cellular,20,nov,2453,2,-1,0,unknown,yes
53,services,married,secondary,no,6170,no,no,cellular,13,aug,838,4,-1,0,unknown,yes
61,retired,married,secondary,no,523,no,no,cellular,13,aug,211,3,183,4,success,yes
64,unemployed,divorced,secondary,no,588,no,no,cellular,8,mar,409,1,-1,0,unknown,yes
29,unemployed,single,tertiary,no,70,no,no,cellular,25,may,393,1,-1,0,unknown,yes
36,blue-collar,married,primary,no,1925,yes,no,cellular,20,apr,904,2,-1,0,unknown,yes
72,retired,married,secondary,no,951,no,yes,cellular,12,mar,229,3,339,1,failure,yes
44,management,single,tertiary,no,1090,no,no,cellular,20,oct,178,4,93,6,success,yes
27,blue-collar,single,secondary,no,513,yes,yes,cellular,18,may,351,1,-1,0,unknown,yes
35,management,married,tertiary,no,82,no,no,cellular,8,aug,507,4,-1,0,unknown,yes
57,management,married,tertiary,no,2845,yes,no,telephone,19,apr,1143,5,-1,0,unknown,yes
35,services,single,primary,no,167,no,yes,cellular,11,jul,614,2,-1,0,unknown,yes
39,technician,single,secondary,no,506,yes,no,cellular,7,jul,718,2,-1,0,unknown,yes
35,technician,married,secondary,no,1368,no,no,cellular,27,may,329,1,41,2,other,yes
43,management,married,tertiary,no,2987,no,no,cellular,4,jun,156,1,85,3,failure,yes
30,management,divorced,tertiary,no,415,yes,yes,cellular,6,may,984,1,343,4,failure,yes
45,technician,married,secondary,no,6993,yes,no,cellular,20,nov,283,1,-1,0,unknown,yes
34,management,single,tertiary,no,549,no,no,cellular,6,oct,1246,2,-1,0,unknown,yes
20,blue-collar,single,secondary,no,423,yes,no,cellular,16,apr,498,1,-1,0,unknown,yes
31,admin.,single,secondary,no,3950,yes,no,cellular,21,nov,529,1,-1,0,unknown,yes
60,retired,married,secondary,no,5267,no,no,cellular,4,sep,520,1,-1,0,unknown,yes
43,services,married,primary,no,2557,yes,no,telephone,15,apr,165,2,327,3,failure,yes
60,retired,married,secondary,no,523,no,no,cellular,11,feb,467,1,182,3,success,yes
31,unemployed,divorced,primary,no,0,yes,no,unknown,30,may,745,12,-1,0,unknown,yes
33,services,single,tertiary,no,-452,no,no,cellular,29,jan,692,2,-1,0,unknown,yes
38,management,married,tertiary,no,1199,no,no,cellular,3,aug,482,1,-1,0,unknown,yes
54,technician,married,secondary,no,10185,no,no,cellular,10,aug,559,1,70,2,other,yes
32,technician,married,tertiary,no,2976,yes,no,cellular,5,feb,783,1,175,5,failure,yes
51,management,married,tertiary,no,3463,no,yes,cellular,13,jul,371,2,166,3,other,yes
56,technician,married,secondary,no,6619,yes,no,telephone,4,nov,465,1,-1,0,unknown,yes
54,housemaid,married,tertiary,no,2473,no,no,cellular,5,mar,607,2,-1,0,unknown,yes
77,retired,married,secondary,no,4112,no,no,telephone,29,jul,426,1,184,3,success,yes
58,retired,married,tertiary,no,0,no,no,cellular,13,aug,641,4,-1,0,unknown,yes
57,management,married,tertiary,no,256,no,no,cellular,6,mar,227,1,-1,0,unknown,yes
38,technician,single,tertiary,no,508,yes,yes,cellular,12,aug,1103,2,-1,0,unknown,yes
32,management,single,tertiary,no,41,no,no,cellular,21,aug,686,5,-1,0,unknown,yes
59,retired,married,primary,no,1115,no,no,unknown,19,jun,834,1,-1,0,unknown,yes
47,technician,married,secondary,no,1167,yes,no,cellular,4,aug,505,1,96,6,success,yes
30,management,single,secondary,no,4642,yes,no,cellular,21,nov,528,1,-1,0,unknown,yes
44,services,divorced,secondary,no,51,yes,yes,unknown,27,may,3094,2,-1,0,unknown,yes
79,retired,divorced,primary,no,79,no,no,cellular,9,oct,1106,2,-1,0,unknown,yes
44,management,married,unknown,no,2724,no,no,cellular,28,dec,893,1,-1,0,unknown,yes
31,unemployed,divorced,tertiary,no,756,no,no,cellular,20,jul,355,2,-1,0,unknown,yes
33,management,married,tertiary,no,0,yes,no,cellular,17,apr,378,1,-1,0,unknown,yes
23,services,single,secondary,no,488,no,no,cellular,29,jun,205,1,91,3,success,yes
34,management,divorced,tertiary,no,2885,no,no,cellular,10,feb,314,2,156,4,other,yes
29,management,single,tertiary,no,2955,no,no,cellular,29,apr,226,2,-1,0,unknown,yes
57,retired,married,secondary,no,1841,no,no,telephone,5,jun,302,1,-1,0,unknown,yes
24,blue-collar,married,secondary,no,272,no,no,cellular,16,nov,105,2,94,2,success,yes
33,admin.,divorced,secondary,no,294,yes,no,cellular,8,may,763,1,-1,0,unknown,yes
32,technician,single,secondary,no,324,no,yes,cellular,23,feb,432,1,-1,0,unknown,yes
41,self-employed,single,tertiary,no,-94,yes,no,cellular,4,feb,1164,1,203,1,failure,yes
45,admin.,divorced,secondary,no,0,no,no,cellular,29,oct,264,1,-1,0,unknown,yes
50,blue-collar,married,primary,no,82,no,no,telephone,5,apr,456,1,-1,0,unknown,yes
37,student,single,unknown,no,444,no,no,cellular,4,may,1063,5,-1,0,unknown,yes
64,management,married,unknown,no,2352,no,no,cellular,3,nov,181,4,183,7,success,yes
38,management,married,tertiary,no,1199,no,no,cellular,4,aug,178,1,1,1,success,yes
25,blue-collar,single,secondary,no,303,no,no,cellular,18,jun,252,1,92,1,success,yes
46,technician,married,tertiary,no,0,no,no,cellular,20,nov,531,1,167,1,failure,yes
27,admin.,single,tertiary,no,138,no,no,cellular,15,jun,89,2,-1,0,unknown,yes
31,management,single,tertiary,no,12857,yes,no,telephone,4,may,483,4,87,2,success,yes
27,technician,single,tertiary,no,-67,yes,no,cellular,6,apr,604,3,236,2,failure,yes
34,admin.,married,secondary,no,124,yes,no,telephone,14,may,604,4,366,2,other,yes
37,management,married,tertiary,no,3236,no,no,cellular,20,may,291,2,202,5,other,yes
41,management,married,tertiary,no,1468,yes,no,cellular,31,mar,237,3,-1,0,unknown,yes
34,blue-collar,married,primary,no,1031,yes,no,unknown,29,may,751,3,-1,0,unknown,yes
25,technician,single,secondary,no,4718,no,no,cellular,24,jul,709,1,-1,0,unknown,yes
32,blue-collar,married,secondary,no,759,yes,no,cellular,9,apr,317,5,-1,0,unknown,yes
34,admin.,single,tertiary,no,18,yes,yes,cellular,30,apr,359,1,-1,0,unknown,yes
29,self-employed,single,tertiary,no,1579,no,no,cellular,13,jul,178,1,181,4,success,yes
52,blue-collar,married,secondary,no,955,no,yes,cellular,17,jun,301,2,134,4,success,yes
32,technician,married,tertiary,no,636,yes,no,cellular,28,aug,370,1,116,4,success,yes
43,admin.,single,secondary,no,1707,yes,no,cellular,6,sep,369,3,504,5,other,yes
34,blue-collar,married,secondary,no,800,no,no,cellular,5,apr,144,1,-1,0,unknown,yes
54,management,married,tertiary,no,534,no,no,cellular,1,jun,177,2,-1,0,unknown,yes
31,management,married,tertiary,no,792,no,no,cellular,20,aug,763,14,-1,0,unknown,yes
33,technician,single,secondary,no,66,no,no,cellular,5,jun,157,2,-1,0,unknown,yes
44,management,single,tertiary,no,483,no,no,cellular,6,mar,207,2,199,6,success,yes
37,technician,married,unknown,no,189,no,no,cellular,1,oct,238,1,107,2,success,yes
36,technician,single,secondary,no,4136,yes,no,unknown,30,may,812,3,-1,0,unknown,yes
33,services,single,unknown,no,523,yes,no,unknown,28,may,86,1,-1,0,unknown,yes
38,services,single,secondary,no,2253,yes,no,cellular,13,may,937,3,-1,0,unknown,yes
32,admin.,married,tertiary,no,284,yes,no,cellular,29,apr,717,3,-1,0,unknown,yes
34,management,single,tertiary,no,1228,no,no,cellular,5,feb,263,8,-1,0,unknown,yes
58,management,divorced,tertiary,no,5701,no,no,cellular,30,apr,354,1,87,1,success,yes
37,admin.,single,secondary,no,1097,yes,no,cellular,21,nov,1555,2,-1,0,unknown,yes
32,technician,married,secondary,no,348,yes,no,cellular,17,jul,926,1,-1,0,unknown,yes
32,services,married,secondary,no,983,yes,no,cellular,20,nov,500,2,133,1,failure,yes
47,management,single,tertiary,no,255,no,yes,cellular,30,jul,802,4,-1,0,unknown,yes
29,housemaid,single,tertiary,no,2196,no,no,cellular,5,aug,215,1,-1,0,unknown,yes
25,management,married,unknown,no,448,no,no,cellular,5,feb,151,1,297,1,success,yes
33,technician,single,secondary,no,1429,yes,no,cellular,31,aug,268,8,-1,0,unknown,yes
43,management,married,tertiary,no,240,yes,no,cellular,16,apr,453,1,-1,0,unknown,yes
35,student,single,secondary,no,188,yes,no,cellular,16,feb,75,3,200,5,failure,yes
29,technician,single,tertiary,no,2489,yes,no,cellular,3,mar,355,1,86,5,failure,yes
47,technician,married,secondary,no,335,no,no,cellular,4,may,417,1,76,1,success,yes
54,unemployed,married,secondary,no,1561,no,no,cellular,25,may,352,3,186,2,failure,yes
45,blue-collar,married,secondary,no,7895,yes,no,cellular,4,feb,872,1,-1,0,unknown,yes
63,management,married,tertiary,no,5112,no,no,telephone,13,nov,2184,2,95,3,failure,yes
39,unemployed,married,tertiary,no,201,no,no,cellular,3,jun,699,1,119,1,failure,yes
57,technician,divorced,secondary,no,470,no,no,cellular,5,aug,480,3,-1,0,unknown,yes
54,technician,married,secondary,no,3994,no,yes,cellular,16,apr,299,2,-1,0,unknown,yes
36,management,married,tertiary,no,96,no,no,cellular,30,jul,729,4,-1,0,unknown,yes
44,technician,divorced,secondary,no,14,no,no,cellular,13,aug,234,1,-1,0,unknown,yes
25,blue-collar,single,secondary,no,-247,yes,no,cellular,23,jul,633,1,-1,0,unknown,yes
35,management,married,tertiary,no,2957,yes,yes,cellular,8,aug,733,3,-1,0,unknown,yes
38,technician,married,secondary,no,557,yes,no,cellular,16,nov,1556,4,-1,0,unknown,yes
40,services,married,primary,no,-9,yes,no,unknown,15,may,920,2,-1,0,unknown,yes
33,services,single,secondary,no,489,yes,no,cellular,4,may,297,4,334,1,other,yes
27,technician,single,secondary,yes,0,no,yes,cellular,8,jul,732,1,-1,0,unknown,yes
33,management,single,tertiary,no,935,no,no,cellular,9,feb,385,2,92,8,success,yes
56,technician,married,tertiary,no,1181,no,no,cellular,28,jan,186,1,433,1,failure,yes
49,technician,married,secondary,no,412,no,no,cellular,19,aug,1293,8,-1,0,unknown,yes
67,retired,married,tertiary,no,701,no,no,cellular,6,aug,254,2,-1,0,unknown,yes
41,technician,single,tertiary,no,1646,yes,no,cellular,5,aug,172,3,92,8,success,yes
34,management,divorced,tertiary,no,2240,no,no,cellular,8,sep,220,2,184,3,success,yes
47,management,married,tertiary,no,3505,no,no,cellular,17,nov,434,2,-1,0,unknown,yes
73,retired,married,primary,no,796,no,no,cellular,23,apr,888,1,182,3,success,yes
33,admin.,single,tertiary,no,475,yes,no,cellular,7,may,1046,1,-1,0,unknown,yes
29,blue-collar,single,tertiary,no,455,no,no,telephone,21,apr,403,1,-1,0,unknown,yes
34,blue-collar,married,secondary,no,1207,yes,no,unknown,21,may,905,1,-1,0,unknown,yes
31,housemaid,single,primary,no,26965,no,no,cellular,21,apr,654,2,-1,0,unknown,yes
34,management,married,tertiary,no,0,yes,no,cellular,3,feb,251,1,-1,0,unknown,yes
29,self-employed,married,secondary,no,425,yes,no,unknown,5,jun,562,15,-1,0,unknown,yes
28,student,single,secondary,no,205,no,no,cellular,14,jul,87,3,184,2,other,yes
43,technician,married,secondary,no,3288,yes,no,cellular,21,nov,775,3,-1,0,unknown,yes
45,blue-collar,married,primary,no,803,yes,no,cellular,4,may,742,4,-1,0,unknown,yes
46,technician,married,unknown,no,3308,no,no,cellular,28,jul,219,2,-1,0,unknown,yes
36,management,married,tertiary,no,203,no,no,cellular,29,oct,139,1,-1,0,unknown,yes
54,unemployed,single,secondary,no,380,no,no,cellular,17,nov,696,2,-1,0,unknown,yes
24,management,single,tertiary,no,507,no,no,cellular,3,jul,257,1,-1,0,unknown,yes
32,blue-collar,married,secondary,no,136,no,no,cellular,16,nov,206,1,188,3,success,yes
31,management,single,tertiary,no,12857,yes,no,cellular,6,feb,158,1,92,1,success,yes
40,admin.,single,secondary,no,985,yes,no,cellular,4,jun,592,3,50,8,failure,yes
61,self-employed,divorced,tertiary,no,6,yes,no,cellular,13,oct,210,1,182,2,success,yes
34,blue-collar,divorced,unknown,no,172,no,no,cellular,15,jun,177,1,-1,0,unknown,yes
30,admin.,single,tertiary,no,305,no,no,cellular,4,feb,227,2,-1,0,unknown,yes
35,technician,single,secondary,no,1227,no,no,cellular,18,mar,593,4,90,6,other,yes
60,retired,married,secondary,no,975,no,no,cellular,16,sep,303,1,792,1,failure,yes
30,entrepreneur,married,primary,no,2686,yes,no,cellular,15,jul,808,3,-1,0,unknown,yes
49,management,married,tertiary,no,2881,no,no,cellular,2,mar,120,3,-1,0,unknown,yes
30,technician,single,secondary,no,2567,no,no,cellular,18,jun,813,4,-1,0,unknown,yes
31,management,divorced,tertiary,no,373,no,no,cellular,10,feb,132,6,-1,0,unknown,yes
46,management,married,tertiary,no,4,no,no,cellular,8,aug,1206,4,-1,0,unknown,yes
48,blue-collar,married,secondary,no,1730,yes,no,cellular,4,feb,489,1,178,2,failure,yes
70,housemaid,divorced,primary,no,1311,no,no,cellular,11,aug,651,1,-1,0,unknown,yes
27,technician,single,tertiary,no,15161,no,no,cellular,2,jun,74,1,120,1,success,yes
32,management,single,tertiary,no,2536,yes,no,cellular,26,aug,958,6,-1,0,unknown,yes
48,blue-collar,married,secondary,no,1230,yes,no,cellular,12,nov,169,1,196,2,success,yes
86,retired,single,secondary,no,614,no,no,telephone,9,dec,595,1,-1,0,unknown,yes
23,student,single,secondary,no,794,no,no,cellular,26,jul,607,3,171,3,other,yes
20,student,single,unknown,no,829,no,no,cellular,27,jan,196,3,202,2,success,yes
37,management,married,tertiary,no,2283,no,no,cellular,6,may,243,2,98,2,failure,yes
34,self-employed,single,tertiary,no,5462,no,no,cellular,30,apr,430,1,-1,0,unknown,yes
67,retired,married,primary,no,4416,no,no,cellular,29,sep,245,3,-1,0,unknown,yes
33,management,married,tertiary,no,273,yes,no,unknown,16,may,803,1,-1,0,unknown,yes
40,management,married,tertiary,no,0,no,no,cellular,6,aug,131,2,98,6,success,yes
46,management,married,tertiary,no,699,no,no,cellular,30,apr,970,1,87,1,failure,yes
49,admin.,married,secondary,no,0,no,no,cellular,1,jun,1460,1,-1,0,unknown,yes
42,management,married,tertiary,no,4,yes,no,cellular,17,jul,795,1,-1,0,unknown,yes
40,management,married,secondary,no,754,no,yes,cellular,6,apr,635,1,-1,0,unknown,yes
20,student,single,unknown,no,829,no,no,cellular,9,jul,253,2,-1,0,unknown,yes
33,services,single,unknown,no,2297,no,no,cellular,27,jul,527,1,-1,0,unknown,yes
51,admin.,married,tertiary,no,0,yes,yes,cellular,8,mar,124,2,-1,0,unknown,yes
44,entrepreneur,single,unknown,no,323,no,no,cellular,28,jul,332,2,181,2,failure,yes
34,technician,divorced,tertiary,no,674,yes,no,cellular,7,aug,587,2,-1,0,unknown,yes
45,technician,married,secondary,no,2776,yes,no,cellular,27,jul,287,2,181,1,success,yes
37,services,divorced,secondary,no,49,yes,no,unknown,16,may,619,2,-1,0,unknown,yes
36,management,married,tertiary,no,203,no,no,cellular,25,jan,255,1,88,1,success,yes
40,blue-collar,married,primary,no,57,yes,no,cellular,31,jul,1007,9,-1,0,unknown,yes
67,retired,married,primary,no,1430,no,no,telephone,26,may,283,2,135,5,success,yes
36,admin.,divorced,secondary,no,-811,yes,no,cellular,12,may,365,2,-1,0,unknown,yes
53,unemployed,married,primary,no,980,yes,no,cellular,3,dec,352,1,-1,0,unknown,yes
48,management,married,tertiary,no,157,no,no,cellular,28,jan,417,4,-1,0,unknown,yes
37,technician,single,tertiary,no,3943,no,no,cellular,6,apr,1138,2,138,1,failure,yes
37,management,married,tertiary,no,1113,no,no,cellular,2,mar,229,1,182,1,success,yes
58,blue-collar,married,primary,no,5188,yes,no,cellular,25,aug,606,6,-1,0,unknown,yes
34,technician,married,secondary,no,0,yes,no,cellular,5,aug,231,2,2,3,success,yes
49,admin.,single,tertiary,no,228,yes,no,cellular,3,sep,252,2,93,2,success,yes
60,blue-collar,married,unknown,no,2090,yes,no,cellular,7,may,957,2,-1,0,unknown,yes
29,management,married,tertiary,no,247,no,no,cellular,16,sep,143,2,587,3,failure,yes
25,management,married,tertiary,no,-242,yes,yes,cellular,18,may,600,4,332,4,other,yes
36,technician,married,tertiary,no,341,no,no,cellular,13,aug,282,1,-1,0,unknown,yes
30,admin.,married,secondary,no,4457,yes,no,cellular,21,nov,566,4,-1,0,unknown,yes
52,management,married,tertiary,no,193,no,no,cellular,30,apr,381,1,269,1,failure,yes
43,blue-collar,single,secondary,no,318,yes,no,unknown,5,jun,736,2,-1,0,unknown,yes
49,services,married,secondary,no,388,no,no,telephone,31,jul,1032,4,-1,0,unknown,yes
79,retired,married,primary,no,429,no,no,telephone,8,jul,1006,2,-1,0,unknown,yes
26,blue-collar,single,primary,no,941,no,no,cellular,29,jan,1165,1,-1,0,unknown,yes
24,student,single,tertiary,no,235,no,no,cellular,9,feb,98,1,92,1,success,yes
34,unemployed,married,secondary,no,978,no,no,cellular,24,mar,132,1,-1,0,unknown,yes
28,services,single,secondary,no,341,yes,no,cellular,15,may,437,3,347,3,other,yes
41,technician,single,unknown,no,5372,yes,no,cellular,13,jan,248,3,-1,0,unknown,yes
45,unknown,divorced,unknown,no,0,no,no,cellular,21,apr,278,3,-1,0,unknown,yes
46,management,single,tertiary,no,0,no,no,cellular,22,aug,686,2,-1,0,unknown,yes
85,retired,married,primary,no,98,no,no,cellular,30,apr,416,1,-1,0,unknown,yes
33,management,single,tertiary,no,4176,no,no,cellular,26,mar,288,3,-1,0,unknown,yes
26,management,single,tertiary,no,1623,no,no,cellular,2,jun,479,1,-1,0,unknown,yes
61,retired,married,secondary,no,2801,yes,yes,cellular,10,mar,239,1,-1,0,unknown,yes
25,student,single,secondary,no,108,no,no,cellular,29,apr,305,3,-1,0,unknown,yes
34,housemaid,married,secondary,no,0,yes,no,unknown,30,oct,154,1,-1,0,unknown,yes
41,technician,single,secondary,no,650,yes,no,cellular,20,nov,2420,3,-1,0,unknown,yes
34,self-employed,single,tertiary,no,462,no,no,cellular,21,aug,1877,3,-1,0,unknown,yes
64,retired,married,secondary,no,588,no,no,cellular,16,jul,574,1,179,3,success,yes
60,admin.,married,secondary,no,106,no,no,cellular,24,feb,137,1,187,4,success,yes
57,blue-collar,married,secondary,no,1540,yes,no,cellular,17,nov,564,1,-1,0,unknown,yes
59,technician,married,secondary,no,116,no,no,cellular,11,feb,268,1,183,7,success,yes
57,management,married,tertiary,no,-92,yes,yes,unknown,20,jun,1617,1,-1,0,unknown,yes
35,management,married,tertiary,no,8000,no,no,cellular,13,may,331,1,90,3,success,yes
66,retired,married,primary,no,206,no,no,cellular,9,feb,479,1,-1,0,unknown,yes
42,management,married,tertiary,no,2187,yes,no,cellular,17,nov,525,3,-1,0,unknown,yes
83,retired,married,primary,no,425,no,no,telephone,22,jun,883,1,140,1,failure,yes
54,management,divorced,tertiary,no,487,yes,no,unknown,21,may,828,4,-1,0,unknown,yes
44,entrepreneur,married,tertiary,no,121,no,no,cellular,10,aug,412,1,-1,0,unknown,yes
47,technician,married,tertiary,no,1694,no,yes,unknown,20,jun,560,3,-1,0,unknown,yes
28,services,single,secondary,no,5090,yes,no,unknown,6,may,1297,3,-1,0,unknown,yes
41,retired,divorced,primary,no,-233,yes,no,unknown,15,may,1156,2,-1,0,unknown,yes
31,management,married,tertiary,no,81,yes,no,cellular,29,oct,164,2,-1,0,unknown,yes
25,services,single,secondary,no,1119,yes,no,cellular,18,may,1063,1,-1,0,unknown,yes
38,technician,married,secondary,no,0,yes,no,cellular,22,jul,1545,1,-1,0,unknown,yes
33,management,single,tertiary,no,0,yes,no,cellular,13,may,585,1,-1,0,unknown,yes
48,management,married,tertiary,no,1808,yes,no,cellular,26,feb,245,1,-1,0,unknown,yes
30,management,married,tertiary,no,10884,no,no,cellular,4,may,333,2,-1,0,unknown,yes
29,management,single,tertiary,no,572,no,no,cellular,4,jun,224,1,-1,0,unknown,yes
35,management,single,tertiary,no,431,no,no,cellular,17,aug,343,2,397,1,failure,yes
21,student,single,primary,no,423,no,no,cellular,8,apr,104,5,-1,0,unknown,yes
53,blue-collar,married,primary,no,5603,no,no,cellular,28,aug,2372,6,-1,0,unknown,yes
46,blue-collar,married,unknown,no,842,yes,no,telephone,8,may,833,1,-1,0,unknown,yes
44,technician,divorced,secondary,no,275,no,no,cellular,17,nov,1077,1,-1,0,unknown,yes
26,admin.,single,secondary,no,255,no,no,cellular,14,aug,209,2,106,2,success,yes
48,admin.,divorced,secondary,no,83,yes,no,cellular,13,may,1101,1,-1,0,unknown,yes
33,management,single,tertiary,no,1304,yes,no,cellular,18,may,536,2,-1,0,unknown,yes
29,student,single,unknown,no,7585,no,no,cellular,3,mar,145,2,198,1,failure,yes
26,blue-collar,single,secondary,no,-46,yes,no,unknown,20,jun,382,7,-1,0,unknown,yes
51,self-employed,married,tertiary,no,5350,yes,yes,cellular,31,jul,612,4,-1,0,unknown,yes
57,retired,married,secondary,no,5313,no,no,cellular,3,jun,200,1,-1,0,unknown,yes
33,management,married,tertiary,no,679,no,no,cellular,5,aug,1109,2,-1,0,unknown,yes
42,unknown,single,unknown,no,942,no,no,cellular,27,jan,245,1,92,2,success,yes
22,student,single,secondary,no,3982,no,no,cellular,20,apr,206,1,-1,0,unknown,yes
30,blue-collar,single,secondary,no,49,no,no,cellular,30,jan,808,2,-1,0,unknown,yes
48,unknown,single,unknown,no,1819,no,no,cellular,2,sep,1440,1,458,1,failure,yes
32,blue-collar,married,secondary,yes,-53,yes,no,cellular,16,apr,648,1,272,1,other,yes
31,management,divorced,tertiary,no,254,no,no,cellular,18,aug,1576,8,-1,0,unknown,yes
30,services,married,secondary,no,48,yes,no,cellular,31,jul,662,13,-1,0,unknown,yes
33,management,single,tertiary,no,718,yes,no,cellular,29,jun,271,1,84,3,success,yes
72,retired,married,secondary,no,1533,no,no,cellular,16,dec,546,2,-1,0,unknown,yes
84,retired,married,secondary,no,81204,no,no,telephone,28,dec,679,1,313,2,other,yes
34,management,married,tertiary,no,828,no,yes,cellular,11,aug,1080,3,-1,0,unknown,yes
28,admin.,single,secondary,no,352,yes,yes,cellular,18,may,431,1,-1,0,unknown,yes
22,self-employed,single,secondary,no,2138,no,yes,cellular,10,aug,164,1,109,2,other,yes
34,technician,married,tertiary,no,23076,no,no,cellular,26,may,243,2,35,6,other,yes
24,blue-collar,married,secondary,no,-389,yes,yes,unknown,4,jun,1242,1,-1,0,unknown,yes
32,management,married,tertiary,no,905,no,no,cellular,12,feb,666,4,-1,0,unknown,yes
39,blue-collar,married,secondary,no,785,yes,no,cellular,11,may,1232,2,-1,0,unknown,yes
56,management,married,tertiary,no,2333,no,no,cellular,4,may,244,1,-1,0,unknown,yes
31,technician,single,tertiary,no,882,no,no,cellular,4,sep,293,1,93,1,success,yes
35,admin.,married,secondary,no,-203,yes,no,cellular,11,jul,1649,2,-1,0,unknown,yes
53,admin.,married,secondary,no,459,no,no,cellular,5,apr,558,1,-1,0,unknown,yes
73,retired,divorced,secondary,no,7111,yes,no,cellular,12,oct,146,1,-1,0,unknown,yes
31,technician,married,tertiary,no,3338,yes,no,cellular,21,dec,264,2,-1,0,unknown,yes
53,technician,married,secondary,no,10185,no,no,cellular,23,mar,115,1,-1,0,unknown,yes
47,unemployed,married,secondary,no,312,no,no,cellular,29,jul,884,1,-1,0,unknown,yes
42,technician,divorced,secondary,no,314,yes,no,unknown,30,oct,234,1,-1,0,unknown,yes
51,housemaid,divorced,secondary,no,9228,no,no,cellular,18,jul,655,4,-1,0,unknown,yes
39,technician,married,tertiary,no,1524,no,no,cellular,20,apr,567,1,-1,0,unknown,yes
26,services,single,secondary,no,110,no,no,cellular,30,jan,1136,2,-1,0,unknown,yes
35,management,married,tertiary,no,991,yes,no,cellular,6,may,1489,3,-1,0,unknown,yes
27,blue-collar,married,secondary,no,4333,no,no,cellular,20,apr,163,1,-1,0,unknown,yes
40,management,married,tertiary,no,1598,yes,yes,cellular,6,may,1074,4,344,3,failure,yes
49,blue-collar,single,primary,no,566,yes,no,cellular,25,jul,979,2,-1,0,unknown,yes
33,unemployed,single,secondary,no,2066,no,yes,cellular,9,sep,305,1,749,2,failure,yes
73,retired,single,secondary,no,1050,no,no,cellular,4,mar,562,3,181,2,failure,yes
39,unemployed,married,primary,no,7005,yes,no,cellular,28,jul,429,2,184,3,success,yes
90,retired,divorced,secondary,no,1,no,no,cellular,13,feb,152,3,-1,0,unknown,yes
60,blue-collar,married,primary,no,5,no,no,cellular,29,jan,533,1,92,1,success,yes
54,technician,married,secondary,no,0,no,no,telephone,5,feb,744,3,-1,0,unknown,yes
35,admin.,married,secondary,no,304,no,no,cellular,18,mar,237,1,-1,0,unknown,yes
64,retired,married,secondary,no,5966,yes,no,cellular,22,jun,983,1,-1,0,unknown,yes
18,student,single,unknown,no,108,no,no,cellular,9,feb,92,1,183,1,success,yes
80,retired,married,secondary,no,8304,no,no,telephone,9,jun,712,1,64,12,failure,yes
35,admin.,married,tertiary,no,286,no,no,cellular,30,apr,949,2,-1,0,unknown,yes
29,admin.,single,secondary,no,265,yes,no,cellular,25,nov,414,1,184,1,failure,yes
68,retired,married,secondary,no,445,no,no,cellular,18,feb,475,1,-1,0,unknown,yes
33,services,married,secondary,no,2918,no,yes,cellular,20,nov,1059,2,-1,0,unknown,yes
44,self-employed,married,unknown,no,163,yes,no,cellular,4,may,364,3,-1,0,unknown,yes
29,technician,single,secondary,no,6,no,no,cellular,25,may,315,1,-1,0,unknown,yes
55,housemaid,married,primary,no,2152,no,no,unknown,19,jun,922,2,-1,0,unknown,yes
35,blue-collar,married,secondary,no,1055,no,no,unknown,18,nov,150,2,-1,0,unknown,yes
32,technician,single,secondary,no,0,no,no,cellular,18,aug,594,4,-1,0,unknown,yes
57,retired,married,tertiary,no,1269,no,no,cellular,31,aug,1120,1,-1,0,unknown,yes
34,housemaid,married,tertiary,no,0,no,no,cellular,18,aug,148,1,84,2,failure,yes
35,technician,single,secondary,no,3490,yes,no,cellular,29,aug,643,2,-1,0,unknown,yes
54,services,divorced,secondary,no,0,no,no,cellular,18,mar,362,1,290,3,success,yes
60,unemployed,married,primary,no,0,no,no,cellular,22,jul,1193,1,412,1,other,yes
26,management,single,tertiary,no,1004,yes,no,unknown,30,may,228,2,-1,0,unknown,yes
31,blue-collar,married,primary,no,33,yes,no,cellular,24,jul,901,2,-1,0,unknown,yes
42,entrepreneur,married,tertiary,no,5345,no,no,unknown,11,jun,878,3,-1,0,unknown,yes
22,student,single,secondary,no,1522,no,no,cellular,30,oct,368,2,-1,0,unknown,yes
57,management,married,tertiary,no,10583,no,no,cellular,25,mar,272,1,178,6,success,yes
27,blue-collar,married,primary,no,-413,no,yes,unknown,27,jun,422,6,-1,0,unknown,yes
31,admin.,married,secondary,no,879,yes,no,cellular,13,may,394,1,-1,0,unknown,yes
23,student,single,secondary,no,107,no,no,cellular,14,oct,84,1,183,1,success,yes
44,technician,married,tertiary,no,4580,yes,no,unknown,15,may,911,2,-1,0,unknown,yes
52,management,married,tertiary,no,1227,no,no,cellular,22,aug,1123,4,-1,0,unknown,yes
33,management,single,tertiary,no,224,no,no,cellular,8,mar,241,2,-1,0,unknown,yes
77,retired,married,unknown,no,1807,no,no,telephone,20,oct,373,1,-1,0,unknown,yes
49,services,married,secondary,no,-8,yes,no,unknown,8,may,1119,1,-1,0,unknown,yes
31,student,married,primary,no,46,yes,no,cellular,10,jul,487,1,-1,0,unknown,yes
37,blue-collar,divorced,secondary,no,316,yes,no,unknown,26,may,642,2,-1,0,unknown,yes
35,management,single,tertiary,no,2646,no,no,cellular,13,oct,221,1,182,1,success,yes
42,blue-collar,married,primary,no,2103,yes,no,cellular,13,apr,384,2,-1,0,unknown,yes
39,management,married,tertiary,no,-17,yes,yes,cellular,28,aug,908,1,-1,0,unknown,yes
33,technician,single,tertiary,no,3689,no,no,cellular,27,aug,445,3,-1,0,unknown,yes
29,self-employed,married,secondary,no,123,no,yes,cellular,21,apr,158,2,181,1,success,yes
32,management,married,tertiary,no,2465,yes,yes,cellular,7,may,923,1,-1,0,unknown,yes
34,management,single,unknown,no,6013,yes,no,cellular,18,may,612,1,-1,0,unknown,yes
28,management,single,tertiary,no,223,yes,no,cellular,1,jun,303,1,278,3,success,yes
29,management,single,tertiary,no,307,yes,no,cellular,2,jun,690,1,-1,0,unknown,yes
30,technician,single,secondary,no,3144,no,no,cellular,19,may,212,2,-1,0,unknown,yes
46,technician,single,secondary,no,5862,no,no,cellular,1,jun,84,1,-1,0,unknown,yes
33,technician,married,secondary,no,180,no,no,cellular,4,aug,561,1,435,3,failure,yes
34,management,married,tertiary,no,676,no,no,telephone,11,nov,486,1,-1,0,unknown,yes
60,blue-collar,married,primary,no,5,no,no,cellular,4,may,494,1,95,2,success,yes
32,management,single,tertiary,no,0,no,no,cellular,5,feb,550,4,-1,0,unknown,yes
37,management,married,tertiary,no,1113,no,no,cellular,1,sep,265,2,183,2,success,yes
59,retired,married,secondary,no,1521,yes,yes,unknown,14,may,1125,2,-1,0,unknown,yes
60,retired,divorced,secondary,no,1091,no,no,cellular,30,jul,441,5,-1,0,unknown,yes
31,management,single,tertiary,no,533,no,no,cellular,11,feb,144,1,91,9,success,yes
41,management,married,secondary,no,456,yes,no,cellular,11,aug,734,4,-1,0,unknown,yes
27,technician,single,secondary,no,643,no,no,telephone,14,oct,301,1,93,1,success,yes
79,retired,divorced,primary,no,2787,no,no,telephone,13,jul,617,1,377,1,success,yes
78,retired,divorced,primary,no,1389,no,no,cellular,8,apr,335,1,-1,0,unknown,yes
27,services,single,secondary,no,54,yes,no,unknown,28,may,543,2,-1,0,unknown,yes
26,technician,single,secondary,no,223,no,yes,cellular,21,jul,1002,3,-1,0,unknown,yes
67,retired,divorced,secondary,no,704,no,no,cellular,8,feb,186,2,97,1,success,yes
35,technician,single,tertiary,no,470,yes,no,cellular,25,jul,743,13,-1,0,unknown,yes
47,management,married,secondary,no,2892,no,no,unknown,17,jun,556,1,-1,0,unknown,yes
50,entrepreneur,married,tertiary,no,-168,yes,no,cellular,23,jul,1327,2,-1,0,unknown,yes
46,admin.,married,secondary,no,-522,yes,no,cellular,27,mar,243,3,239,13,other,yes
56,blue-collar,divorced,primary,no,-9,yes,yes,cellular,8,may,728,1,-1,0,unknown,yes
29,admin.,single,secondary,no,464,no,no,cellular,9,nov,208,2,91,3,success,yes
45,admin.,married,tertiary,no,2552,no,no,cellular,1,jun,69,1,293,7,failure,yes
39,management,married,tertiary,no,119,yes,no,cellular,1,sep,265,2,476,4,success,yes
54,services,married,unknown,no,0,yes,no,cellular,5,feb,686,2,267,1,other,yes
49,technician,single,secondary,no,-188,yes,yes,cellular,17,nov,454,1,-1,0,unknown,yes
30,management,single,tertiary,no,1028,no,no,cellular,4,feb,1294,2,-1,0,unknown,yes
56,technician,married,secondary,no,589,yes,no,unknown,29,may,535,2,-1,0,unknown,yes
42,unemployed,married,unknown,no,970,yes,no,telephone,21,jul,691,10,-1,0,unknown,yes
34,technician,single,secondary,no,2729,yes,no,cellular,18,nov,835,1,-1,0,unknown,yes
43,management,single,tertiary,no,1304,no,no,cellular,6,aug,501,2,-1,0,unknown,yes
61,retired,married,secondary,no,2917,no,no,cellular,6,oct,215,1,-1,0,unknown,yes
37,admin.,married,tertiary,no,3913,yes,no,cellular,27,apr,124,1,-1,0,unknown,yes
44,housemaid,married,primary,no,-156,no,yes,cellular,30,jul,1211,2,-1,0,unknown,yes
58,management,married,tertiary,no,473,no,no,cellular,18,feb,1109,1,262,1,success,yes
33,management,single,tertiary,no,3143,no,no,cellular,29,jun,421,2,-1,0,unknown,yes
35,management,married,tertiary,no,-468,yes,no,cellular,30,jul,540,8,-1,0,unknown,yes
27,blue-collar,single,primary,no,265,yes,no,cellular,13,may,1119,2,-1,0,unknown,yes
43,unemployed,married,tertiary,no,0,no,no,cellular,16,jul,745,1,281,1,failure,yes
45,blue-collar,married,secondary,no,61,yes,no,unknown,26,may,745,4,-1,0,unknown,yes
63,retired,married,secondary,no,2896,no,no,cellular,4,mar,180,2,-1,0,unknown,yes
29,student,single,secondary,no,1779,no,no,cellular,4,jun,400,1,-1,0,unknown,yes
36,services,single,secondary,no,0,yes,no,cellular,15,may,1002,4,-1,0,unknown,yes
36,blue-collar,married,secondary,no,1193,no,no,cellular,30,oct,640,1,-1,0,unknown,yes
31,admin.,single,secondary,no,0,no,no,cellular,17,apr,188,3,-1,0,unknown,yes
39,management,married,tertiary,no,494,no,no,cellular,10,mar,106,2,478,3,failure,yes
57,retired,married,primary,no,3518,yes,no,cellular,25,aug,626,3,-1,0,unknown,yes
31,technician,married,tertiary,no,120,no,no,cellular,8,aug,1000,1,-1,0,unknown,yes
30,management,married,tertiary,no,419,yes,no,cellular,4,jun,194,1,-1,0,unknown,yes
40,technician,single,tertiary,no,431,no,no,cellular,7,jul,180,2,-1,0,unknown,yes
47,management,single,tertiary,no,86,no,no,cellular,5,aug,253,1,97,4,success,yes
27,student,single,secondary,no,213,no,no,cellular,27,mar,378,1,-1,0,unknown,yes
46,management,divorced,tertiary,no,1297,no,no,cellular,11,aug,716,3,-1,0,unknown,yes
25,management,single,tertiary,no,219,no,no,cellular,30,apr,458,1,-1,0,unknown,yes
27,unemployed,single,primary,no,9,no,yes,cellular,9,jul,919,2,-1,0,unknown,yes
42,admin.,divorced,secondary,no,2129,no,no,cellular,13,aug,633,1,182,2,other,yes
26,entrepreneur,single,tertiary,no,725,no,no,cellular,5,feb,1916,2,189,29,other,yes
30,management,married,tertiary,no,4328,no,no,cellular,30,apr,262,3,189,11,other,yes
58,retired,married,primary,no,1241,no,no,cellular,18,aug,194,2,-1,0,unknown,yes
26,blue-collar,single,primary,no,409,yes,no,cellular,21,jul,577,2,-1,0,unknown,yes
35,services,married,unknown,no,618,no,no,cellular,30,apr,951,1,-1,0,unknown,yes
31,technician,single,secondary,no,846,no,no,cellular,26,may,405,3,205,2,failure,yes
34,blue-collar,single,secondary,no,1759,no,yes,cellular,25,jul,695,1,-1,0,unknown,yes
33,blue-collar,married,secondary,no,139,yes,yes,cellular,18,may,732,2,291,5,failure,yes
31,student,single,tertiary,no,64,no,no,cellular,2,jun,261,2,-1,0,unknown,yes
30,blue-collar,single,secondary,no,161,no,yes,telephone,8,sep,298,3,-1,0,unknown,yes
54,management,married,tertiary,no,8295,no,no,cellular,5,jun,207,1,-1,0,unknown,yes
33,self-employed,married,tertiary,no,1278,no,no,cellular,6,oct,649,1,-1,0,unknown,yes
39,technician,divorced,tertiary,yes,3,no,no,cellular,6,may,488,1,-1,0,unknown,yes
45,unemployed,divorced,secondary,no,3354,yes,no,unknown,29,may,746,1,-1,0,unknown,yes
33,technician,single,tertiary,no,317,yes,no,cellular,4,jun,323,1,80,14,other,yes
31,entrepreneur,single,secondary,no,0,no,no,telephone,13,nov,160,1,-1,0,unknown,yes
32,management,divorced,tertiary,no,222,no,yes,cellular,15,jul,820,4,-1,0,unknown,yes
71,retired,married,tertiary,no,4388,no,no,cellular,8,jul,896,2,-1,0,unknown,yes
41,services,single,secondary,no,-675,yes,yes,cellular,18,mar,147,4,-1,0,unknown,yes
40,blue-collar,married,secondary,no,10,yes,no,unknown,9,may,1692,2,-1,0,unknown,yes
38,blue-collar,divorced,secondary,no,0,yes,no,cellular,21,oct,576,1,183,4,success,yes
23,student,single,unknown,no,854,yes,no,unknown,28,may,664,2,-1,0,unknown,yes
41,technician,single,tertiary,no,431,no,no,cellular,23,jul,196,1,88,5,failure,yes
57,housemaid,married,primary,no,625,no,yes,unknown,11,jun,867,1,-1,0,unknown,yes
22,student,single,secondary,no,23,no,no,cellular,27,oct,137,1,-1,0,unknown,yes
34,admin.,single,tertiary,no,4254,yes,no,cellular,21,nov,714,1,-1,0,unknown,yes
67,management,divorced,tertiary,no,361,no,no,cellular,13,oct,411,2,-1,0,unknown,yes
77,retired,married,tertiary,no,7802,no,no,telephone,4,may,421,1,92,2,success,yes
30,blue-collar,married,secondary,no,5,no,no,cellular,17,apr,840,3,-1,0,unknown,yes
47,housemaid,single,tertiary,no,3727,no,no,unknown,12,jun,993,6,-1,0,unknown,yes
30,blue-collar,single,secondary,no,2145,yes,no,cellular,18,may,727,2,-1,0,unknown,yes
37,technician,married,tertiary,no,341,no,no,cellular,13,aug,287,3,182,3,success,yes
40,unemployed,single,tertiary,no,72,no,no,cellular,30,apr,463,1,-1,0,unknown,yes
34,technician,single,secondary,no,85,yes,no,unknown,20,may,1182,4,-1,0,unknown,yes
27,student,single,tertiary,no,3733,yes,no,telephone,13,feb,299,6,-1,0,unknown,yes
32,management,single,tertiary,no,311,no,no,unknown,12,may,757,2,-1,0,unknown,yes
51,self-employed,married,secondary,no,95,yes,no,cellular,23,jul,1309,4,-1,0,unknown,yes
30,management,single,tertiary,no,697,no,no,cellular,28,apr,545,2,181,8,success,yes
37,management,divorced,tertiary,no,-42,yes,no,cellular,14,may,668,2,-1,0,unknown,yes
54,technician,married,secondary,no,0,no,no,telephone,30,apr,766,3,84,3,success,yes
40,blue-collar,married,primary,no,830,yes,no,cellular,13,may,873,3,370,2,failure,yes
47,technician,married,secondary,no,1981,yes,no,cellular,21,jul,919,2,-1,0,unknown,yes
37,services,married,secondary,no,981,no,no,cellular,7,jul,682,2,386,1,success,yes
35,blue-collar,married,primary,no,159,yes,yes,cellular,12,may,826,1,-1,0,unknown,yes
30,blue-collar,married,secondary,no,61,yes,no,cellular,5,may,525,1,-1,0,unknown,yes
46,blue-collar,married,primary,no,369,yes,no,unknown,13,may,916,2,-1,0,unknown,yes
42,management,single,tertiary,no,7560,no,no,cellular,28,jan,132,1,-1,0,unknown,yes
26,blue-collar,single,secondary,no,26,yes,yes,cellular,15,may,899,1,-1,0,unknown,yes
42,technician,single,secondary,no,1364,yes,no,unknown,15,may,1867,6,-1,0,unknown,yes
64,retired,married,unknown,no,34,no,no,cellular,26,aug,244,2,-1,0,unknown,yes
46,unemployed,married,secondary,no,926,no,no,cellular,7,jul,385,5,-1,0,unknown,yes
47,blue-collar,married,secondary,no,863,yes,no,unknown,19,may,943,2,-1,0,unknown,yes
60,technician,married,secondary,no,294,no,no,telephone,3,jun,206,4,-1,0,unknown,yes
37,housemaid,married,secondary,no,7433,no,yes,cellular,5,feb,630,3,-1,0,unknown,yes
25,blue-collar,single,primary,no,292,yes,yes,cellular,18,may,1027,2,-1,0,unknown,yes
25,student,single,secondary,no,2975,no,no,cellular,2,sep,799,2,-1,0,unknown,yes
34,technician,married,secondary,no,159,yes,no,cellular,18,oct,252,1,-1,0,unknown,yes
70,retired,married,primary,no,2795,no,no,cellular,8,jan,301,2,-1,0,unknown,yes
31,management,married,tertiary,no,676,no,no,cellular,7,aug,1182,1,-1,0,unknown,yes
41,technician,single,tertiary,no,145,no,no,cellular,22,jul,1833,2,-1,0,unknown,yes
28,self-employed,married,tertiary,no,0,yes,no,cellular,4,feb,546,3,196,4,failure,yes
39,self-employed,married,tertiary,no,1047,no,no,unknown,6,jun,554,1,-1,0,unknown,yes
60,technician,married,secondary,no,0,no,no,cellular,25,may,641,4,-1,0,unknown,yes
43,self-employed,married,secondary,no,14144,yes,no,cellular,21,nov,504,1,-1,0,unknown,yes
32,management,single,tertiary,no,354,no,no,cellular,4,mar,177,2,133,5,other,yes
53,blue-collar,married,secondary,no,1777,yes,no,cellular,21,nov,796,5,154,1,failure,yes
39,management,married,tertiary,no,1425,yes,no,cellular,12,may,775,3,-1,0,unknown,yes
43,management,single,tertiary,no,2081,no,no,cellular,22,oct,554,3,-1,0,unknown,yes
34,blue-collar,married,secondary,no,634,no,yes,cellular,12,may,737,3,-1,0,unknown,yes
29,blue-collar,married,secondary,no,7863,yes,no,cellular,14,may,1129,1,-1,0,unknown,yes
79,retired,married,secondary,no,723,no,no,telephone,9,sep,276,1,79,3,failure,yes
30,admin.,single,secondary,no,1309,no,no,cellular,28,jan,622,1,-1,0,unknown,yes
71,retired,married,secondary,no,2850,no,no,cellular,17,feb,185,1,-1,0,unknown,yes
49,technician,married,secondary,no,808,yes,no,cellular,28,jan,1232,1,-1,0,unknown,yes
25,student,single,secondary,no,1747,yes,no,cellular,24,jul,903,1,-1,0,unknown,yes
35,management,single,tertiary,no,68,no,no,unknown,6,jun,1085,1,-1,0,unknown,yes
38,blue-collar,married,primary,no,5839,yes,no,unknown,4,jun,984,2,-1,0,unknown,yes
28,admin.,single,secondary,no,460,yes,no,unknown,26,may,741,6,-1,0,unknown,yes
31,management,single,secondary,no,1088,yes,no,cellular,8,apr,575,2,-1,0,unknown,yes
25,technician,single,secondary,no,139,no,yes,cellular,12,oct,138,1,-1,0,unknown,yes
61,admin.,married,unknown,no,4629,yes,no,cellular,29,jul,349,3,183,2,success,yes
34,admin.,married,secondary,no,-33,yes,yes,cellular,10,jul,961,1,-1,0,unknown,yes
37,blue-collar,married,secondary,no,1330,no,no,cellular,30,apr,390,1,-1,0,unknown,yes
31,self-employed,single,tertiary,no,17924,yes,no,cellular,14,may,745,1,174,3,failure,yes
30,services,single,secondary,no,1268,yes,no,cellular,8,apr,105,4,320,8,other,yes
46,admin.,married,secondary,no,660,no,no,cellular,6,aug,740,2,-1,0,unknown,yes
59,retired,married,secondary,no,6888,no,no,telephone,20,nov,1025,2,-1,0,unknown,yes
47,admin.,married,secondary,no,3676,no,no,cellular,18,oct,567,1,95,3,success,yes
43,entrepreneur,married,secondary,no,104,yes,no,cellular,18,jul,635,3,-1,0,unknown,yes
40,unemployed,single,tertiary,no,7968,no,no,cellular,2,jun,596,1,-1,0,unknown,yes
59,admin.,married,secondary,no,145,yes,no,telephone,12,may,556,2,287,13,success,yes
59,technician,married,secondary,no,10925,no,no,cellular,21,apr,100,1,-1,0,unknown,yes
49,technician,divorced,tertiary,no,596,yes,no,telephone,15,sep,722,1,-1,0,unknown,yes
73,retired,divorced,tertiary,no,3203,no,no,cellular,20,apr,148,1,-1,0,unknown,yes
62,management,married,tertiary,no,0,no,no,cellular,3,sep,299,1,-1,0,unknown,yes
44,services,married,secondary,no,522,no,yes,unknown,20,jun,911,1,-1,0,unknown,yes
63,technician,married,secondary,no,973,no,no,cellular,25,feb,318,1,388,1,success,yes
60,admin.,divorced,secondary,no,-41,yes,yes,cellular,6,feb,1658,1,262,1,failure,yes
23,technician,single,secondary,no,4,yes,no,cellular,8,may,763,1,-1,0,unknown,yes
68,retired,married,secondary,no,1146,no,no,cellular,3,mar,153,2,110,3,success,yes
41,entrepreneur,married,primary,no,39,yes,no,cellular,21,nov,549,2,-1,0,unknown,yes
34,blue-collar,married,primary,no,3527,yes,no,cellular,21,nov,1022,1,-1,0,unknown,yes
38,blue-collar,divorced,secondary,no,0,yes,no,telephone,20,apr,162,1,181,5,success,yes
23,services,single,secondary,no,870,no,no,cellular,6,jul,316,4,-1,0,unknown,yes
65,retired,married,secondary,no,2326,no,yes,cellular,21,aug,276,1,-1,0,unknown,yes
35,technician,single,secondary,no,399,yes,no,cellular,13,may,496,2,345,3,failure,yes
57,admin.,married,secondary,no,403,yes,no,cellular,18,may,603,1,340,2,other,yes
57,admin.,married,secondary,no,4391,no,no,telephone,4,feb,1416,1,-1,0,unknown,yes
73,retired,married,primary,no,542,no,no,cellular,26,oct,355,1,180,5,failure,yes
24,student,single,secondary,no,689,no,no,cellular,8,sep,630,1,-1,0,unknown,yes
31,admin.,single,tertiary,no,355,yes,no,cellular,12,may,609,1,-1,0,unknown,yes
82,housemaid,divorced,primary,no,1381,no,no,cellular,28,jul,844,5,181,4,failure,yes
24,management,single,tertiary,no,1030,no,no,cellular,4,mar,396,2,-1,0,unknown,yes
81,retired,married,primary,no,5220,no,no,telephone,13,nov,135,1,94,2,other,yes
45,technician,married,secondary,no,1348,no,yes,cellular,1,apr,358,2,-1,0,unknown,yes
28,unknown,single,unknown,no,326,no,no,cellular,11,oct,450,1,231,1,success,yes
33,management,married,tertiary,no,0,yes,no,cellular,9,mar,305,1,326,1,success,yes
47,admin.,married,secondary,no,3676,no,no,cellular,15,jul,415,2,342,1,other,yes
39,admin.,divorced,secondary,no,728,yes,yes,cellular,18,oct,222,1,-1,0,unknown,yes
52,management,married,tertiary,no,7135,no,no,cellular,19,aug,1032,3,-1,0,unknown,yes
70,retired,married,primary,no,324,no,no,cellular,11,aug,632,1,308,6,other,yes
26,unemployed,single,secondary,no,622,no,no,cellular,28,jan,1451,2,-1,0,unknown,yes
25,technician,single,secondary,no,505,no,yes,cellular,17,nov,386,2,-1,0,unknown,yes
48,services,divorced,unknown,no,973,no,no,cellular,8,oct,319,1,134,2,success,yes
55,unknown,married,secondary,no,2206,no,no,cellular,12,aug,265,1,91,5,success,yes
31,management,married,tertiary,no,0,yes,yes,cellular,28,jul,664,8,-1,0,unknown,yes
73,retired,married,primary,no,796,no,no,cellular,23,oct,427,1,182,2,failure,yes
33,management,single,tertiary,no,2364,no,no,cellular,17,may,508,1,-1,0,unknown,yes
32,services,married,secondary,no,38,yes,no,cellular,15,may,744,1,-1,0,unknown,yes
49,technician,married,secondary,no,1684,no,yes,cellular,1,jun,412,2,-1,0,unknown,yes
54,management,married,tertiary,no,752,no,no,telephone,29,jul,211,5,491,4,other,yes
39,technician,divorced,secondary,no,902,yes,no,cellular,10,feb,691,2,180,5,failure,yes
36,services,single,secondary,no,-253,yes,no,cellular,14,apr,1073,1,-1,0,unknown,yes
76,retired,married,primary,no,3324,no,no,cellular,11,feb,309,1,90,4,success,yes
31,self-employed,single,tertiary,no,144,yes,no,unknown,16,may,676,1,-1,0,unknown,yes
27,management,single,primary,yes,13,no,no,cellular,30,jan,475,3,-1,0,unknown,yes
30,admin.,single,tertiary,no,311,no,no,cellular,31,mar,158,2,-1,0,unknown,yes
31,management,single,tertiary,no,307,no,no,cellular,8,jul,361,1,229,2,failure,yes
32,management,married,tertiary,no,2667,yes,no,cellular,4,mar,251,1,181,4,failure,yes
45,housemaid,married,secondary,no,4068,no,no,cellular,20,aug,184,1,-1,0,unknown,yes
33,admin.,single,secondary,no,572,yes,no,cellular,14,apr,344,1,74,2,failure,yes
43,technician,married,secondary,no,1358,no,no,cellular,10,mar,159,3,-1,0,unknown,yes
32,technician,single,tertiary,no,388,no,no,cellular,29,apr,250,3,-1,0,unknown,yes
41,blue-collar,married,secondary,no,2823,yes,no,unknown,14,may,858,1,-1,0,unknown,yes
29,management,single,tertiary,no,697,no,no,cellular,30,apr,365,1,85,1,success,yes
69,retired,divorced,primary,no,482,no,no,cellular,2,jul,260,2,-1,0,unknown,yes
35,services,married,secondary,no,52,yes,no,cellular,4,jun,328,2,94,4,success,yes
37,unemployed,single,secondary,no,2722,no,no,telephone,27,apr,426,2,179,3,other,yes
33,self-employed,single,tertiary,no,61,no,no,cellular,19,aug,836,3,-1,0,unknown,yes
47,admin.,married,secondary,no,368,no,no,cellular,21,may,403,1,87,6,success,yes
40,blue-collar,married,secondary,no,1954,no,no,cellular,31,jul,1107,2,-1,0,unknown,yes
30,services,single,primary,no,0,yes,yes,cellular,19,nov,686,1,-1,0,unknown,yes
47,technician,married,secondary,no,0,no,no,cellular,21,nov,591,1,10,1,failure,yes
37,unemployed,single,secondary,no,443,no,no,cellular,29,jan,1600,1,-1,0,unknown,yes
55,management,divorced,tertiary,no,2383,no,no,cellular,5,aug,1019,2,63,2,success,yes
29,self-employed,single,tertiary,no,814,no,no,unknown,13,aug,461,1,-1,0,unknown,yes
33,services,married,secondary,no,227,yes,yes,cellular,13,aug,477,2,-1,0,unknown,yes
27,technician,single,tertiary,no,393,no,no,cellular,1,apr,165,2,-1,0,unknown,yes
36,management,single,tertiary,no,811,no,no,cellular,6,mar,229,1,-1,0,unknown,yes
32,admin.,married,secondary,no,51,yes,yes,cellular,14,jan,203,1,87,2,other,yes
37,management,married,tertiary,no,238,no,no,cellular,3,nov,149,1,-1,0,unknown,yes
37,admin.,married,tertiary,no,3221,no,no,cellular,15,jun,379,2,376,13,other,yes
26,technician,single,secondary,no,1105,yes,no,cellular,6,sep,415,1,297,3,other,yes
52,management,married,tertiary,no,388,no,no,cellular,25,may,272,1,-1,0,unknown,yes
33,technician,single,secondary,no,719,yes,no,cellular,9,apr,448,2,316,6,failure,yes
35,management,married,tertiary,no,495,no,no,cellular,30,apr,266,1,87,1,failure,yes
32,services,single,secondary,no,3993,no,no,cellular,22,may,148,2,-1,0,unknown,yes
25,blue-collar,single,secondary,no,303,no,no,cellular,18,mar,265,1,-1,0,unknown,yes
37,unemployed,married,secondary,no,1978,no,no,cellular,11,mar,335,1,-1,0,unknown,yes
47,management,single,tertiary,no,334,yes,no,cellular,28,jun,614,3,94,9,success,yes
39,management,single,tertiary,no,1515,yes,no,cellular,4,may,815,6,167,6,failure,yes
59,management,married,tertiary,no,1,yes,no,cellular,29,apr,210,1,-1,0,unknown,yes
33,technician,married,tertiary,no,4401,no,no,cellular,30,apr,439,1,-1,0,unknown,yes
66,management,married,unknown,no,2149,yes,no,cellular,25,feb,98,1,87,10,failure,yes
26,student,single,tertiary,no,39,no,no,cellular,26,may,396,3,-1,0,unknown,yes
48,unemployed,single,tertiary,no,3229,no,no,unknown,16,jun,1089,1,-1,0,unknown,yes
46,management,married,unknown,no,2466,no,no,telephone,1,apr,216,3,370,1,failure,yes
25,technician,single,secondary,no,7103,yes,no,cellular,28,may,188,3,10,1,failure,yes
54,technician,single,tertiary,no,118,no,no,cellular,5,apr,280,1,-1,0,unknown,yes
31,blue-collar,married,secondary,no,625,yes,no,cellular,2,jul,135,2,49,3,failure,yes
44,management,married,tertiary,no,1791,no,no,cellular,11,feb,71,1,190,1,success,yes
73,retired,married,primary,no,5539,no,no,telephone,6,aug,338,1,-1,0,unknown,yes
28,blue-collar,single,tertiary,no,4099,no,no,cellular,23,apr,116,4,-1,0,unknown,yes
24,technician,married,secondary,no,556,yes,no,cellular,8,feb,278,1,94,4,success,yes
53,admin.,single,secondary,no,2398,yes,no,cellular,2,aug,317,1,180,2,failure,yes
32,management,married,tertiary,no,1331,no,no,cellular,12,nov,126,1,92,5,failure,yes
38,technician,married,secondary,no,226,yes,no,unknown,30,may,762,3,-1,0,unknown,yes
32,blue-collar,single,secondary,no,799,no,yes,cellular,23,jul,2078,6,-1,0,unknown,yes
32,management,divorced,tertiary,no,883,yes,no,cellular,10,dec,798,1,185,5,other,yes
93,retired,married,unknown,no,775,no,no,cellular,22,jul,860,2,177,7,success,yes
54,technician,married,unknown,no,240,yes,no,cellular,29,oct,142,1,-1,0,unknown,yes
42,blue-collar,divorced,primary,no,301,yes,no,cellular,17,jul,1175,2,-1,0,unknown,yes
43,technician,divorced,unknown,no,4389,no,no,cellular,8,apr,618,1,-1,0,unknown,yes
39,services,married,secondary,no,2843,yes,no,unknown,19,jun,585,1,-1,0,unknown,yes
57,retired,divorced,primary,no,720,no,no,telephone,17,feb,202,4,-1,0,unknown,yes
78,retired,divorced,secondary,no,3417,no,no,cellular,12,may,309,1,181,1,success,yes
34,technician,married,secondary,no,133,no,no,cellular,15,nov,401,2,187,5,success,yes
25,admin.,single,tertiary,no,1185,no,no,cellular,7,oct,290,1,114,1,failure,yes
28,technician,single,tertiary,no,3623,no,no,cellular,10,mar,261,1,-1,0,unknown,yes
57,retired,divorced,primary,no,63,no,yes,cellular,25,jul,1448,17,-1,0,unknown,yes
61,self-employed,divorced,tertiary,no,6610,no,no,cellular,24,feb,481,2,-1,0,unknown,yes
56,blue-collar,married,primary,no,0,yes,no,cellular,16,jul,1222,1,-1,0,unknown,yes
53,services,divorced,primary,no,-291,yes,yes,unknown,7,may,591,1,-1,0,unknown,yes
39,services,married,secondary,no,52,no,no,telephone,2,feb,1420,3,-1,0,unknown,yes
44,services,divorced,secondary,no,-368,yes,no,cellular,5,may,895,1,-1,0,unknown,yes
42,blue-collar,married,secondary,no,2913,no,no,cellular,3,jun,705,1,195,1,failure,yes
58,admin.,married,secondary,no,169,no,no,cellular,15,feb,216,1,91,4,success,yes
29,blue-collar,single,unknown,no,694,yes,yes,cellular,16,jul,1806,4,-1,0,unknown,yes
59,retired,divorced,secondary,no,1,no,no,cellular,19,aug,335,1,-1,0,unknown,yes
50,services,married,secondary,no,2376,yes,no,cellular,24,sep,395,1,-1,0,unknown,yes
83,retired,divorced,primary,no,1097,no,no,telephone,5,mar,181,1,-1,0,unknown,yes
34,management,married,tertiary,no,158,no,no,cellular,9,jun,190,1,92,9,success,yes
73,retired,married,unknown,no,3443,no,no,telephone,4,sep,770,3,-1,0,unknown,yes
41,blue-collar,married,secondary,no,203,no,no,cellular,2,jul,342,2,-1,0,unknown,yes
25,student,single,secondary,no,3713,no,no,cellular,24,may,323,2,353,3,other,yes
27,admin.,single,secondary,no,18188,yes,no,unknown,12,jun,541,17,-1,0,unknown,yes
37,management,married,tertiary,no,2987,yes,no,cellular,15,feb,93,1,91,9,failure,yes
61,retired,divorced,secondary,no,4243,no,no,cellular,30,apr,315,1,182,2,success,yes
31,admin.,single,secondary,no,622,no,no,cellular,18,jul,420,1,-1,0,unknown,yes
26,technician,single,secondary,no,354,no,no,cellular,16,jul,586,1,-1,0,unknown,yes
58,retired,married,unknown,no,9004,no,no,cellular,21,jul,891,4,-1,0,unknown,yes
38,admin.,divorced,secondary,no,19,yes,no,unknown,30,may,604,2,-1,0,unknown,yes
72,retired,married,secondary,no,1129,no,no,cellular,25,nov,208,1,91,1,success,yes
34,admin.,married,secondary,no,0,yes,no,cellular,10,feb,97,1,85,1,failure,yes
36,management,married,tertiary,no,254,no,no,cellular,3,feb,303,2,-1,0,unknown,yes
21,student,single,unknown,no,53,no,no,cellular,14,jun,270,1,-1,0,unknown,yes
52,services,married,secondary,no,659,no,no,cellular,27,oct,113,1,-1,0,unknown,yes
61,retired,married,secondary,no,86,no,no,cellular,23,oct,149,1,-1,0,unknown,yes
29,admin.,single,secondary,no,1070,yes,no,unknown,19,may,30,1,357,1,other,yes
40,technician,single,unknown,no,3652,yes,no,unknown,14,may,1028,2,-1,0,unknown,yes
72,retired,married,tertiary,no,0,no,no,cellular,13,feb,99,1,-1,0,unknown,yes
76,retired,married,tertiary,no,2991,no,no,cellular,22,oct,344,1,183,1,success,yes
57,management,divorced,unknown,no,2986,no,no,cellular,17,dec,222,2,231,1,failure,yes
71,retired,divorced,secondary,no,4380,no,no,cellular,22,sep,369,1,-1,0,unknown,yes
35,technician,single,secondary,no,1227,no,no,cellular,30,jul,1005,5,134,10,success,yes
58,admin.,divorced,secondary,no,1947,no,no,telephone,26,oct,228,1,-1,0,unknown,yes
36,technician,divorced,secondary,no,54,yes,no,cellular,27,aug,1642,3,-1,0,unknown,yes
34,technician,married,secondary,no,294,yes,no,cellular,8,jun,301,3,-1,0,unknown,yes
22,student,single,secondary,no,185,no,no,cellular,8,jul,153,1,-1,0,unknown,yes
27,management,single,tertiary,no,1720,no,no,cellular,15,jun,910,1,224,3,success,yes
77,unknown,married,unknown,no,397,no,no,telephone,7,may,300,3,-1,0,unknown,yes
28,student,single,tertiary,no,844,no,no,cellular,16,apr,551,2,-1,0,unknown,yes
55,housemaid,divorced,primary,no,77,no,no,cellular,31,jul,463,6,-1,0,unknown,yes
62,retired,married,secondary,no,1495,no,no,cellular,17,aug,606,1,196,1,success,yes
23,student,single,secondary,no,431,no,no,cellular,15,feb,201,3,186,2,success,yes
46,blue-collar,married,secondary,no,668,yes,no,unknown,15,may,1263,2,-1,0,unknown,yes
31,technician,single,tertiary,no,882,no,no,cellular,3,jun,411,1,-1,0,unknown,yes
33,technician,married,secondary,no,303,yes,no,cellular,3,feb,355,1,301,5,success,yes
35,services,single,secondary,no,719,yes,no,cellular,18,may,1359,3,368,3,failure,yes
33,blue-collar,married,primary,no,195,no,no,cellular,16,nov,984,5,-1,0,unknown,yes
54,unemployed,married,secondary,no,582,yes,no,cellular,15,may,693,5,372,2,failure,yes
39,technician,married,secondary,no,251,yes,no,cellular,17,jul,342,2,-1,0,unknown,yes
24,student,single,secondary,no,822,no,no,cellular,27,oct,184,1,91,2,failure,yes
23,admin.,single,tertiary,no,897,yes,no,cellular,8,feb,190,2,280,8,failure,yes
49,technician,married,tertiary,no,1071,no,no,cellular,16,sep,225,1,91,1,success,yes
34,entrepreneur,married,tertiary,no,146,yes,no,cellular,14,jul,788,2,-1,0,unknown,yes
73,retired,married,primary,no,279,no,no,cellular,28,jan,399,3,-1,0,unknown,yes
30,management,married,tertiary,no,7,yes,no,cellular,28,aug,173,1,164,4,other,yes
34,admin.,married,secondary,no,48,yes,no,cellular,7,may,1806,2,287,3,other,yes
35,management,divorced,tertiary,no,1723,yes,no,cellular,25,jul,862,1,-1,0,unknown,yes
48,blue-collar,single,primary,no,623,yes,no,cellular,2,feb,1425,2,-1,0,unknown,yes
28,student,single,tertiary,no,5741,no,no,cellular,10,sep,1042,5,200,3,failure,yes
24,services,single,secondary,yes,-122,yes,no,unknown,13,may,1000,1,-1,0,unknown,yes
32,technician,married,secondary,no,560,no,no,cellular,6,aug,1044,4,-1,0,unknown,yes
44,services,single,secondary,no,618,no,no,cellular,12,may,193,1,-1,0,unknown,yes
29,admin.,single,secondary,no,1277,no,no,cellular,20,jul,165,2,481,1,success,yes
75,retired,divorced,primary,no,3881,yes,no,cellular,4,feb,136,3,-1,0,unknown,yes
55,retired,divorced,secondary,no,2204,no,no,cellular,22,feb,261,1,264,1,failure,yes
47,blue-collar,married,secondary,no,182,yes,no,telephone,10,jul,39,1,-1,0,unknown,yes
37,services,married,secondary,no,775,no,yes,cellular,25,jul,1000,1,-1,0,unknown,yes
75,retired,married,primary,no,1765,no,no,telephone,14,sep,808,1,187,4,failure,yes
59,unemployed,married,secondary,no,957,no,no,cellular,8,mar,301,1,89,2,success,yes
43,blue-collar,single,secondary,no,740,yes,no,unknown,20,jun,585,2,-1,0,unknown,yes
47,blue-collar,married,secondary,no,1230,yes,no,telephone,12,nov,378,1,-1,0,unknown,yes
37,admin.,married,secondary,no,274,yes,no,unknown,27,may,731,3,-1,0,unknown,yes
36,services,married,unknown,no,618,no,no,cellular,13,jul,360,1,335,2,success,yes
53,admin.,married,secondary,no,1796,no,no,telephone,15,dec,476,1,193,1,failure,yes
55,management,divorced,tertiary,no,2037,no,no,cellular,4,feb,305,2,94,3,success,yes
55,management,married,tertiary,no,-375,no,no,cellular,30,jul,814,2,-1,0,unknown,yes
39,admin.,divorced,secondary,no,112,no,no,cellular,16,sep,574,3,-1,0,unknown,yes
39,blue-collar,married,secondary,no,1382,yes,no,cellular,12,aug,357,1,182,2,success,yes
60,admin.,married,secondary,no,3735,no,no,cellular,22,dec,190,1,188,9,success,yes
44,management,married,primary,no,558,no,no,cellular,19,feb,268,5,-1,0,unknown,yes
26,student,single,tertiary,no,10086,no,no,cellular,21,apr,110,2,-1,0,unknown,yes
24,student,single,secondary,no,3176,no,no,cellular,13,jan,108,2,-1,0,unknown,yes
30,blue-collar,single,secondary,no,315,no,no,cellular,23,jun,1407,1,-1,0,unknown,yes
56,management,married,unknown,no,4623,no,no,cellular,17,aug,348,1,-1,0,unknown,yes
42,services,married,secondary,no,1376,yes,no,cellular,2,jun,271,2,92,4,success,yes
34,technician,married,secondary,no,1012,yes,yes,telephone,28,oct,540,1,-1,0,unknown,yes
25,admin.,single,secondary,no,1871,no,no,cellular,8,sep,260,1,96,1,success,yes
56,technician,divorced,secondary,no,179,no,no,cellular,18,jul,536,1,-1,0,unknown,yes
25,blue-collar,single,secondary,no,389,no,no,cellular,3,jun,837,1,-1,0,unknown,yes
34,technician,married,secondary,no,294,yes,no,cellular,9,dec,265,1,184,3,success,yes
34,management,single,tertiary,no,3821,yes,no,cellular,13,may,649,2,-1,0,unknown,yes
58,technician,married,secondary,no,589,yes,no,cellular,10,feb,511,3,183,6,success,yes
32,technician,single,tertiary,no,5514,no,no,cellular,22,apr,319,1,182,1,success,yes
24,technician,single,secondary,no,403,no,no,unknown,17,jun,247,1,-1,0,unknown,yes
41,admin.,single,secondary,no,1020,yes,no,unknown,19,may,882,1,-1,0,unknown,yes
30,self-employed,single,tertiary,no,655,no,no,cellular,23,sep,272,4,184,1,success,yes
56,blue-collar,married,primary,no,1137,no,no,telephone,2,jul,176,1,-1,0,unknown,yes
38,blue-collar,single,tertiary,no,172,yes,no,cellular,1,apr,1176,1,-1,0,unknown,yes
28,blue-collar,single,secondary,no,-46,yes,no,cellular,1,jun,154,2,91,12,success,yes
27,services,single,secondary,no,353,yes,no,cellular,15,may,663,1,-1,0,unknown,yes
34,management,single,tertiary,no,5086,no,no,cellular,25,may,213,4,-1,0,unknown,yes
51,management,married,tertiary,no,346,no,no,cellular,11,aug,237,1,180,6,success,yes
39,technician,single,secondary,no,1355,yes,no,cellular,14,may,1180,1,-1,0,unknown,yes
35,services,married,secondary,no,4170,yes,no,unknown,20,may,1777,1,-1,0,unknown,yes
60,retired,divorced,tertiary,no,979,yes,no,cellular,15,jul,346,1,181,4,success,yes
18,student,single,unknown,no,3,no,no,cellular,25,aug,130,2,-1,0,unknown,yes
52,blue-collar,married,unknown,no,0,yes,no,cellular,9,jul,1486,1,-1,0,unknown,yes
35,blue-collar,divorced,primary,no,300,yes,no,unknown,13,may,945,2,-1,0,unknown,yes
25,services,single,tertiary,no,12,no,no,cellular,12,jun,126,6,-1,0,unknown,yes
26,student,single,secondary,no,620,no,no,cellular,22,may,223,1,94,1,success,yes
67,housemaid,divorced,secondary,no,5275,no,no,cellular,13,aug,222,4,-1,0,unknown,yes
29,management,married,tertiary,no,205,no,no,cellular,4,jun,787,1,-1,0,unknown,yes
31,admin.,married,secondary,no,97,yes,no,unknown,19,may,607,1,-1,0,unknown,yes
34,unemployed,married,secondary,no,978,no,no,cellular,3,jun,262,2,71,1,success,yes
43,technician,single,secondary,no,451,no,no,cellular,12,aug,289,2,-1,0,unknown,yes
28,management,single,tertiary,no,2725,no,no,cellular,16,jun,292,1,504,1,failure,yes
46,services,married,primary,no,437,yes,no,cellular,13,may,546,3,-1,0,unknown,yes
50,technician,married,secondary,no,156,no,yes,cellular,14,jul,1130,3,-1,0,unknown,yes
62,housemaid,married,unknown,no,2021,no,no,telephone,26,feb,361,1,-1,0,unknown,yes
48,admin.,single,secondary,no,1544,yes,no,telephone,30,jun,263,1,450,2,failure,yes
33,management,divorced,tertiary,no,2885,no,no,cellular,5,aug,1051,2,-1,0,unknown,yes
47,services,divorced,tertiary,no,1639,no,no,cellular,12,jan,349,1,-1,0,unknown,yes
32,admin.,single,secondary,no,131,yes,no,cellular,22,jun,522,1,183,2,success,yes
33,technician,married,tertiary,no,6843,no,no,cellular,20,nov,755,1,100,10,other,yes
44,self-employed,single,tertiary,no,1367,yes,no,cellular,13,apr,1232,3,146,1,other,yes
59,technician,married,secondary,no,135,yes,yes,cellular,23,jul,416,4,-1,0,unknown,yes
53,technician,married,secondary,no,1982,yes,yes,cellular,27,nov,160,1,-1,0,unknown,yes
33,management,single,tertiary,no,131,yes,no,cellular,12,oct,209,3,427,2,failure,yes
45,admin.,divorced,secondary,no,2353,yes,no,cellular,5,mar,182,1,107,2,other,yes
30,technician,married,secondary,no,-393,yes,yes,cellular,16,jul,435,1,-1,0,unknown,yes
29,unemployed,single,tertiary,no,1311,no,no,cellular,28,aug,622,1,-1,0,unknown,yes
56,unemployed,married,secondary,no,0,no,no,telephone,2,feb,492,1,-1,0,unknown,yes
45,blue-collar,married,secondary,no,10252,no,no,cellular,22,sep,173,1,141,2,success,yes
31,management,married,tertiary,no,537,yes,no,cellular,18,aug,216,1,-1,0,unknown,yes
39,unemployed,single,tertiary,no,7,yes,no,cellular,20,nov,931,4,-1,0,unknown,yes
36,management,married,tertiary,no,925,no,no,cellular,14,dec,321,3,189,4,success,yes
50,technician,married,secondary,no,416,yes,no,unknown,5,jun,494,5,-1,0,unknown,yes
31,unemployed,married,secondary,no,86,yes,yes,unknown,3,jun,963,2,-1,0,unknown,yes
58,retired,married,secondary,no,1230,no,no,cellular,20,may,420,1,87,1,failure,yes
30,management,single,tertiary,no,572,no,no,cellular,17,jun,339,3,183,2,success,yes
36,management,married,tertiary,no,1113,no,no,cellular,1,sep,212,1,-1,0,unknown,yes
39,technician,married,secondary,no,116,no,no,cellular,22,may,554,2,-1,0,unknown,yes
22,admin.,single,tertiary,no,897,yes,no,cellular,4,feb,133,4,-1,0,unknown,yes
45,unknown,married,tertiary,no,406,no,no,cellular,7,sep,314,1,-1,0,unknown,yes
24,student,single,secondary,no,8165,no,no,cellular,15,sep,216,1,-1,0,unknown,yes
29,services,single,secondary,no,32,yes,no,unknown,4,jun,563,1,-1,0,unknown,yes
29,unemployed,single,secondary,no,25,no,no,cellular,14,apr,207,2,-1,0,unknown,yes
28,admin.,single,secondary,no,707,yes,no,cellular,25,may,226,1,-1,0,unknown,yes
27,blue-collar,married,secondary,no,419,yes,no,unknown,4,jun,1181,2,-1,0,unknown,yes
39,management,divorced,tertiary,no,517,yes,yes,unknown,14,may,1328,1,-1,0,unknown,yes
55,management,married,tertiary,no,7803,no,no,cellular,15,jan,441,1,-1,0,unknown,yes
38,technician,married,secondary,no,5115,yes,no,cellular,27,feb,99,1,102,6,success,yes
29,blue-collar,single,secondary,no,734,yes,yes,cellular,30,apr,259,1,296,1,other,yes
36,blue-collar,married,primary,no,599,yes,no,unknown,21,may,649,2,-1,0,unknown,yes
51,blue-collar,married,primary,no,0,yes,yes,cellular,25,jul,946,3,-1,0,unknown,yes
27,technician,single,tertiary,no,1075,no,no,cellular,2,mar,658,1,-1,0,unknown,yes
38,management,married,unknown,no,3576,no,no,cellular,26,may,579,1,-1,0,unknown,yes
46,admin.,divorced,secondary,no,2087,no,no,cellular,20,nov,768,3,-1,0,unknown,yes
33,entrepreneur,single,tertiary,no,300,yes,yes,cellular,30,jan,922,5,-1,0,unknown,yes
35,management,single,tertiary,no,1599,yes,yes,cellular,13,apr,407,1,-1,0,unknown,yes
52,retired,divorced,tertiary,no,3687,yes,yes,unknown,16,jun,741,4,-1,0,unknown,yes
44,technician,divorced,secondary,no,14,no,no,cellular,13,nov,167,1,92,1,success,yes
58,unknown,married,unknown,no,1547,no,no,telephone,5,aug,1186,4,-1,0,unknown,yes
31,management,single,tertiary,no,147,no,no,cellular,9,mar,469,1,181,2,success,yes
36,technician,single,secondary,no,539,yes,no,cellular,27,aug,398,2,477,1,failure,yes
42,entrepreneur,single,unknown,no,323,no,no,unknown,16,jun,617,1,-1,0,unknown,yes
33,blue-collar,single,unknown,no,129,yes,yes,cellular,30,apr,482,1,161,1,failure,yes
35,student,single,secondary,no,188,yes,no,cellular,5,may,863,1,78,8,success,yes
35,services,married,secondary,no,341,yes,no,cellular,14,may,345,1,-1,0,unknown,yes
44,management,married,tertiary,no,1791,no,no,telephone,12,aug,201,1,182,2,success,yes
38,housemaid,divorced,secondary,no,70,no,no,cellular,1,jun,263,1,-1,0,unknown,yes
58,unemployed,married,primary,no,1183,no,no,cellular,31,jul,1721,5,-1,0,unknown,yes
36,admin.,divorced,secondary,no,592,no,no,cellular,13,oct,204,2,99,5,failure,yes
34,services,married,secondary,no,-538,yes,no,unknown,26,may,682,1,-1,0,unknown,yes
25,blue-collar,single,secondary,no,0,no,no,cellular,23,apr,163,1,-1,0,unknown,yes
32,technician,single,secondary,no,483,no,no,cellular,8,aug,580,3,-1,0,unknown,yes
33,admin.,single,secondary,no,315,yes,yes,cellular,14,may,888,3,-1,0,unknown,yes
33,blue-collar,divorced,primary,no,390,yes,no,unknown,9,may,665,2,-1,0,unknown,yes
50,management,married,tertiary,no,1396,no,no,cellular,25,aug,731,6,-1,0,unknown,yes
25,admin.,single,secondary,no,2816,no,no,cellular,30,apr,327,1,-1,0,unknown,yes
53,retired,married,secondary,no,665,yes,no,cellular,22,apr,371,2,-1,0,unknown,yes
20,student,single,secondary,no,215,no,no,cellular,24,nov,325,1,95,5,success,yes
35,management,single,tertiary,no,2707,no,no,cellular,5,feb,699,1,-1,0,unknown,yes
70,retired,married,tertiary,no,44,no,no,cellular,18,sep,1104,2,88,2,other,yes
36,admin.,single,secondary,no,11174,yes,no,cellular,15,apr,953,1,-1,0,unknown,yes
45,services,single,primary,no,1893,yes,no,unknown,3,jun,1259,6,-1,0,unknown,yes
48,management,married,tertiary,no,1167,yes,yes,cellular,1,jun,264,1,-1,0,unknown,yes
24,management,married,unknown,no,448,no,no,cellular,14,apr,324,1,-1,0,unknown,yes
26,services,single,tertiary,no,1140,yes,no,cellular,6,feb,984,2,-1,0,unknown,yes
33,management,married,tertiary,no,1064,yes,no,cellular,13,may,562,1,-1,0,unknown,yes
53,retired,married,tertiary,no,2269,no,no,cellular,17,nov,1091,2,150,1,success,yes
43,unemployed,married,secondary,no,0,yes,yes,cellular,23,sep,183,2,184,13,failure,yes
34,technician,single,secondary,no,2085,no,no,cellular,10,aug,356,3,182,2,success,yes
38,admin.,married,secondary,no,1767,yes,no,cellular,12,nov,893,7,-1,0,unknown,yes
56,retired,married,primary,no,9367,no,no,cellular,4,may,617,2,-1,0,unknown,yes
36,services,single,secondary,no,1227,yes,yes,cellular,4,may,775,5,341,3,failure,yes
60,management,married,tertiary,no,474,no,no,cellular,31,aug,415,5,186,3,other,yes
66,self-employed,married,tertiary,no,147,no,no,telephone,12,jan,411,1,-1,0,unknown,yes
33,admin.,single,secondary,no,5,yes,no,cellular,15,may,934,2,368,2,failure,yes
31,management,single,tertiary,no,3384,no,no,cellular,16,sep,153,1,104,2,success,yes
43,management,married,tertiary,no,839,no,no,cellular,22,jul,942,1,-1,0,unknown,yes
27,blue-collar,married,primary,no,416,yes,no,unknown,30,may,1193,2,-1,0,unknown,yes
57,management,married,tertiary,no,10583,no,no,cellular,22,jun,295,3,-1,0,unknown,yes
30,management,single,tertiary,no,12857,yes,no,cellular,6,nov,150,1,-1,0,unknown,yes
39,technician,married,tertiary,no,94,yes,yes,unknown,16,may,813,1,-1,0,unknown,yes
22,admin.,single,secondary,no,33,no,no,cellular,12,feb,369,1,-1,0,unknown,yes
39,blue-collar,married,primary,no,118,no,no,cellular,3,feb,906,1,-1,0,unknown,yes
45,admin.,married,unknown,no,5511,no,no,cellular,2,jul,272,1,-1,0,unknown,yes
25,blue-collar,single,secondary,no,1857,yes,no,cellular,12,oct,187,1,91,12,success,yes
26,admin.,single,secondary,no,338,no,no,cellular,29,oct,209,1,188,2,unknown,yes
26,admin.,married,secondary,no,3415,no,no,cellular,8,apr,209,1,-1,0,unknown,yes
39,self-employed,married,tertiary,no,2630,no,no,unknown,12,jun,651,5,-1,0,unknown,yes
24,student,single,secondary,no,387,no,no,telephone,4,may,340,8,-1,0,unknown,yes
30,self-employed,single,tertiary,no,916,no,no,cellular,29,dec,449,2,-1,0,unknown,yes
52,unemployed,married,secondary,no,94,no,no,cellular,10,feb,153,1,92,13,success,yes
43,blue-collar,married,secondary,no,2160,no,no,cellular,2,jun,169,1,-1,0,unknown,yes
41,management,married,tertiary,no,0,no,no,cellular,11,aug,1242,5,-1,0,unknown,yes
55,management,married,primary,no,2587,no,no,cellular,4,sep,328,2,94,2,success,yes
30,blue-collar,married,secondary,no,309,yes,no,unknown,7,may,1574,2,-1,0,unknown,yes
53,management,divorced,tertiary,no,2152,no,no,cellular,13,feb,75,3,-1,0,unknown,yes
31,blue-collar,married,primary,no,-537,yes,yes,cellular,21,jul,1039,7,-1,0,unknown,yes
56,blue-collar,married,secondary,no,249,yes,no,unknown,29,may,791,2,-1,0,unknown,yes
44,management,married,tertiary,no,4119,yes,yes,telephone,21,nov,1074,1,-1,0,unknown,yes
46,unemployed,single,tertiary,no,44,no,no,cellular,14,aug,225,1,-1,0,unknown,yes
44,admin.,married,secondary,no,205,no,no,cellular,3,nov,289,1,-1,0,unknown,yes
31,technician,married,secondary,no,684,yes,no,cellular,7,dec,620,3,-1,0,unknown,yes
55,management,married,unknown,no,3122,no,no,cellular,8,jul,349,1,-1,0,unknown,yes
35,technician,single,tertiary,no,2658,yes,no,cellular,19,aug,768,2,141,3,failure,yes
54,retired,single,secondary,no,129,no,yes,cellular,28,jul,867,2,-1,0,unknown,yes
54,admin.,married,secondary,no,602,no,no,cellular,3,mar,143,2,-1,0,unknown,yes
32,management,married,tertiary,no,169,no,no,telephone,14,aug,698,2,-1,0,unknown,yes
51,blue-collar,divorced,primary,no,-19,yes,no,cellular,13,may,829,1,296,11,failure,yes
54,admin.,divorced,secondary,no,1872,no,no,cellular,13,feb,439,5,-1,0,unknown,yes
47,management,married,unknown,no,4189,yes,no,cellular,19,nov,489,3,-1,0,unknown,yes
43,technician,married,secondary,no,-754,yes,yes,cellular,9,jul,727,3,-1,0,unknown,yes
29,services,single,unknown,no,196,no,no,cellular,30,jan,726,2,-1,0,unknown,yes
44,admin.,married,tertiary,no,348,yes,yes,cellular,16,feb,170,2,-1,0,unknown,yes
59,management,married,tertiary,no,2239,no,no,cellular,20,aug,377,6,90,1,success,yes
81,retired,divorced,secondary,no,452,no,no,telephone,16,dec,443,1,-1,0,unknown,yes
54,management,divorced,tertiary,no,12018,yes,no,cellular,21,dec,267,2,-1,0,unknown,yes
61,management,married,tertiary,no,175,no,no,telephone,5,aug,270,2,-1,0,unknown,yes
35,management,married,tertiary,no,8,no,no,cellular,23,apr,93,3,-1,0,unknown,yes
38,self-employed,single,tertiary,no,5774,yes,no,cellular,15,may,406,4,359,5,other,yes
48,services,divorced,secondary,no,-276,yes,yes,cellular,13,may,674,1,-1,0,unknown,yes
53,management,married,tertiary,no,15,no,no,cellular,20,aug,921,2,-1,0,unknown,yes
31,services,single,secondary,no,1709,no,yes,telephone,28,jan,944,3,-1,0,unknown,yes
37,blue-collar,single,secondary,no,5024,no,yes,cellular,25,jul,661,4,-1,0,unknown,yes
60,management,married,secondary,no,544,no,no,cellular,12,jun,95,7,357,2,failure,yes
35,blue-collar,single,secondary,no,3623,no,no,telephone,30,oct,160,1,-1,0,unknown,yes
51,entrepreneur,married,unknown,no,606,yes,no,unknown,28,may,560,9,-1,0,unknown,yes
61,retired,married,tertiary,no,2557,yes,no,cellular,10,feb,158,2,92,5,success,yes
58,admin.,married,secondary,no,169,no,no,cellular,13,may,336,3,87,5,success,yes
29,management,single,tertiary,no,-27,no,no,cellular,13,may,270,1,-1,0,unknown,yes
33,management,married,secondary,no,3935,yes,no,cellular,6,may,765,1,342,2,failure,yes
32,technician,single,tertiary,no,550,no,no,cellular,19,nov,337,1,-1,0,unknown,yes
32,self-employed,single,tertiary,no,0,yes,no,cellular,6,may,767,1,-1,0,unknown,yes
24,self-employed,single,tertiary,no,2984,yes,no,unknown,27,may,935,1,-1,0,unknown,yes
40,management,single,tertiary,no,1361,no,no,cellular,29,jan,1473,1,-1,0,unknown,yes
34,technician,single,tertiary,no,925,yes,no,cellular,13,apr,709,1,-1,0,unknown,yes
42,blue-collar,married,secondary,no,1598,yes,yes,cellular,16,apr,1463,2,-1,0,unknown,yes
33,management,single,tertiary,no,432,no,no,telephone,20,aug,588,6,-1,0,unknown,yes
31,blue-collar,married,secondary,no,0,yes,no,unknown,10,aug,97,1,782,1,other,yes
40,management,single,tertiary,no,0,no,no,cellular,6,aug,641,6,-1,0,unknown,yes
35,management,single,tertiary,no,671,yes,no,cellular,10,mar,112,1,-1,0,unknown,yes
57,management,divorced,unknown,no,854,no,no,cellular,27,aug,700,4,92,1,failure,yes
57,retired,married,secondary,no,3738,yes,no,cellular,20,jul,178,2,92,8,failure,yes
43,admin.,married,tertiary,no,189,yes,no,cellular,14,jul,1062,4,-1,0,unknown,yes
46,blue-collar,married,secondary,no,640,yes,no,cellular,6,may,246,1,55,5,success,yes
57,management,divorced,tertiary,no,3287,no,no,cellular,30,mar,277,2,337,1,success,yes
49,services,married,primary,no,1830,yes,no,cellular,15,feb,136,1,-1,0,unknown,yes
39,technician,single,secondary,no,1022,yes,no,unknown,20,may,1410,2,-1,0,unknown,yes
47,technician,married,tertiary,no,2408,no,no,cellular,30,apr,376,1,-1,0,unknown,yes
36,management,married,tertiary,no,0,yes,no,telephone,23,oct,140,1,143,3,failure,yes
46,admin.,married,secondary,no,974,no,no,cellular,17,mar,178,1,-1,0,unknown,yes
31,blue-collar,married,secondary,no,1406,yes,yes,cellular,13,apr,1091,2,-1,0,unknown,yes
33,management,married,tertiary,no,158,no,no,cellular,6,feb,192,2,-1,0,unknown,yes
33,services,married,secondary,no,114,no,yes,unknown,3,jul,676,1,-1,0,unknown,yes
38,technician,single,secondary,no,-242,yes,no,cellular,18,may,1173,3,278,6,success,yes
34,management,married,tertiary,no,589,no,no,cellular,19,apr,125,2,-1,0,unknown,yes
28,management,single,tertiary,no,0,yes,no,cellular,16,jul,767,5,-1,0,unknown,yes
59,admin.,single,secondary,no,4744,no,no,cellular,4,sep,879,1,-1,0,unknown,yes
27,blue-collar,single,secondary,yes,-27,no,no,unknown,23,jun,498,2,-1,0,unknown,yes
50,blue-collar,married,primary,no,4979,no,no,telephone,6,apr,180,1,-1,0,unknown,yes
33,admin.,single,tertiary,no,235,yes,no,cellular,18,may,525,1,-1,0,unknown,yes
59,services,married,secondary,no,2965,yes,no,cellular,13,may,1970,3,-1,0,unknown,yes
32,services,single,secondary,no,2615,no,no,cellular,19,nov,853,1,-1,0,unknown,yes
26,unemployed,single,secondary,no,632,no,no,cellular,12,aug,312,3,181,1,success,yes
37,unemployed,married,secondary,no,1978,no,no,cellular,9,sep,404,1,182,1,success,yes
43,retired,married,secondary,no,860,no,no,telephone,30,oct,132,1,-1,0,unknown,yes
28,admin.,married,secondary,no,1595,no,no,cellular,9,sep,268,1,254,4,success,yes
26,admin.,single,primary,no,-122,yes,no,unknown,23,jun,670,3,-1,0,unknown,yes
39,management,single,tertiary,no,5047,no,no,cellular,29,apr,218,4,-1,0,unknown,yes
60,technician,single,primary,no,11262,no,no,cellular,26,aug,323,1,-1,0,unknown,yes
36,services,single,tertiary,no,1189,no,no,cellular,17,aug,220,1,-1,0,unknown,yes
81,retired,married,primary,no,243,no,no,cellular,27,oct,131,1,-1,0,unknown,yes
58,management,married,tertiary,no,4152,yes,no,cellular,30,apr,750,2,164,4,other,yes
25,student,single,secondary,no,348,no,no,cellular,10,aug,245,1,-1,0,unknown,yes
40,management,married,tertiary,no,66,no,no,cellular,13,aug,737,4,-1,0,unknown,yes
57,management,married,tertiary,no,2681,no,no,cellular,11,mar,266,2,-1,0,unknown,yes
31,admin.,married,secondary,no,35,no,no,cellular,30,apr,615,1,-1,0,unknown,yes
53,technician,married,secondary,no,-725,yes,no,unknown,27,may,1205,1,-1,0,unknown,yes
51,management,married,tertiary,no,346,no,no,cellular,12,feb,122,1,92,5,success,yes
22,student,single,secondary,no,71,no,no,cellular,13,jul,337,1,181,2,success,yes
52,technician,married,secondary,no,371,yes,yes,cellular,21,apr,224,2,182,1,success,yes
37,admin.,single,tertiary,no,1000,yes,no,cellular,15,jun,322,1,90,1,success,yes
48,blue-collar,married,secondary,no,1730,yes,no,cellular,4,may,361,1,89,3,success,yes
29,technician,single,secondary,no,825,no,no,cellular,25,jun,472,2,-1,0,unknown,yes
25,technician,single,secondary,no,139,no,yes,cellular,11,jan,202,1,91,1,success,yes
38,blue-collar,married,secondary,no,2467,no,no,cellular,2,jun,192,1,-1,0,unknown,yes
61,technician,married,secondary,no,1191,no,no,cellular,21,may,214,4,-1,0,unknown,yes
36,management,married,tertiary,no,495,no,no,cellular,14,jun,187,1,94,9,success,yes
27,student,single,secondary,no,538,no,no,cellular,18,dec,170,4,197,2,success,yes
35,technician,married,secondary,no,2779,no,no,cellular,26,apr,182,2,186,2,success,yes
33,technician,single,tertiary,no,127,yes,no,cellular,6,apr,583,2,222,17,failure,yes
86,retired,married,primary,no,1255,no,no,telephone,14,jul,247,1,180,3,success,yes
38,technician,married,secondary,no,6728,no,no,cellular,21,aug,252,4,-1,0,unknown,yes
40,management,married,secondary,no,406,yes,no,unknown,12,jun,577,2,-1,0,unknown,yes
59,management,married,tertiary,no,0,yes,yes,cellular,20,apr,392,1,-1,0,unknown,yes
34,blue-collar,married,primary,no,329,yes,no,cellular,17,apr,952,1,343,1,failure,yes
64,retired,married,unknown,no,679,no,no,telephone,16,nov,167,1,-1,0,unknown,yes
43,management,married,tertiary,no,1059,no,yes,cellular,1,jun,335,2,-1,0,unknown,yes
43,unemployed,married,tertiary,no,0,no,no,cellular,18,oct,464,1,94,2,success,yes
59,retired,single,secondary,no,351,yes,no,unknown,27,may,1063,5,-1,0,unknown,yes
55,management,married,primary,no,113,no,no,cellular,12,aug,306,1,457,3,failure,yes
27,technician,single,secondary,no,1742,yes,no,unknown,16,may,787,1,-1,0,unknown,yes
47,management,married,tertiary,no,2351,no,no,cellular,2,jun,163,2,84,1,success,yes
37,housemaid,single,secondary,no,465,yes,no,cellular,18,may,899,3,-1,0,unknown,yes
68,retired,married,secondary,no,0,no,no,cellular,22,jun,586,1,-1,0,unknown,yes
71,retired,married,primary,no,3230,no,no,cellular,24,may,341,2,133,3,failure,yes
58,unemployed,married,secondary,no,687,yes,no,cellular,30,apr,341,2,-1,0,unknown,yes
60,management,married,tertiary,no,13546,no,no,cellular,17,apr,452,3,-1,0,unknown,yes
29,admin.,single,secondary,no,1027,yes,no,cellular,2,feb,177,1,-1,0,unknown,yes
26,services,single,secondary,no,1347,no,no,telephone,18,jun,280,6,92,5,other,yes
45,technician,married,secondary,no,879,no,no,cellular,7,jul,621,2,-1,0,unknown,yes
37,admin.,divorced,tertiary,no,4708,no,no,cellular,2,jun,238,1,181,2,success,yes
38,management,married,unknown,no,3576,no,no,cellular,25,nov,349,2,183,1,success,yes
47,blue-collar,married,secondary,no,1996,no,no,unknown,5,jun,761,2,-1,0,unknown,yes
34,unemployed,single,secondary,no,1965,no,no,telephone,4,may,714,1,-1,0,unknown,yes
45,blue-collar,divorced,primary,no,-311,yes,no,unknown,23,may,1030,1,-1,0,unknown,yes
50,management,married,tertiary,no,469,no,no,cellular,16,apr,161,1,-1,0,unknown,yes
37,management,married,tertiary,no,57,no,no,cellular,5,feb,345,1,-1,0,unknown,yes
46,blue-collar,married,secondary,no,456,no,yes,cellular,18,aug,618,6,-1,0,unknown,yes
32,services,single,unknown,no,2378,no,no,cellular,17,nov,1132,2,-1,0,unknown,yes
47,management,single,tertiary,no,551,no,no,cellular,29,oct,124,1,-1,0,unknown,yes
40,services,divorced,primary,no,471,yes,no,cellular,16,apr,1156,1,345,2,failure,yes
27,technician,single,secondary,no,643,no,no,cellular,13,jul,317,1,-1,0,unknown,yes
38,blue-collar,divorced,primary,no,0,yes,no,cellular,13,may,531,2,-1,0,unknown,yes
33,blue-collar,single,primary,no,863,yes,no,telephone,13,may,622,3,-1,0,unknown,yes
45,admin.,married,secondary,no,205,no,no,cellular,4,may,552,1,90,2,success,yes
49,technician,married,tertiary,no,523,yes,no,cellular,2,jun,712,1,60,3,failure,yes
45,management,married,tertiary,no,160,no,no,cellular,30,apr,619,1,-1,0,unknown,yes
46,management,divorced,tertiary,no,558,no,no,cellular,6,jul,319,1,-1,0,unknown,yes
36,management,single,tertiary,no,3850,yes,no,cellular,12,aug,239,2,100,4,failure,yes
37,management,married,tertiary,no,3737,no,no,cellular,7,jul,224,1,-1,0,unknown,yes
26,management,single,tertiary,no,170,no,no,cellular,15,jun,129,1,-1,0,unknown,yes
36,management,single,tertiary,no,579,no,no,unknown,12,apr,481,1,-1,0,unknown,yes
27,technician,married,secondary,no,2183,yes,yes,unknown,21,may,857,1,-1,0,unknown,yes
28,student,single,secondary,no,0,no,no,cellular,20,apr,185,1,-1,0,unknown,yes
26,admin.,single,tertiary,no,313,no,yes,cellular,2,jun,199,1,96,2,success,yes
30,technician,single,tertiary,no,2325,no,no,cellular,10,aug,263,1,127,7,failure,yes
33,services,married,secondary,no,478,no,no,cellular,30,apr,475,2,-1,0,unknown,yes
54,housemaid,single,secondary,no,1213,no,no,cellular,12,nov,241,1,-1,0,unknown,yes
58,retired,married,primary,no,565,no,no,telephone,7,jul,876,1,-1,0,unknown,yes
34,management,married,secondary,yes,879,yes,no,cellular,17,apr,712,1,344,1,failure,yes
32,technician,married,secondary,no,484,yes,no,cellular,12,aug,668,2,463,1,success,yes
31,management,single,tertiary,no,515,no,no,cellular,1,jun,296,5,-1,0,unknown,yes
39,management,married,unknown,no,76,no,no,cellular,15,sep,200,1,183,1,success,yes
30,services,single,tertiary,no,1788,no,no,cellular,4,aug,288,1,181,2,failure,yes
33,management,married,secondary,no,336,no,no,cellular,15,apr,179,3,-1,0,unknown,yes
43,management,divorced,tertiary,no,388,yes,no,unknown,8,may,2087,2,-1,0,unknown,yes
31,blue-collar,single,tertiary,no,761,no,no,telephone,18,nov,514,2,-1,0,unknown,yes
33,management,single,tertiary,no,1120,no,no,cellular,11,aug,1070,2,-1,0,unknown,yes
37,services,married,secondary,no,466,yes,yes,cellular,25,may,377,1,-1,0,unknown,yes
51,unemployed,married,primary,no,1162,yes,no,cellular,25,jul,2015,1,-1,0,unknown,yes
35,technician,married,secondary,no,2201,no,no,telephone,12,apr,350,1,-1,0,unknown,yes
27,management,single,tertiary,no,703,yes,no,unknown,5,jun,590,3,-1,0,unknown,yes
29,admin.,married,tertiary,no,238,no,no,cellular,25,may,344,2,88,1,failure,yes
33,housemaid,single,tertiary,no,1107,yes,no,cellular,18,mar,201,1,-1,0,unknown,yes
37,services,married,secondary,no,2678,no,no,cellular,25,mar,156,1,-1,0,unknown,yes
27,technician,single,secondary,no,2,yes,yes,cellular,6,may,554,2,356,1,failure,yes
28,admin.,single,unknown,no,2736,no,no,cellular,8,jul,705,1,-1,0,unknown,yes
30,student,single,unknown,no,4468,no,no,cellular,2,feb,204,1,-1,0,unknown,yes
28,management,married,secondary,no,292,yes,no,unknown,28,may,507,1,-1,0,unknown,yes
47,admin.,divorced,secondary,no,555,yes,yes,telephone,17,oct,478,1,-1,0,unknown,yes
34,technician,married,tertiary,no,1539,yes,no,cellular,15,jun,441,1,56,1,other,yes
23,student,single,secondary,no,381,no,no,cellular,23,feb,696,1,189,2,other,yes
27,services,married,secondary,no,0,yes,no,cellular,22,jul,1608,13,-1,0,unknown,yes
58,entrepreneur,married,tertiary,no,853,no,no,unknown,5,jun,1149,2,-1,0,unknown,yes
43,admin.,married,secondary,no,2271,no,no,telephone,10,nov,524,1,-1,0,unknown,yes
52,services,married,secondary,no,961,no,yes,cellular,18,feb,222,1,553,4,failure,yes
37,blue-collar,married,primary,no,2120,yes,no,cellular,15,may,655,3,175,4,failure,yes
33,technician,single,secondary,no,163,yes,no,cellular,20,aug,627,2,-1,0,unknown,yes
38,technician,married,secondary,no,1919,no,no,cellular,4,aug,846,1,-1,0,unknown,yes
22,student,single,unknown,no,466,no,no,cellular,30,jun,377,1,-1,0,unknown,yes
40,blue-collar,married,primary,no,1841,yes,no,cellular,15,may,880,4,-1,0,unknown,yes
57,retired,married,tertiary,no,0,yes,yes,unknown,28,may,648,1,-1,0,unknown,yes
42,management,divorced,tertiary,no,1243,no,no,cellular,26,aug,1000,4,-1,0,unknown,yes
48,entrepreneur,single,secondary,no,315,no,no,unknown,11,feb,271,1,-1,0,unknown,yes
25,student,married,tertiary,no,10,yes,no,cellular,21,jul,857,4,-1,0,unknown,yes
38,technician,married,secondary,no,976,yes,no,cellular,14,jul,766,3,-1,0,unknown,yes
74,retired,married,primary,no,670,no,no,cellular,23,apr,266,5,-1,0,unknown,yes
33,technician,married,tertiary,no,1699,no,no,cellular,28,jan,202,1,83,3,success,yes
55,housemaid,married,secondary,no,127,yes,no,telephone,21,jul,1130,8,-1,0,unknown,yes
32,admin.,single,secondary,no,620,yes,no,unknown,26,may,1234,3,-1,0,unknown,yes
35,blue-collar,married,primary,no,1177,no,no,cellular,8,jun,243,4,-1,0,unknown,yes
48,technician,single,secondary,no,-92,yes,no,cellular,3,feb,1393,1,-1,0,unknown,yes
28,blue-collar,single,secondary,no,-46,yes,no,cellular,2,mar,525,1,89,11,failure,yes
54,unknown,married,secondary,no,2206,no,no,cellular,13,may,260,1,91,4,success,yes
37,services,single,secondary,no,278,yes,no,unknown,3,jun,1045,3,-1,0,unknown,yes
34,unemployed,married,primary,no,309,no,no,cellular,5,feb,578,1,-1,0,unknown,yes
51,technician,married,secondary,no,6840,no,no,telephone,7,jul,257,1,-1,0,unknown,yes
32,blue-collar,married,secondary,no,2089,yes,no,cellular,14,nov,132,1,-1,0,unknown,yes
34,management,single,tertiary,no,275,no,no,cellular,2,aug,196,2,455,23,other,yes
54,services,married,unknown,no,386,no,yes,unknown,20,jun,838,1,-1,0,unknown,yes
33,blue-collar,single,secondary,no,76,yes,no,unknown,4,jun,1141,4,-1,0,unknown,yes
60,blue-collar,married,primary,no,493,no,no,cellular,18,aug,671,4,-1,0,unknown,yes
59,admin.,married,secondary,no,0,yes,no,cellular,10,jul,982,1,-1,0,unknown,yes
45,technician,married,secondary,no,0,yes,no,cellular,7,dec,344,1,-1,0,unknown,yes
49,management,married,secondary,no,249,no,no,telephone,6,nov,234,1,-1,0,unknown,yes
59,services,married,secondary,no,-22,yes,no,unknown,26,may,748,3,-1,0,unknown,yes
38,services,married,secondary,no,5293,yes,no,cellular,11,may,475,1,171,6,failure,yes
54,services,single,secondary,no,0,no,no,cellular,23,sep,209,1,-1,0,unknown,yes
48,unemployed,divorced,secondary,no,201,no,no,cellular,10,nov,594,1,91,1,success,yes
28,technician,single,tertiary,no,-123,no,yes,cellular,23,jul,690,1,-1,0,unknown,yes
45,management,married,tertiary,no,31472,no,no,cellular,19,jul,568,7,-1,0,unknown,yes
40,unemployed,married,secondary,no,1960,yes,no,unknown,2,jun,605,6,-1,0,unknown,yes
61,management,married,tertiary,no,3371,no,no,cellular,28,sep,299,2,-1,0,unknown,yes
60,admin.,married,secondary,no,3735,no,no,cellular,22,mar,248,1,90,10,success,yes
60,blue-collar,married,primary,no,631,no,no,cellular,12,aug,429,2,-1,0,unknown,yes
34,management,married,tertiary,no,271,yes,no,cellular,15,feb,308,1,94,4,success,yes
33,blue-collar,single,secondary,no,-416,yes,no,unknown,16,may,767,2,-1,0,unknown,yes
58,management,divorced,tertiary,no,372,no,yes,unknown,29,oct,11,1,-1,0,unknown,yes
30,technician,single,secondary,no,-522,yes,yes,cellular,5,may,670,2,286,6,failure,yes
60,blue-collar,divorced,secondary,no,0,yes,no,unknown,29,may,1207,1,-1,0,unknown,yes
28,technician,single,tertiary,no,386,no,no,cellular,25,may,867,1,-1,0,unknown,yes
33,self-employed,divorced,secondary,no,1904,yes,no,cellular,17,jul,1584,2,-1,0,unknown,yes
55,admin.,married,secondary,no,602,no,no,cellular,4,feb,390,2,150,6,success,yes
38,management,single,tertiary,no,623,no,no,cellular,28,jun,297,4,144,4,other,yes
50,unemployed,married,secondary,no,3357,no,no,cellular,9,jun,239,4,-1,0,unknown,yes
41,blue-collar,married,secondary,no,-190,no,yes,cellular,29,jul,808,3,-1,0,unknown,yes
39,services,single,secondary,no,403,yes,no,cellular,7,may,1262,3,-1,0,unknown,yes
27,technician,single,secondary,no,158,no,no,unknown,1,jul,650,2,-1,0,unknown,yes
39,technician,single,secondary,no,1435,no,no,cellular,17,jun,383,1,296,19,other,yes
32,self-employed,married,secondary,no,514,yes,no,cellular,11,jul,812,1,-1,0,unknown,yes
32,student,single,tertiary,no,64,no,no,cellular,30,jun,598,4,105,5,failure,yes
66,housemaid,married,primary,no,40,no,no,telephone,14,oct,290,2,-1,0,unknown,yes
24,admin.,single,tertiary,no,0,yes,no,cellular,27,may,122,2,-1,0,unknown,yes
25,blue-collar,married,secondary,no,97,yes,no,unknown,27,may,709,1,-1,0,unknown,yes
80,retired,married,primary,no,155,no,no,telephone,9,dec,343,2,-1,0,unknown,yes
50,housemaid,married,secondary,no,388,no,no,cellular,15,sep,173,2,99,4,failure,yes
41,entrepreneur,married,secondary,no,707,no,no,unknown,18,jun,707,1,-1,0,unknown,yes
70,retired,married,primary,no,6538,no,no,cellular,9,sep,394,1,-1,0,unknown,yes
51,admin.,married,secondary,no,3025,no,no,cellular,7,may,476,1,352,1,other,yes
39,services,single,secondary,no,91,no,no,cellular,3,sep,213,1,185,1,success,yes
36,admin.,married,tertiary,no,3221,no,no,cellular,4,may,322,11,-1,0,unknown,yes
29,technician,single,secondary,no,3466,no,no,cellular,21,apr,274,1,-1,0,unknown,yes
30,technician,single,tertiary,no,0,yes,no,cellular,5,jul,140,1,424,8,success,yes
32,self-employed,married,primary,no,102,yes,no,cellular,18,jul,560,1,-1,0,unknown,yes
64,retired,married,primary,no,2140,no,no,cellular,16,mar,881,3,155,2,failure,yes
32,management,single,secondary,no,131,yes,yes,cellular,23,jul,1152,2,-1,0,unknown,yes
27,management,single,tertiary,no,831,no,no,cellular,30,mar,1081,2,-1,0,unknown,yes
64,retired,divorced,primary,no,109,no,no,cellular,23,jun,706,1,225,2,success,yes
54,admin.,married,secondary,no,1633,no,no,cellular,3,jul,409,2,-1,0,unknown,yes
74,retired,married,secondary,no,9480,no,no,cellular,21,apr,211,1,-1,0,unknown,yes
41,management,married,primary,no,5310,yes,no,cellular,17,nov,984,1,-1,0,unknown,yes
34,services,married,secondary,no,1337,no,no,cellular,30,apr,442,1,-1,0,unknown,yes
32,management,single,tertiary,no,2974,yes,no,cellular,24,apr,227,1,4,1,failure,yes
41,housemaid,married,secondary,no,879,no,no,unknown,5,jun,1053,2,-1,0,unknown,yes
47,blue-collar,married,secondary,no,1730,yes,no,cellular,30,apr,231,1,-1,0,unknown,yes
27,blue-collar,single,secondary,no,535,no,no,cellular,16,aug,265,3,95,4,success,yes
24,student,single,secondary,no,139,no,no,cellular,9,sep,430,4,-1,0,unknown,yes
24,blue-collar,married,primary,no,656,yes,no,unknown,16,may,894,1,-1,0,unknown,yes
36,unemployed,divorced,secondary,no,871,no,no,cellular,12,aug,396,3,-1,0,unknown,yes
26,blue-collar,single,secondary,no,535,no,no,cellular,14,aug,125,1,-1,0,unknown,yes
29,services,divorced,secondary,no,-7,yes,no,cellular,13,may,1279,3,-1,0,unknown,yes
30,services,single,secondary,no,140,yes,no,cellular,15,may,760,1,-1,0,unknown,yes
67,management,married,tertiary,no,405,no,no,cellular,10,nov,344,2,95,2,success,yes
72,retired,married,secondary,no,5715,no,no,cellular,17,nov,1127,5,184,3,success,yes
56,services,married,secondary,no,654,no,no,cellular,15,sep,875,1,-1,0,unknown,yes
55,unemployed,divorced,secondary,no,309,no,no,cellular,21,oct,467,2,184,1,success,yes
46,management,married,tertiary,no,273,yes,no,cellular,15,sep,1962,1,105,3,failure,yes
59,entrepreneur,married,secondary,no,496,no,no,cellular,22,oct,738,3,183,1,success,yes
63,blue-collar,married,secondary,no,180,no,no,cellular,15,jul,390,2,182,5,success,yes
26,technician,married,secondary,no,267,yes,no,cellular,28,jul,817,2,-1,0,unknown,yes
34,services,married,secondary,no,1337,no,no,cellular,17,dec,330,2,127,3,success,yes
44,blue-collar,married,primary,no,4031,yes,no,cellular,7,may,983,4,-1,0,unknown,yes
40,management,divorced,tertiary,no,858,no,no,cellular,26,oct,202,2,-1,0,unknown,yes
30,admin.,single,secondary,no,223,yes,no,unknown,6,jun,862,11,-1,0,unknown,yes
31,unemployed,divorced,tertiary,no,256,yes,no,cellular,16,jul,873,2,-1,0,unknown,yes
41,management,divorced,tertiary,no,5037,no,no,cellular,23,apr,252,9,185,5,other,yes
59,services,single,secondary,no,739,no,no,cellular,14,jan,408,1,-1,0,unknown,yes
26,technician,single,secondary,no,1231,yes,no,cellular,3,jun,385,2,96,5,success,yes
33,services,single,secondary,no,2881,no,no,cellular,26,may,289,1,328,1,success,yes
60,retired,married,tertiary,no,2557,yes,no,cellular,2,feb,415,1,-1,0,unknown,yes
44,blue-collar,single,primary,no,36,yes,no,cellular,15,may,551,1,371,2,failure,yes
66,housemaid,married,primary,no,1230,no,no,cellular,17,dec,726,3,-1,0,unknown,yes
78,retired,married,unknown,no,4807,no,no,telephone,3,feb,892,2,104,4,success,yes
39,technician,married,secondary,no,4101,yes,no,cellular,18,feb,146,2,264,1,other,yes
71,housemaid,divorced,primary,no,1311,no,no,cellular,10,nov,301,2,91,1,success,yes
52,management,married,tertiary,no,31,no,no,cellular,10,mar,135,1,-1,0,unknown,yes
33,admin.,married,tertiary,no,882,no,no,cellular,22,apr,104,1,183,4,failure,yes
38,technician,single,secondary,no,1711,no,no,telephone,30,sep,234,1,-1,0,unknown,yes
60,self-employed,married,primary,no,362,no,yes,cellular,29,jul,816,6,-1,0,unknown,yes
62,retired,married,secondary,no,3114,no,no,cellular,18,may,243,2,186,1,success,yes
27,management,single,tertiary,no,2648,no,no,cellular,5,feb,917,1,-1,0,unknown,yes
26,blue-collar,single,secondary,no,5005,no,yes,cellular,3,apr,117,1,-1,0,unknown,yes
56,technician,divorced,secondary,no,146,yes,no,cellular,5,aug,419,3,-1,0,unknown,yes
62,blue-collar,married,secondary,no,180,no,no,cellular,14,jan,183,1,90,4,other,yes
29,unemployed,single,tertiary,no,497,yes,no,cellular,18,may,642,3,298,6,success,yes
34,technician,married,secondary,no,133,no,no,cellular,12,may,171,2,181,3,success,yes
31,management,single,tertiary,no,1761,yes,no,telephone,29,jul,332,3,440,3,failure,yes
48,blue-collar,married,secondary,no,1596,yes,no,unknown,14,may,760,1,-1,0,unknown,yes
42,blue-collar,single,secondary,no,625,no,no,unknown,19,jun,651,3,-1,0,unknown,yes
32,self-employed,married,secondary,no,409,no,no,cellular,9,mar,217,2,-1,0,unknown,yes
27,management,single,tertiary,no,-69,yes,no,cellular,15,feb,205,3,-1,0,unknown,yes
25,technician,single,secondary,no,4859,no,no,cellular,12,jan,227,1,-1,0,unknown,yes
29,management,married,tertiary,no,10576,no,no,unknown,15,may,1224,2,-1,0,unknown,yes
29,management,single,tertiary,no,985,yes,no,cellular,23,jul,396,2,-1,0,unknown,yes
55,management,married,secondary,no,2693,no,no,cellular,22,sep,182,1,184,7,success,yes
34,management,married,tertiary,no,3050,yes,no,cellular,13,may,469,1,-1,0,unknown,yes
32,management,single,tertiary,no,2465,no,no,cellular,13,aug,414,1,-1,0,unknown,yes
69,retired,divorced,tertiary,no,247,no,no,cellular,22,apr,138,2,-1,0,unknown,yes
25,blue-collar,married,secondary,no,101,no,yes,cellular,8,jul,460,3,-1,0,unknown,yes
33,technician,single,tertiary,no,0,yes,no,cellular,21,nov,654,1,-1,0,unknown,yes
24,blue-collar,single,secondary,no,1857,yes,no,cellular,8,oct,147,1,92,5,other,yes
55,retired,divorced,tertiary,no,0,no,no,cellular,18,may,616,1,370,1,success,yes
32,technician,married,secondary,no,473,no,yes,cellular,10,aug,1064,1,95,3,success,yes
39,admin.,married,secondary,no,1757,no,no,telephone,28,oct,125,1,-1,0,unknown,yes
34,admin.,married,secondary,no,1406,yes,no,cellular,20,aug,63,2,85,1,success,yes
32,self-employed,single,tertiary,no,1249,yes,no,cellular,19,nov,472,1,-1,0,unknown,yes
59,technician,married,secondary,no,2308,no,no,cellular,30,apr,815,1,87,1,other,yes
50,management,married,tertiary,no,414,yes,no,cellular,3,apr,707,1,302,3,failure,yes
36,management,single,tertiary,no,1400,yes,no,cellular,11,may,608,3,-1,0,unknown,yes
31,management,married,tertiary,no,6138,no,no,cellular,16,oct,154,2,119,5,failure,yes
35,housemaid,married,primary,no,113,yes,no,cellular,17,jul,923,2,-1,0,unknown,yes
29,unemployed,single,primary,no,1374,no,no,cellular,14,may,1205,2,178,7,success,yes
56,retired,married,primary,no,1947,no,no,cellular,2,mar,225,2,123,5,failure,yes
43,services,divorced,secondary,no,1040,yes,no,unknown,19,may,552,3,-1,0,unknown,yes
61,retired,married,secondary,no,938,no,no,cellular,15,jul,392,2,183,3,success,yes
31,management,single,tertiary,no,5205,no,no,cellular,9,jun,529,2,-1,0,unknown,yes
55,admin.,married,secondary,no,1633,no,no,cellular,11,jan,210,1,192,2,success,yes
67,retired,married,secondary,no,1443,no,no,cellular,8,apr,245,1,-1,0,unknown,yes
41,entrepreneur,married,secondary,no,30,no,no,cellular,30,apr,460,1,-1,0,unknown,yes
38,admin.,married,secondary,no,47,yes,no,cellular,4,may,288,5,-1,0,unknown,yes
31,technician,married,secondary,no,318,no,no,cellular,2,dec,310,1,-1,0,unknown,yes
55,technician,married,tertiary,no,169,no,yes,cellular,5,aug,618,2,-1,0,unknown,yes
26,services,single,tertiary,no,0,no,yes,telephone,1,jul,261,4,-1,0,unknown,yes
37,technician,single,secondary,no,1435,no,no,cellular,18,aug,724,16,-1,0,unknown,yes
57,management,divorced,tertiary,no,6468,yes,no,cellular,4,sep,730,1,157,4,failure,yes
52,retired,married,unknown,no,293,no,no,unknown,11,jun,706,1,-1,0,unknown,yes
27,entrepreneur,married,secondary,no,2329,no,no,telephone,27,oct,131,1,-1,0,unknown,yes
23,student,single,secondary,no,1234,no,no,cellular,15,feb,379,1,91,1,success,yes
28,management,single,tertiary,no,3796,no,no,cellular,8,jul,315,2,-1,0,unknown,yes
31,unemployed,single,primary,no,406,no,no,cellular,4,feb,736,1,-1,0,unknown,yes
35,blue-collar,married,secondary,no,563,no,yes,cellular,4,jun,147,1,119,3,failure,yes
65,management,divorced,tertiary,no,90,yes,no,cellular,22,apr,416,1,-1,0,unknown,yes
62,retired,married,secondary,no,569,no,no,cellular,4,aug,288,1,1,8,success,yes
33,technician,single,secondary,no,2979,no,no,cellular,5,aug,326,2,437,1,failure,yes
22,student,single,secondary,no,552,no,no,cellular,1,sep,327,1,-1,0,unknown,yes
60,technician,married,secondary,no,824,yes,no,cellular,9,feb,127,1,558,7,other,yes
44,management,married,tertiary,no,309,yes,no,cellular,5,feb,676,1,-1,0,unknown,yes
29,self-employed,married,secondary,no,123,no,yes,cellular,22,oct,247,1,184,3,success,yes
53,technician,married,secondary,no,480,no,no,unknown,6,jun,648,2,-1,0,unknown,yes
37,management,married,tertiary,no,2987,yes,no,cellular,13,may,216,1,87,10,success,yes
50,technician,divorced,secondary,no,0,no,no,cellular,1,apr,280,1,184,3,success,yes
40,admin.,married,secondary,no,260,yes,no,cellular,13,may,306,1,181,5,success,yes
49,management,married,secondary,no,1623,yes,no,cellular,19,nov,1081,2,-1,0,unknown,yes
36,student,single,unknown,no,417,no,no,cellular,10,feb,151,1,-1,0,unknown,yes
43,management,divorced,secondary,no,51,no,no,cellular,2,feb,430,1,-1,0,unknown,yes
30,technician,married,secondary,no,2326,no,no,cellular,14,dec,420,1,175,2,failure,yes
33,management,single,tertiary,no,7084,no,no,cellular,27,aug,512,8,-1,0,unknown,yes
39,admin.,divorced,secondary,no,19,yes,no,cellular,2,jul,503,2,147,5,success,yes
50,management,married,tertiary,no,5969,no,no,cellular,25,jan,455,1,544,2,failure,yes
68,retired,married,secondary,no,19317,yes,no,cellular,4,aug,249,1,-1,0,unknown,yes
55,technician,divorced,secondary,no,3450,no,no,cellular,10,feb,169,1,183,1,failure,yes
43,blue-collar,married,primary,no,2952,no,no,cellular,3,aug,417,2,95,1,other,yes
41,self-employed,married,secondary,no,3123,yes,no,cellular,3,apr,1203,2,135,2,failure,yes
24,management,married,secondary,no,867,yes,no,unknown,20,jun,546,10,-1,0,unknown,yes
27,technician,divorced,secondary,no,1977,yes,no,cellular,22,may,449,1,-1,0,unknown,yes
47,blue-collar,married,primary,no,4227,yes,no,cellular,13,may,659,1,-1,0,unknown,yes
51,admin.,single,tertiary,no,394,no,no,telephone,28,jan,968,2,-1,0,unknown,yes
43,management,married,tertiary,no,149,yes,no,unknown,23,jun,662,2,-1,0,unknown,yes
27,student,single,tertiary,no,39,no,no,cellular,17,may,379,1,258,10,other,yes
45,management,married,unknown,no,2724,no,no,cellular,28,jun,359,2,182,1,success,yes
35,management,single,tertiary,no,1756,no,no,cellular,20,aug,195,1,-1,0,unknown,yes
36,technician,married,secondary,no,368,yes,yes,unknown,6,may,1597,2,-1,0,unknown,yes
57,technician,divorced,tertiary,no,126,no,no,telephone,4,jun,166,2,-1,0,unknown,yes
32,management,single,secondary,no,2018,no,no,cellular,11,aug,1238,1,-1,0,unknown,yes
35,blue-collar,married,secondary,no,698,yes,yes,unknown,30,may,1343,3,-1,0,unknown,yes
43,blue-collar,married,secondary,no,14646,no,no,cellular,23,oct,210,1,-1,0,unknown,yes
35,blue-collar,divorced,unknown,no,164,no,no,unknown,11,jun,967,2,-1,0,unknown,yes
45,blue-collar,single,secondary,no,0,no,no,cellular,5,aug,374,2,472,1,success,yes
39,services,divorced,secondary,no,0,yes,no,cellular,13,apr,1006,2,-1,0,unknown,yes
31,blue-collar,single,secondary,no,228,no,no,cellular,6,aug,744,1,88,4,other,yes
33,services,married,secondary,no,207,yes,no,cellular,14,may,629,4,-1,0,unknown,yes
32,entrepreneur,married,tertiary,no,762,no,no,cellular,19,jul,187,11,-1,0,unknown,yes
35,admin.,divorced,secondary,no,1224,yes,no,cellular,3,nov,187,1,-1,0,unknown,yes
25,management,single,tertiary,no,528,no,no,cellular,14,aug,201,1,-1,0,unknown,yes
51,entrepreneur,married,primary,no,1443,no,no,cellular,18,feb,172,10,-1,0,unknown,yes
38,admin.,married,secondary,no,11303,no,no,cellular,28,dec,473,2,216,2,failure,yes
51,technician,married,secondary,no,196,yes,yes,cellular,17,feb,88,1,-1,0,unknown,yes
39,management,married,tertiary,no,2939,no,no,cellular,6,oct,608,1,99,3,failure,yes
70,retired,married,secondary,no,0,no,no,cellular,27,oct,258,1,92,5,success,yes
52,entrepreneur,married,tertiary,yes,-468,no,no,cellular,8,jul,534,1,-1,0,unknown,yes
39,management,married,tertiary,no,481,no,no,cellular,7,dec,929,5,189,1,other,yes
50,admin.,married,secondary,no,4855,no,no,cellular,5,aug,720,2,-1,0,unknown,yes
48,admin.,divorced,secondary,no,362,no,no,cellular,13,aug,529,1,-1,0,unknown,yes
44,self-employed,single,tertiary,no,2734,yes,no,cellular,12,may,897,4,-1,0,unknown,yes
59,unemployed,single,primary,no,7724,no,no,cellular,21,nov,373,3,-1,0,unknown,yes
42,management,married,primary,no,5310,yes,no,cellular,22,may,545,2,186,1,success,yes
24,blue-collar,single,secondary,no,167,no,yes,cellular,25,may,288,1,96,2,success,yes
43,management,married,tertiary,no,3186,no,no,cellular,16,nov,380,1,88,1,failure,yes
57,management,married,tertiary,no,372,no,no,cellular,21,nov,553,3,-1,0,unknown,yes
76,retired,divorced,primary,no,2693,no,no,cellular,21,oct,107,2,-1,0,unknown,yes
26,admin.,single,secondary,no,102,no,yes,cellular,8,jul,658,2,-1,0,unknown,yes
29,unemployed,single,primary,no,550,no,no,cellular,29,jan,801,1,-1,0,unknown,yes
52,entrepreneur,married,secondary,no,1306,no,no,cellular,15,jun,288,1,-1,0,unknown,yes
32,blue-collar,single,primary,no,611,yes,no,unknown,8,may,541,3,-1,0,unknown,yes
58,technician,married,secondary,no,3399,no,no,cellular,26,may,1078,1,97,7,other,yes
38,management,divorced,secondary,no,257,yes,no,cellular,30,apr,435,1,-1,0,unknown,yes
37,technician,married,secondary,no,5115,yes,no,cellular,17,nov,1210,2,171,4,failure,yes
35,management,single,tertiary,no,1162,no,no,cellular,30,apr,175,1,-1,0,unknown,yes
59,retired,married,secondary,no,2396,no,no,cellular,27,aug,1040,6,-1,0,unknown,yes
37,management,married,tertiary,no,393,yes,no,cellular,14,may,567,3,275,4,failure,yes
26,student,single,tertiary,no,294,no,no,cellular,4,dec,208,2,-1,0,unknown,yes
41,blue-collar,married,secondary,no,5060,no,no,cellular,4,may,963,1,83,3,success,yes
37,management,married,secondary,no,565,no,no,cellular,6,aug,174,1,93,3,failure,yes
41,technician,single,secondary,no,5329,no,no,cellular,14,jul,397,2,-1,0,unknown,yes
56,management,married,tertiary,no,0,no,yes,unknown,20,jun,422,1,-1,0,unknown,yes
30,blue-collar,married,secondary,no,2493,no,no,cellular,28,jan,293,2,-1,0,unknown,yes
50,management,married,primary,no,313,no,no,telephone,14,oct,958,1,-1,0,unknown,yes
18,student,single,unknown,no,108,no,no,cellular,10,aug,167,1,-1,0,unknown,yes
31,technician,single,tertiary,no,252,no,no,cellular,8,jun,107,3,-1,0,unknown,yes
23,student,single,secondary,no,107,no,no,cellular,13,apr,256,5,181,2,success,yes
63,management,married,tertiary,no,3115,no,no,cellular,16,nov,432,5,-1,0,unknown,yes
31,student,single,secondary,no,1776,no,no,cellular,15,jun,220,1,207,1,other,yes
32,management,single,tertiary,no,506,no,no,cellular,5,mar,63,2,-1,0,unknown,yes
28,admin.,single,secondary,no,127,no,no,cellular,16,sep,1334,2,-1,0,unknown,yes
51,retired,married,tertiary,no,746,no,no,cellular,25,aug,372,5,-1,0,unknown,yes
22,student,single,primary,no,3472,no,no,cellular,19,apr,529,1,181,4,success,yes
30,blue-collar,single,primary,no,253,yes,no,cellular,5,may,259,1,-1,0,unknown,yes
29,management,single,tertiary,no,765,no,no,cellular,16,nov,238,1,-1,0,unknown,yes
20,student,single,secondary,no,215,no,no,cellular,24,feb,175,1,92,6,success,yes
32,technician,single,tertiary,no,4665,yes,no,unknown,21,may,860,2,-1,0,unknown,yes
29,self-employed,single,tertiary,no,805,no,no,cellular,23,feb,132,1,103,7,failure,yes
28,management,single,tertiary,no,939,yes,no,unknown,27,may,740,1,-1,0,unknown,yes
27,student,married,secondary,no,119,yes,no,cellular,16,jul,781,2,-1,0,unknown,yes
32,services,divorced,secondary,no,454,yes,no,cellular,18,jul,978,1,-1,0,unknown,yes
29,unemployed,single,secondary,no,1055,no,no,cellular,23,sep,427,1,603,1,failure,yes
73,retired,married,unknown,no,519,no,no,telephone,16,oct,434,1,57,1,failure,yes
32,management,single,tertiary,no,46,no,no,cellular,21,aug,788,6,-1,0,unknown,yes
31,management,married,tertiary,no,3160,yes,no,cellular,26,apr,688,2,-1,0,unknown,yes
65,retired,married,primary,no,308,no,no,cellular,1,sep,400,1,-1,0,unknown,yes
59,management,married,secondary,no,4412,no,no,cellular,2,nov,162,2,-1,0,unknown,yes
32,management,single,tertiary,no,718,yes,no,cellular,15,jun,95,1,-1,0,unknown,yes
33,admin.,married,tertiary,no,79,yes,no,cellular,5,may,389,1,195,4,success,yes
37,blue-collar,single,unknown,no,217,no,no,cellular,23,sep,272,2,-1,0,unknown,yes
41,blue-collar,married,primary,no,1461,yes,no,unknown,6,jun,554,2,-1,0,unknown,yes
30,management,single,tertiary,no,536,no,no,cellular,14,jan,362,2,91,2,success,yes
63,blue-collar,married,primary,no,115,no,no,telephone,27,apr,325,1,180,7,failure,yes
19,student,single,unknown,no,108,no,no,cellular,10,aug,168,1,182,2,success,yes
31,blue-collar,divorced,secondary,no,-277,yes,no,telephone,17,jul,1008,2,-1,0,unknown,yes
56,management,married,unknown,no,4623,no,no,cellular,25,feb,305,1,192,1,success,yes
48,management,married,tertiary,no,1147,no,no,cellular,5,aug,389,1,64,2,success,yes
28,services,single,secondary,no,339,no,no,cellular,3,dec,350,1,182,1,success,yes
37,services,married,secondary,no,775,no,no,cellular,14,aug,150,2,-1,0,unknown,yes
34,blue-collar,single,unknown,no,129,yes,yes,cellular,16,nov,295,1,200,2,success,yes
78,unknown,married,unknown,no,2235,no,no,telephone,14,apr,300,3,-1,0,unknown,yes
37,services,married,secondary,no,4017,no,no,cellular,30,apr,665,2,196,1,success,yes
58,admin.,married,secondary,no,4348,yes,no,cellular,23,jun,790,4,141,1,other,yes
54,management,married,secondary,no,1134,yes,no,cellular,25,jul,1330,3,-1,0,unknown,yes
29,admin.,divorced,tertiary,yes,0,no,yes,cellular,9,jul,426,3,-1,0,unknown,yes
76,retired,divorced,primary,no,802,no,no,cellular,9,mar,241,1,181,5,success,yes
43,blue-collar,married,primary,no,-192,yes,no,unknown,8,may,1120,2,-1,0,unknown,yes
34,management,single,tertiary,no,5,no,no,cellular,18,aug,370,2,-1,0,unknown,yes
52,technician,married,secondary,no,195,yes,no,cellular,18,feb,220,1,63,5,failure,yes
49,blue-collar,married,secondary,no,1730,yes,no,cellular,4,aug,605,2,92,4,success,yes
50,management,single,tertiary,no,3537,no,no,unknown,24,oct,305,1,-1,0,unknown,yes
61,retired,married,secondary,no,11,no,no,cellular,29,sep,232,1,92,3,success,yes
26,technician,single,secondary,no,941,no,yes,cellular,25,jul,784,1,-1,0,unknown,yes
56,admin.,divorced,secondary,no,1693,no,no,cellular,26,oct,238,4,442,4,failure,yes
41,unemployed,married,tertiary,no,0,no,no,cellular,30,oct,373,3,-1,0,unknown,yes
26,blue-collar,single,primary,no,-887,yes,no,cellular,18,may,827,2,-1,0,unknown,yes
65,retired,married,primary,no,3629,no,no,cellular,27,apr,148,1,-1,0,unknown,yes
25,management,single,tertiary,no,362,no,no,cellular,3,jun,617,2,-1,0,unknown,yes
51,blue-collar,divorced,primary,no,5,no,no,cellular,29,jul,600,2,-1,0,unknown,yes
27,services,single,secondary,no,339,no,no,cellular,4,jun,182,1,-1,0,unknown,yes
49,technician,married,secondary,no,905,no,no,cellular,5,jun,1543,1,-1,0,unknown,yes
30,blue-collar,married,secondary,no,486,yes,no,unknown,29,may,1109,3,-1,0,unknown,yes
52,unknown,married,unknown,no,5361,no,no,cellular,5,aug,607,3,-1,0,unknown,yes
62,retired,married,secondary,no,298,no,no,cellular,17,nov,709,2,-1,0,unknown,yes
59,services,divorced,secondary,no,1,yes,no,cellular,28,jan,602,1,253,5,other,yes
35,technician,single,tertiary,no,13460,yes,no,cellular,15,may,1068,3,-1,0,unknown,yes
32,management,married,tertiary,no,607,yes,no,unknown,18,jun,1060,5,-1,0,unknown,yes
44,management,divorced,tertiary,no,5773,no,no,unknown,23,may,597,6,-1,0,unknown,yes
30,blue-collar,single,secondary,no,1598,yes,no,cellular,10,jul,634,1,-1,0,unknown,yes
24,student,single,secondary,no,23878,no,no,cellular,26,may,133,1,97,1,success,yes
71,technician,married,secondary,no,3020,no,no,telephone,30,jul,304,1,270,3,failure,yes
59,retired,married,tertiary,no,422,yes,no,cellular,14,may,647,4,-1,0,unknown,yes
51,management,married,tertiary,no,2635,no,no,cellular,21,may,407,3,74,5,failure,yes
42,services,married,secondary,no,3465,yes,yes,cellular,16,jul,1039,2,-1,0,unknown,yes
42,entrepreneur,married,secondary,no,2959,yes,no,telephone,2,jul,711,1,342,1,failure,yes
32,student,single,tertiary,no,1138,no,no,cellular,4,may,214,3,83,3,success,yes
49,technician,married,secondary,no,307,no,no,cellular,9,dec,854,1,-1,0,unknown,yes
39,entrepreneur,married,primary,no,437,yes,no,unknown,27,oct,150,1,-1,0,unknown,yes
52,technician,married,tertiary,no,876,no,no,cellular,4,may,601,3,-1,0,unknown,yes
32,management,single,tertiary,no,6542,yes,no,cellular,15,may,1598,4,175,5,failure,yes
56,retired,married,secondary,no,3738,yes,no,cellular,17,apr,156,1,305,6,other,yes
33,admin.,single,tertiary,no,7608,no,no,cellular,30,mar,238,4,-1,0,unknown,yes
39,blue-collar,married,secondary,no,276,no,no,cellular,9,jun,334,2,-1,0,unknown,yes
48,management,single,tertiary,no,5689,no,no,cellular,12,feb,262,1,-1,0,unknown,yes
37,management,single,tertiary,no,1730,no,no,cellular,19,mar,167,1,-1,0,unknown,yes
39,management,single,tertiary,no,5073,yes,no,cellular,12,may,1182,1,286,4,failure,yes
43,management,married,tertiary,no,0,no,no,cellular,14,jul,1153,3,-1,0,unknown,yes
62,blue-collar,married,secondary,no,272,no,no,cellular,11,aug,146,1,286,2,failure,yes
28,blue-collar,single,secondary,no,-46,yes,no,cellular,1,sep,199,1,92,14,success,yes
45,management,married,tertiary,no,242,no,no,cellular,30,apr,587,1,-1,0,unknown,yes
58,management,married,tertiary,no,1384,yes,no,cellular,27,mar,342,1,-1,0,unknown,yes
58,management,married,tertiary,no,256,no,no,cellular,10,dec,422,1,188,3,success,yes
68,retired,married,secondary,no,1146,no,no,cellular,16,nov,212,1,187,6,success,yes
47,technician,married,secondary,no,1233,yes,no,unknown,11,sep,91,1,100,2,other,yes
29,student,single,secondary,no,1925,no,no,cellular,21,oct,150,3,149,5,success,yes
35,admin.,single,secondary,no,-32,no,yes,cellular,9,feb,63,4,182,5,failure,yes
64,self-employed,married,tertiary,no,661,no,no,cellular,21,dec,367,2,294,2,failure,yes
47,management,married,tertiary,no,2306,no,no,telephone,6,aug,239,4,-1,0,unknown,yes
35,blue-collar,married,secondary,no,149,yes,no,cellular,29,apr,507,3,349,1,other,yes
36,housemaid,single,secondary,no,1015,yes,no,cellular,18,may,1008,1,347,2,success,yes
28,admin.,single,secondary,no,157,no,no,cellular,27,may,155,3,-1,0,unknown,yes
49,technician,married,tertiary,no,1235,no,no,cellular,13,aug,354,3,-1,0,unknown,yes
35,management,single,tertiary,no,7506,yes,no,unknown,30,oct,248,1,-1,0,unknown,yes
28,management,single,secondary,no,171,no,no,cellular,10,mar,93,1,-1,0,unknown,yes
37,blue-collar,married,unknown,no,1508,no,yes,unknown,6,jun,381,2,-1,0,unknown,yes
41,management,married,tertiary,no,5561,no,no,cellular,20,aug,649,2,-1,0,unknown,yes
86,retired,married,primary,no,5236,no,no,telephone,1,apr,558,2,-1,0,unknown,yes
36,self-employed,married,tertiary,no,506,no,no,cellular,3,nov,217,1,70,2,failure,yes
29,services,single,secondary,no,1934,no,no,cellular,29,sep,271,1,-1,0,unknown,yes
60,retired,married,secondary,no,18967,yes,no,cellular,29,jan,177,2,-1,0,unknown,yes
49,blue-collar,married,secondary,no,2039,yes,no,cellular,6,may,451,1,169,2,failure,yes
34,admin.,married,tertiary,no,899,yes,no,unknown,12,nov,114,1,170,3,failure,yes
32,blue-collar,single,secondary,no,118,yes,no,cellular,17,jul,1275,1,-1,0,unknown,yes
23,self-employed,single,tertiary,no,780,no,no,cellular,16,sep,393,1,183,3,success,yes
54,unknown,married,secondary,no,2206,no,no,cellular,12,nov,104,1,99,2,other,yes
38,technician,divorced,secondary,no,902,yes,no,cellular,3,feb,650,1,-1,0,unknown,yes
31,technician,single,tertiary,no,2807,no,no,unknown,8,nov,154,1,-1,0,unknown,yes
28,technician,single,secondary,yes,-1042,yes,no,unknown,6,jun,712,2,-1,0,unknown,yes
33,blue-collar,married,secondary,no,89,yes,no,cellular,18,jul,278,2,-1,0,unknown,yes
48,technician,married,primary,no,235,no,no,cellular,9,sep,386,2,191,3,success,yes
39,technician,single,secondary,no,1104,no,no,cellular,7,aug,395,2,-1,0,unknown,yes
31,management,single,tertiary,no,2016,no,no,cellular,30,apr,209,1,-1,0,unknown,yes
34,self-employed,married,tertiary,no,0,no,no,cellular,28,aug,730,11,-1,0,unknown,yes
30,self-employed,single,tertiary,no,3343,no,no,cellular,1,jun,235,1,-1,0,unknown,yes
35,unemployed,single,tertiary,no,415,no,no,cellular,4,aug,462,1,92,4,success,yes
33,management,divorced,tertiary,no,2240,no,no,cellular,8,mar,264,2,278,1,success,yes
31,technician,single,secondary,no,2544,no,no,cellular,12,jan,229,1,279,2,success,yes
64,management,married,tertiary,no,3951,no,no,cellular,29,oct,164,1,-1,0,unknown,yes
69,retired,married,unknown,no,426,no,no,telephone,10,sep,211,2,185,2,success,yes
28,management,single,tertiary,no,187,no,no,cellular,9,mar,295,1,-1,0,unknown,yes
64,entrepreneur,married,tertiary,no,2331,no,no,telephone,9,nov,201,1,-1,0,unknown,yes
59,blue-collar,divorced,primary,no,989,no,no,cellular,20,jul,125,2,-1,0,unknown,yes
51,admin.,single,secondary,no,726,yes,no,cellular,27,apr,89,8,-1,0,unknown,yes
29,management,single,tertiary,no,697,no,no,cellular,4,feb,206,1,-1,0,unknown,yes
61,retired,divorced,secondary,no,927,no,no,cellular,30,apr,427,3,-1,0,unknown,yes
80,retired,married,primary,no,997,no,no,cellular,29,oct,746,2,86,1,other,yes
61,retired,married,primary,no,8729,no,no,cellular,30,oct,480,1,-1,0,unknown,yes
32,technician,single,secondary,no,1732,yes,no,cellular,14,aug,1871,3,-1,0,unknown,yes
39,technician,single,tertiary,no,393,no,no,cellular,28,jun,325,1,94,1,success,yes
72,retired,divorced,tertiary,no,438,no,no,cellular,23,feb,279,1,-1,0,unknown,yes
43,services,single,secondary,no,3403,yes,no,cellular,12,nov,707,2,97,2,success,yes
21,student,single,secondary,no,2488,no,no,cellular,30,jun,258,6,169,3,success,yes
39,admin.,married,secondary,no,150,no,no,cellular,3,jun,296,4,-1,0,unknown,yes
26,student,single,secondary,no,100,no,no,cellular,26,may,445,1,-1,0,unknown,yes
50,entrepreneur,married,tertiary,no,230,no,no,telephone,30,jul,1089,4,-1,0,unknown,yes
61,retired,married,tertiary,no,2557,yes,no,cellular,11,aug,139,3,190,1,success,yes
43,unemployed,single,tertiary,no,983,yes,no,cellular,26,feb,97,1,-1,0,unknown,yes
39,management,married,tertiary,no,271,yes,no,cellular,12,aug,1344,1,-1,0,unknown,yes
46,blue-collar,married,unknown,no,9328,yes,no,cellular,5,may,725,3,-1,0,unknown,yes
28,self-employed,single,tertiary,no,805,no,no,cellular,16,feb,331,1,-1,0,unknown,yes
33,blue-collar,married,secondary,no,379,yes,yes,cellular,16,jun,263,2,-1,0,unknown,yes
52,retired,married,tertiary,no,2269,no,no,unknown,20,jun,1210,1,-1,0,unknown,yes
60,retired,divorced,secondary,no,-639,yes,no,cellular,15,may,585,1,-1,0,unknown,yes
45,management,single,tertiary,no,4831,no,no,cellular,29,jan,479,11,-1,0,unknown,yes
61,retired,married,tertiary,no,2557,yes,no,cellular,10,nov,89,1,91,4,success,yes
27,student,single,tertiary,no,0,no,no,cellular,5,mar,82,3,-1,0,unknown,yes
37,unemployed,single,tertiary,no,1291,no,no,cellular,5,aug,150,1,97,2,success,yes
27,admin.,married,tertiary,no,2855,no,no,cellular,25,jan,240,1,301,3,failure,yes
32,technician,single,tertiary,no,654,yes,no,cellular,25,may,615,4,-1,0,unknown,yes
92,retired,married,unknown,no,775,no,no,cellular,26,jan,164,4,96,3,success,yes
44,technician,divorced,secondary,no,1262,yes,no,unknown,26,may,788,11,-1,0,unknown,yes
36,technician,single,tertiary,no,962,yes,no,cellular,8,may,568,1,-1,0,unknown,yes
26,technician,single,tertiary,no,1066,no,no,cellular,15,apr,200,1,-1,0,unknown,yes
29,self-employed,single,tertiary,no,3290,no,no,cellular,23,mar,136,1,291,2,success,yes
33,blue-collar,single,secondary,no,329,no,no,cellular,6,sep,224,1,145,2,other,yes
27,blue-collar,single,secondary,no,2486,yes,no,unknown,29,may,733,1,-1,0,unknown,yes
35,unemployed,married,secondary,no,978,no,no,cellular,29,jun,660,2,182,6,success,yes
48,management,single,tertiary,no,86,no,no,cellular,28,jun,281,3,186,6,other,yes
29,technician,single,tertiary,no,2325,no,no,cellular,2,feb,125,1,-1,0,unknown,yes
36,management,divorced,tertiary,no,81,no,yes,cellular,22,jul,560,1,-1,0,unknown,yes
39,admin.,married,secondary,no,732,no,no,cellular,23,apr,522,4,-1,0,unknown,yes
50,management,divorced,tertiary,no,810,no,no,cellular,15,sep,91,1,103,3,success,yes
32,student,married,secondary,no,1536,no,no,cellular,7,aug,289,2,-1,0,unknown,yes
67,retired,married,unknown,no,2540,no,no,telephone,14,sep,279,3,92,9,success,yes
41,technician,married,tertiary,no,231,no,no,cellular,26,aug,428,2,-1,0,unknown,yes
55,admin.,married,unknown,no,2038,no,no,cellular,9,apr,394,1,-1,0,unknown,yes
59,housemaid,divorced,primary,no,2518,no,no,cellular,30,jul,675,3,-1,0,unknown,yes
53,admin.,single,secondary,no,2892,no,no,cellular,9,apr,527,3,-1,0,unknown,yes
50,management,married,secondary,no,1165,no,no,cellular,16,jul,455,1,-1,0,unknown,yes
24,student,single,secondary,no,1234,no,no,cellular,21,jul,314,1,156,2,success,yes
36,student,single,tertiary,no,129,no,no,cellular,27,oct,149,1,-1,0,unknown,yes
43,blue-collar,married,primary,no,3917,no,no,cellular,2,mar,154,1,-1,0,unknown,yes
31,admin.,single,secondary,no,431,yes,yes,unknown,20,may,1045,1,-1,0,unknown,yes
52,technician,married,secondary,no,386,no,no,cellular,20,apr,438,1,-1,0,unknown,yes
54,admin.,divorced,secondary,no,200,no,no,cellular,3,jun,170,1,-1,0,unknown,yes
58,management,married,tertiary,no,3864,yes,no,cellular,15,jul,815,4,-1,0,unknown,yes
32,self-employed,divorced,tertiary,no,3271,no,no,cellular,4,may,949,3,-1,0,unknown,yes
38,technician,married,secondary,no,4539,no,no,cellular,16,sep,387,1,-1,0,unknown,yes
22,housemaid,single,secondary,no,1796,no,no,cellular,28,jun,369,3,-1,0,unknown,yes
60,management,married,tertiary,no,5041,no,no,telephone,4,nov,399,1,-1,0,unknown,yes
40,technician,divorced,secondary,no,311,no,no,cellular,6,aug,738,2,-1,0,unknown,yes
23,student,single,secondary,no,1809,no,no,cellular,8,jul,414,2,-1,0,unknown,yes
26,admin.,married,secondary,no,710,yes,yes,unknown,6,jun,1276,2,-1,0,unknown,yes
36,entrepreneur,divorced,tertiary,no,3407,no,no,cellular,9,jun,993,4,85,4,success,yes
36,housemaid,married,primary,no,78,yes,no,telephone,30,jul,2692,9,-1,0,unknown,yes
70,retired,married,secondary,no,2384,no,no,cellular,30,oct,196,2,-1,0,unknown,yes
26,self-employed,single,tertiary,no,168,no,no,cellular,30,apr,394,1,-1,0,unknown,yes
23,technician,single,tertiary,no,1129,yes,no,unknown,28,may,806,1,-1,0,unknown,yes
27,management,single,tertiary,no,99,yes,no,unknown,4,jun,767,2,-1,0,unknown,yes
53,admin.,single,secondary,no,654,no,no,unknown,10,jul,67,1,-1,0,unknown,yes
36,management,married,tertiary,no,0,no,no,telephone,27,aug,645,9,-1,0,unknown,yes
28,admin.,married,secondary,no,330,no,no,cellular,2,dec,357,1,188,3,other,yes
37,blue-collar,married,primary,no,3154,yes,no,cellular,17,apr,404,1,305,3,failure,yes
53,unemployed,divorced,secondary,no,587,no,no,cellular,19,nov,561,1,-1,0,unknown,yes
32,technician,single,tertiary,no,34646,no,no,telephone,13,aug,618,9,-1,0,unknown,yes
31,admin.,married,secondary,no,8781,yes,no,cellular,14,may,680,1,177,1,success,yes
37,technician,married,tertiary,no,127,yes,no,cellular,13,feb,71,1,-1,0,unknown,yes
38,services,single,secondary,no,91,no,no,cellular,2,mar,207,1,-1,0,unknown,yes
47,management,married,tertiary,no,2351,no,no,cellular,10,mar,80,1,-1,0,unknown,yes
29,management,single,tertiary,no,1445,no,no,cellular,26,apr,328,2,143,2,success,yes
42,management,married,tertiary,no,976,no,no,cellular,19,aug,164,1,-1,0,unknown,yes
51,technician,married,secondary,no,117,no,no,cellular,18,feb,442,2,-1,0,unknown,yes
39,management,married,tertiary,no,-190,no,yes,unknown,11,jun,893,8,-1,0,unknown,yes
36,admin.,married,secondary,no,1031,no,no,cellular,17,jun,282,4,-1,0,unknown,yes
78,retired,divorced,primary,no,229,no,no,telephone,22,oct,97,1,-1,0,unknown,yes
24,student,single,secondary,no,23878,no,no,cellular,18,feb,185,1,-1,0,unknown,yes
18,student,single,unknown,no,108,no,no,cellular,8,sep,169,1,-1,0,unknown,yes
54,management,married,tertiary,no,1303,no,no,cellular,3,feb,1635,1,-1,0,unknown,yes
28,technician,single,tertiary,no,4987,no,no,cellular,2,jun,924,2,113,21,success,yes
27,management,single,tertiary,no,2489,no,no,cellular,15,jul,323,2,163,2,other,yes
25,student,single,unknown,no,480,no,no,cellular,8,sep,140,1,-1,0,unknown,yes
37,entrepreneur,divorced,tertiary,no,66,no,no,cellular,18,nov,1164,2,-1,0,unknown,yes
36,services,married,secondary,no,2984,yes,no,unknown,2,jun,394,1,-1,0,unknown,yes
42,management,married,unknown,no,849,yes,no,cellular,8,oct,667,1,321,1,other,yes
26,management,single,tertiary,no,1646,no,no,cellular,12,apr,524,4,206,5,success,yes
52,self-employed,married,tertiary,no,4012,no,no,cellular,31,aug,634,3,92,5,other,yes
63,retired,single,tertiary,no,791,no,no,cellular,21,oct,212,2,-1,0,unknown,yes
33,services,divorced,secondary,no,1117,no,no,cellular,2,jun,417,1,-1,0,unknown,yes
54,retired,divorced,tertiary,no,0,no,no,unknown,13,may,618,1,-1,0,unknown,yes
34,admin.,single,secondary,no,151,yes,no,cellular,12,may,590,1,370,1,other,yes
57,admin.,single,secondary,no,5768,yes,no,unknown,19,jun,512,1,-1,0,unknown,yes
58,entrepreneur,married,secondary,no,670,yes,no,cellular,12,may,1272,1,-1,0,unknown,yes
35,admin.,single,secondary,no,-32,no,yes,cellular,6,aug,366,2,178,9,success,yes
46,management,married,tertiary,no,242,no,no,cellular,4,aug,120,2,96,1,success,yes
44,blue-collar,married,primary,no,-101,yes,no,cellular,15,may,679,1,366,4,failure,yes
55,management,divorced,tertiary,no,2383,no,no,cellular,3,jun,591,2,-1,0,unknown,yes
52,blue-collar,married,secondary,no,2230,no,no,cellular,29,oct,423,3,-1,0,unknown,yes
36,unemployed,single,tertiary,no,1291,no,no,cellular,3,feb,298,1,-1,0,unknown,yes
40,blue-collar,married,unknown,no,1181,yes,no,cellular,4,feb,718,2,189,2,success,yes
55,management,divorced,tertiary,no,0,no,no,cellular,18,aug,309,4,-1,0,unknown,yes
53,technician,single,secondary,no,925,no,no,cellular,25,aug,930,3,-1,0,unknown,yes
46,blue-collar,married,primary,no,977,no,yes,telephone,2,feb,436,3,-1,0,unknown,yes
57,admin.,divorced,secondary,no,658,no,no,cellular,10,jul,724,1,-1,0,unknown,yes
57,admin.,married,secondary,no,2120,no,no,cellular,19,aug,687,4,-1,0,unknown,yes
46,services,married,secondary,no,4,no,no,cellular,30,apr,268,1,261,5,other,yes
29,student,single,secondary,no,78,no,no,cellular,30,apr,239,1,-1,0,unknown,yes
43,management,single,tertiary,no,2067,yes,no,unknown,8,may,756,1,-1,0,unknown,yes
55,retired,divorced,secondary,no,-268,no,yes,cellular,24,jul,1417,1,-1,0,unknown,yes
43,admin.,single,secondary,no,733,yes,no,cellular,25,may,282,1,187,3,success,yes
41,management,married,tertiary,no,326,yes,no,cellular,5,may,788,1,-1,0,unknown,yes
64,management,married,tertiary,no,5112,no,no,telephone,19,oct,898,7,137,11,other,yes
49,unemployed,married,primary,no,518,no,no,cellular,29,jan,1917,2,-1,0,unknown,yes
34,management,married,tertiary,no,3047,no,no,cellular,30,apr,317,1,160,5,other,yes
50,management,married,tertiary,no,253,no,no,cellular,28,may,513,9,-1,0,unknown,yes
29,blue-collar,single,secondary,no,908,yes,no,unknown,20,jun,1663,1,-1,0,unknown,yes
33,technician,married,secondary,no,133,no,no,cellular,4,may,218,1,-1,0,unknown,yes
32,technician,married,secondary,no,3271,no,no,cellular,12,feb,375,1,374,1,other,yes
37,technician,single,secondary,no,980,no,no,cellular,8,aug,1306,5,-1,0,unknown,yes
67,retired,married,primary,no,2391,no,no,cellular,28,jun,737,6,186,10,other,yes
42,technician,married,tertiary,no,757,no,no,cellular,10,feb,154,1,-1,0,unknown,yes
22,services,single,secondary,no,129,no,no,cellular,15,apr,218,2,181,1,success,yes
24,student,single,primary,no,1235,no,no,cellular,14,jul,334,4,93,6,other,yes
48,blue-collar,married,secondary,no,1230,yes,no,cellular,13,may,328,2,182,3,success,yes
44,management,divorced,tertiary,no,2367,no,no,cellular,22,sep,263,1,184,6,success,yes
43,management,married,tertiary,no,40,no,no,cellular,10,feb,147,1,-1,0,unknown,yes
45,management,single,tertiary,no,2048,yes,no,cellular,18,oct,310,1,804,1,failure,yes
31,management,married,tertiary,no,1331,no,no,cellular,30,apr,297,1,86,3,success,yes
46,management,married,secondary,no,0,no,no,cellular,18,nov,1855,1,-1,0,unknown,yes
57,technician,married,tertiary,no,6822,no,no,cellular,7,aug,797,2,-1,0,unknown,yes
37,management,single,tertiary,no,62,yes,no,cellular,2,aug,428,2,272,8,success,yes
51,entrepreneur,divorced,tertiary,no,2109,no,no,cellular,13,oct,79,2,-1,0,unknown,yes
25,admin.,single,secondary,no,82,no,yes,cellular,7,apr,104,2,-1,0,unknown,yes
26,technician,married,secondary,no,370,no,yes,cellular,8,jul,1061,4,-1,0,unknown,yes
57,management,married,primary,no,6900,no,no,cellular,23,oct,255,4,185,2,failure,yes
38,admin.,divorced,secondary,no,198,yes,no,unknown,26,may,431,2,-1,0,unknown,yes
46,technician,married,secondary,no,2149,yes,no,cellular,15,apr,282,2,-1,0,unknown,yes
40,management,married,tertiary,no,1308,no,no,telephone,3,feb,1776,2,-1,0,unknown,yes
36,unemployed,married,tertiary,no,4145,no,no,unknown,20,jun,988,4,-1,0,unknown,yes
35,housemaid,single,secondary,no,1015,yes,no,unknown,5,jun,406,2,-1,0,unknown,yes
34,blue-collar,married,secondary,no,751,yes,yes,cellular,17,nov,1303,1,-1,0,unknown,yes
38,technician,married,secondary,no,497,no,no,unknown,14,apr,173,1,-1,0,unknown,yes
66,retired,married,secondary,no,203,no,no,cellular,7,jul,376,1,-1,0,unknown,yes
57,admin.,single,secondary,no,3551,yes,no,cellular,12,may,458,1,-1,0,unknown,yes
43,admin.,married,secondary,no,132,no,no,cellular,17,mar,220,1,-1,0,unknown,yes
52,technician,married,tertiary,no,2557,no,no,cellular,8,jul,340,1,156,1,other,yes
72,self-employed,married,tertiary,no,132,no,no,cellular,27,apr,444,1,-1,0,unknown,yes
36,management,single,tertiary,no,5958,yes,no,cellular,22,sep,155,1,184,1,success,yes
34,self-employed,married,primary,no,7468,yes,yes,cellular,30,apr,383,1,-1,0,unknown,yes
77,retired,married,primary,no,3324,no,no,cellular,13,may,289,1,91,5,success,yes
25,student,single,secondary,no,2354,no,no,cellular,5,feb,226,7,-1,0,unknown,yes
31,blue-collar,single,secondary,no,54,yes,no,cellular,29,jun,401,1,-1,0,unknown,yes
32,technician,single,tertiary,no,5514,no,no,telephone,22,oct,181,1,-1,0,unknown,yes
30,management,single,tertiary,no,533,no,no,cellular,4,may,365,4,-1,0,unknown,yes
78,management,married,unknown,no,1780,yes,no,cellular,25,oct,211,2,185,7,success,yes
28,blue-collar,single,secondary,no,-197,yes,no,unknown,9,may,2016,2,-1,0,unknown,yes
30,blue-collar,single,secondary,no,7773,yes,no,cellular,20,nov,705,1,-1,0,unknown,yes
38,services,married,secondary,no,1970,yes,no,cellular,30,apr,701,1,176,1,success,yes
38,technician,married,tertiary,no,206,no,no,cellular,8,apr,350,2,-1,0,unknown,yes
23,student,single,secondary,no,0,no,no,cellular,30,apr,297,1,83,6,success,yes
26,technician,single,tertiary,no,-67,yes,no,cellular,15,may,637,1,-1,0,unknown,yes
44,self-employed,divorced,tertiary,no,1070,yes,no,cellular,11,nov,172,1,91,5,success,yes
31,management,single,tertiary,no,4718,yes,no,cellular,21,nov,536,1,-1,0,unknown,yes
38,management,single,tertiary,no,104,yes,no,cellular,6,may,606,3,-1,0,unknown,yes
64,housemaid,married,unknown,no,2645,no,no,telephone,3,feb,219,2,-1,0,unknown,yes
53,technician,married,secondary,no,1319,no,no,unknown,19,jun,1318,3,-1,0,unknown,yes
47,blue-collar,divorced,primary,no,603,yes,yes,cellular,8,may,1080,1,-1,0,unknown,yes
34,unknown,single,secondary,no,859,no,no,cellular,28,jan,829,1,-1,0,unknown,yes
62,retired,married,tertiary,no,2557,yes,no,cellular,10,nov,404,1,57,8,success,yes
49,entrepreneur,divorced,unknown,yes,-701,yes,no,cellular,30,jul,988,2,-1,0,unknown,yes
40,services,single,secondary,no,1547,yes,no,cellular,20,nov,405,1,-1,0,unknown,yes
38,admin.,divorced,secondary,no,19,yes,no,cellular,5,feb,1130,3,251,2,success,yes
33,self-employed,single,tertiary,no,562,yes,yes,cellular,6,apr,196,1,363,1,failure,yes
50,admin.,married,tertiary,no,6574,no,no,cellular,8,sep,495,1,92,3,success,yes
29,management,single,tertiary,no,9407,no,no,cellular,4,may,267,6,-1,0,unknown,yes
34,technician,married,tertiary,no,127,no,no,cellular,3,jun,117,1,-1,0,unknown,yes
29,management,single,tertiary,no,92,no,no,cellular,2,mar,175,5,-1,0,unknown,yes
53,entrepreneur,single,secondary,no,62,yes,no,unknown,30,may,1044,5,-1,0,unknown,yes
53,services,divorced,secondary,no,36,yes,yes,unknown,2,jul,25,1,417,1,success,yes
29,self-employed,single,tertiary,no,1579,no,no,cellular,13,oct,190,1,92,5,success,yes
51,entrepreneur,married,tertiary,no,5254,yes,no,unknown,23,oct,134,1,-1,0,unknown,yes
49,admin.,single,tertiary,no,228,yes,no,cellular,2,mar,368,1,-1,0,unknown,yes
30,services,single,secondary,yes,-366,yes,no,cellular,18,jul,516,1,-1,0,unknown,yes
36,entrepreneur,divorced,tertiary,no,3407,no,no,cellular,16,mar,392,4,-1,0,unknown,yes
54,management,divorced,tertiary,no,5475,no,no,cellular,22,jul,321,4,-1,0,unknown,yes
42,entrepreneur,married,secondary,no,0,yes,no,cellular,9,apr,331,1,140,4,failure,yes
32,management,single,tertiary,no,10281,no,no,cellular,22,apr,400,1,-1,0,unknown,yes
49,management,married,tertiary,no,1167,yes,yes,cellular,24,sep,249,1,91,14,success,yes
34,blue-collar,married,secondary,no,1089,yes,no,cellular,13,may,394,3,-1,0,unknown,yes
35,management,divorced,tertiary,no,3837,yes,no,unknown,8,may,1084,1,-1,0,unknown,yes
36,management,single,tertiary,no,2032,no,yes,cellular,20,nov,736,1,-1,0,unknown,yes
51,unemployed,married,secondary,no,234,no,no,cellular,22,aug,735,1,-1,0,unknown,yes
33,management,single,tertiary,no,224,no,no,cellular,23,sep,409,2,92,4,success,yes
31,technician,single,secondary,no,138,no,no,cellular,26,may,91,1,285,2,other,yes
58,blue-collar,married,secondary,no,3027,yes,no,cellular,24,apr,160,1,-1,0,unknown,yes
50,admin.,married,secondary,no,4117,no,no,cellular,21,nov,530,1,-1,0,unknown,yes
57,management,married,tertiary,no,473,no,no,cellular,1,jun,295,1,-1,0,unknown,yes
24,technician,single,secondary,no,409,yes,no,unknown,16,may,912,1,-1,0,unknown,yes
29,admin.,single,secondary,no,3528,no,no,cellular,8,oct,137,1,-1,0,unknown,yes
35,services,married,secondary,no,152,yes,no,unknown,2,jun,563,1,-1,0,unknown,yes
52,blue-collar,married,secondary,no,580,no,no,cellular,21,nov,965,2,-1,0,unknown,yes
41,blue-collar,married,secondary,no,2039,yes,no,cellular,8,may,729,1,-1,0,unknown,yes
59,retired,divorced,secondary,no,1026,no,no,unknown,5,nov,669,1,-1,0,unknown,yes
60,retired,married,secondary,no,523,no,no,cellular,13,aug,192,3,-1,0,unknown,yes
69,retired,single,tertiary,no,2144,no,no,cellular,29,jul,417,1,184,4,success,yes
48,management,married,tertiary,no,1949,yes,no,unknown,13,may,683,2,-1,0,unknown,yes
53,blue-collar,married,primary,no,421,yes,no,cellular,20,nov,677,1,-1,0,unknown,yes
28,blue-collar,married,secondary,no,751,yes,no,cellular,22,jul,598,5,-1,0,unknown,yes
54,admin.,married,unknown,no,140,no,no,telephone,27,apr,473,2,182,2,failure,yes
70,retired,married,secondary,no,2575,no,no,telephone,20,apr,216,2,-1,0,unknown,yes
34,management,single,tertiary,no,76,yes,no,cellular,13,may,747,2,371,3,failure,yes
47,blue-collar,married,primary,no,2749,yes,no,cellular,30,apr,774,2,164,1,failure,yes
35,technician,married,secondary,no,4508,yes,no,cellular,18,nov,854,1,-1,0,unknown,yes
43,entrepreneur,married,secondary,no,0,no,no,unknown,3,jun,1025,7,-1,0,unknown,yes
45,management,married,tertiary,no,506,no,no,cellular,23,apr,229,2,-1,0,unknown,yes
45,blue-collar,divorced,primary,no,844,no,no,unknown,5,jun,1018,3,-1,0,unknown,yes
39,blue-collar,married,secondary,no,1756,yes,no,cellular,3,apr,939,1,-1,0,unknown,yes
38,unemployed,single,secondary,no,804,no,no,cellular,1,jun,1087,1,-1,0,unknown,yes
51,technician,married,tertiary,no,1347,yes,yes,cellular,10,feb,160,1,243,1,failure,yes
60,admin.,divorced,secondary,no,12039,no,no,telephone,8,apr,236,1,-1,0,unknown,yes
40,admin.,single,secondary,no,664,no,no,cellular,21,jul,1342,2,-1,0,unknown,yes
38,services,single,secondary,no,895,yes,no,cellular,12,may,1531,1,-1,0,unknown,yes
35,blue-collar,married,primary,no,22,yes,no,cellular,15,may,1190,2,302,2,other,yes
29,technician,single,tertiary,no,2178,no,no,cellular,22,oct,260,2,139,1,other,yes
32,self-employed,single,tertiary,no,2559,no,no,cellular,7,jul,889,1,-1,0,unknown,yes
67,retired,married,primary,no,1430,no,no,cellular,11,jan,499,2,91,3,failure,yes
26,admin.,single,secondary,no,96,no,no,cellular,11,aug,349,1,70,3,failure,yes
45,management,divorced,secondary,no,644,yes,no,unknown,4,jun,633,1,-1,0,unknown,yes
28,technician,single,tertiary,no,0,yes,no,cellular,25,may,269,1,40,2,failure,yes
28,management,single,tertiary,no,390,no,no,cellular,29,sep,845,1,232,4,success,yes
44,admin.,married,secondary,no,10905,no,no,cellular,19,aug,240,2,271,1,other,yes
35,management,married,tertiary,no,1380,no,no,cellular,23,feb,155,1,-1,0,unknown,yes
39,entrepreneur,married,secondary,no,2139,yes,no,cellular,15,may,576,4,371,1,failure,yes
65,retired,married,primary,no,276,no,no,cellular,22,apr,229,1,-1,0,unknown,yes
45,unemployed,married,secondary,no,891,yes,no,unknown,7,jan,118,1,-1,0,unknown,yes
32,management,single,tertiary,no,2069,no,no,cellular,22,apr,545,1,-1,0,unknown,yes
31,management,married,tertiary,no,3,yes,yes,cellular,11,feb,331,1,-1,0,unknown,yes
39,self-employed,married,tertiary,no,-3058,yes,yes,cellular,17,apr,882,3,-1,0,unknown,yes
29,management,single,secondary,no,3317,no,yes,telephone,4,may,640,7,-1,0,unknown,yes
29,housemaid,single,tertiary,no,19,no,no,cellular,3,dec,274,1,230,1,success,yes
49,technician,divorced,secondary,no,305,no,no,cellular,24,jul,367,2,-1,0,unknown,yes
65,entrepreneur,married,tertiary,no,2331,no,no,telephone,11,aug,425,1,183,2,success,yes
28,blue-collar,married,secondary,no,2788,yes,no,unknown,6,jun,369,2,-1,0,unknown,yes
38,blue-collar,single,secondary,no,2580,yes,no,cellular,8,apr,1691,2,264,3,failure,yes
53,blue-collar,married,primary,no,306,no,no,cellular,28,jul,388,3,181,1,success,yes
61,management,married,secondary,no,544,no,no,cellular,29,dec,63,3,200,9,success,yes
37,technician,married,secondary,no,1707,yes,no,cellular,26,jul,546,2,784,3,failure,yes
30,technician,single,tertiary,no,0,yes,no,cellular,5,jun,159,2,-1,0,unknown,yes
30,services,divorced,secondary,no,436,yes,no,cellular,17,jun,1720,1,-1,0,unknown,yes
56,admin.,married,secondary,no,1694,no,no,cellular,21,aug,793,10,-1,0,unknown,yes
29,technician,single,secondary,no,1165,no,no,cellular,3,dec,244,2,184,1,success,yes
38,services,married,secondary,no,775,no,no,cellular,12,feb,1835,3,182,2,success,yes
36,blue-collar,married,secondary,no,1049,yes,no,cellular,14,may,224,4,-1,0,unknown,yes
31,management,single,tertiary,no,1619,no,no,cellular,30,apr,327,2,-1,0,unknown,yes
53,blue-collar,single,secondary,no,1004,no,no,cellular,13,may,393,1,84,1,other,yes
67,retired,married,unknown,no,2540,no,no,telephone,14,jun,278,5,116,4,other,yes
60,blue-collar,married,primary,no,7929,no,no,unknown,1,apr,111,1,-1,0,unknown,yes
52,blue-collar,divorced,primary,no,-191,yes,no,unknown,15,may,755,1,-1,0,unknown,yes
55,management,married,unknown,no,1504,yes,no,cellular,22,may,338,2,-1,0,unknown,yes
36,technician,single,secondary,no,376,no,no,cellular,13,nov,193,1,92,1,success,yes
56,retired,married,tertiary,no,281,no,no,cellular,3,mar,96,2,-1,0,unknown,yes
59,retired,divorced,secondary,no,514,no,no,cellular,3,feb,261,1,-1,0,unknown,yes
35,admin.,married,secondary,no,2,yes,no,cellular,18,mar,194,1,-1,0,unknown,yes
28,blue-collar,single,secondary,no,517,no,yes,cellular,8,jul,681,1,-1,0,unknown,yes
54,retired,married,secondary,no,3538,no,no,cellular,27,may,820,1,-1,0,unknown,yes
24,admin.,single,secondary,no,1052,no,no,cellular,30,apr,354,1,-1,0,unknown,yes
49,management,married,tertiary,no,5887,no,no,cellular,2,jun,181,3,293,2,failure,yes
35,technician,married,secondary,no,545,yes,no,cellular,16,apr,1579,1,234,4,failure,yes
26,student,single,secondary,no,864,yes,no,cellular,15,may,659,1,-1,0,unknown,yes
54,management,married,secondary,no,2693,no,no,cellular,22,mar,222,1,188,6,other,yes
48,unemployed,married,secondary,no,926,no,no,cellular,12,aug,504,2,178,10,success,yes
51,unemployed,married,secondary,no,1416,no,no,cellular,9,sep,345,1,-1,0,unknown,yes
85,retired,married,primary,no,12114,no,no,telephone,12,feb,165,2,-1,0,unknown,yes
59,unemployed,married,secondary,no,957,no,no,cellular,9,dec,479,2,-1,0,unknown,yes
48,blue-collar,married,primary,no,214,yes,yes,cellular,14,may,307,1,177,2,failure,yes
26,admin.,single,tertiary,no,2532,yes,yes,cellular,18,feb,269,1,-1,0,unknown,yes
29,management,single,tertiary,no,265,no,no,cellular,22,may,491,1,-1,0,unknown,yes
33,unemployed,single,tertiary,no,6748,no,no,cellular,14,aug,1579,2,-1,0,unknown,yes
32,management,single,tertiary,no,7290,yes,no,cellular,18,may,357,1,-1,0,unknown,yes
22,admin.,single,secondary,no,372,no,no,cellular,6,oct,218,1,-1,0,unknown,yes
47,technician,married,primary,no,235,no,no,cellular,2,mar,136,2,203,1,other,yes
52,management,married,tertiary,no,3634,no,no,cellular,8,feb,341,8,-1,0,unknown,yes
34,management,married,tertiary,no,158,no,no,cellular,9,sep,278,2,132,4,failure,yes
40,management,married,tertiary,no,-17,yes,yes,cellular,11,may,474,1,256,1,success,yes
32,management,single,tertiary,no,2551,yes,no,cellular,21,jul,638,3,-1,0,unknown,yes
28,management,single,tertiary,no,187,no,no,cellular,10,sep,255,1,93,2,success,yes
28,management,single,tertiary,no,874,yes,no,cellular,5,jun,509,1,-1,0,unknown,yes
28,technician,single,tertiary,no,676,no,no,cellular,5,feb,1138,2,-1,0,unknown,yes
24,technician,single,secondary,no,598,no,no,cellular,12,may,762,1,182,2,success,yes
59,retired,married,tertiary,no,148,yes,yes,cellular,8,may,685,2,366,1,other,yes
30,technician,married,secondary,no,289,yes,no,cellular,14,aug,1184,4,-1,0,unknown,yes
55,management,divorced,secondary,no,204,yes,no,cellular,11,jul,1973,2,-1,0,unknown,yes
59,technician,married,secondary,no,259,no,no,cellular,15,jun,415,1,89,1,success,yes
67,retired,married,secondary,no,203,no,no,cellular,11,oct,405,1,266,2,success,yes
30,technician,single,secondary,no,816,yes,no,unknown,14,nov,179,1,-1,0,unknown,yes
28,self-employed,single,tertiary,no,1579,no,no,cellular,13,jan,163,1,91,3,failure,yes
33,admin.,single,secondary,no,555,yes,no,cellular,9,sep,204,1,365,1,success,yes
51,technician,married,secondary,no,-1944,yes,no,cellular,7,may,623,1,-1,0,unknown,yes
27,technician,single,tertiary,no,931,yes,no,cellular,4,feb,1078,1,-1,0,unknown,yes
33,services,married,secondary,no,1697,no,no,cellular,3,nov,179,1,-1,0,unknown,yes
40,management,married,tertiary,no,1855,no,no,telephone,8,feb,78,6,-1,0,unknown,yes
28,technician,single,tertiary,no,2489,yes,no,telephone,27,feb,342,2,-1,0,unknown,yes
32,services,married,secondary,no,-34,yes,no,unknown,30,may,1236,2,-1,0,unknown,yes
47,management,divorced,tertiary,no,12026,yes,no,telephone,27,oct,251,1,-1,0,unknown,yes
46,admin.,divorced,primary,no,429,yes,no,cellular,26,apr,465,2,369,2,success,yes
45,management,married,tertiary,no,160,no,no,cellular,10,nov,182,2,194,1,success,yes
40,technician,married,tertiary,no,11766,yes,no,cellular,13,apr,218,2,242,9,failure,yes
30,blue-collar,single,secondary,no,953,yes,no,unknown,2,jun,747,2,-1,0,unknown,yes
24,student,single,tertiary,no,3415,no,no,cellular,27,apr,97,1,-1,0,unknown,yes
32,blue-collar,single,secondary,no,217,yes,no,cellular,15,may,692,3,-1,0,unknown,yes
55,services,married,unknown,no,2944,no,no,cellular,27,aug,672,6,-1,0,unknown,yes
43,technician,married,secondary,no,3285,yes,no,unknown,13,may,1721,2,-1,0,unknown,yes
37,technician,single,tertiary,no,197,no,no,cellular,15,feb,531,1,91,2,success,yes
61,self-employed,divorced,tertiary,no,6,yes,no,cellular,14,apr,133,2,-1,0,unknown,yes
41,entrepreneur,married,primary,no,0,no,no,cellular,3,jul,438,2,389,1,other,yes
61,retired,married,secondary,no,1058,no,no,cellular,27,jul,218,2,91,3,success,yes
49,housemaid,married,primary,no,889,no,no,telephone,7,jul,388,1,-1,0,unknown,yes
35,technician,single,secondary,no,183,no,no,cellular,23,oct,281,1,52,4,failure,yes
74,retired,married,primary,no,1765,no,no,telephone,11,sep,290,2,-1,0,unknown,yes
30,management,single,tertiary,no,398,no,no,cellular,30,apr,554,1,6,2,success,yes
41,services,married,secondary,no,803,yes,no,cellular,9,apr,592,4,316,3,failure,yes
79,retired,married,primary,no,8556,no,no,telephone,18,jan,326,2,272,2,success,yes
40,unemployed,single,secondary,no,334,no,no,cellular,5,mar,219,1,91,6,other,yes
37,management,married,tertiary,no,1276,no,no,cellular,14,aug,156,2,-1,0,unknown,yes
36,management,married,tertiary,no,2161,no,no,cellular,8,sep,708,2,183,5,success,yes
30,admin.,married,secondary,no,396,yes,no,cellular,13,may,366,3,348,2,failure,yes
32,management,married,tertiary,no,376,yes,no,cellular,23,mar,248,4,-1,0,unknown,yes
41,management,married,tertiary,no,0,yes,no,cellular,18,nov,897,3,-1,0,unknown,yes
40,services,married,secondary,no,446,yes,no,unknown,16,may,1252,1,-1,0,unknown,yes
23,admin.,single,tertiary,no,314,no,yes,cellular,8,apr,142,4,-1,0,unknown,yes
41,unemployed,married,secondary,no,0,yes,yes,cellular,5,may,400,1,-1,0,unknown,yes
35,housemaid,single,primary,no,745,no,no,telephone,5,jun,522,3,-1,0,unknown,yes
44,management,divorced,tertiary,yes,-411,yes,no,unknown,2,jun,432,4,-1,0,unknown,yes
25,blue-collar,single,secondary,no,189,no,yes,cellular,8,jul,687,2,-1,0,unknown,yes
38,blue-collar,married,primary,no,1852,yes,no,cellular,13,may,606,1,-1,0,unknown,yes
37,management,married,tertiary,no,203,no,no,cellular,21,oct,759,1,90,5,success,yes
26,services,single,secondary,no,136,no,no,cellular,20,apr,120,1,-1,0,unknown,yes
55,blue-collar,married,primary,no,512,no,no,cellular,5,aug,1200,2,-1,0,unknown,yes
33,management,single,tertiary,no,816,yes,no,cellular,11,oct,383,2,503,2,failure,yes
36,technician,single,secondary,no,651,no,no,cellular,7,aug,876,1,-1,0,unknown,yes
38,entrepreneur,single,secondary,no,2543,no,no,cellular,10,aug,223,1,414,4,failure,yes
58,self-employed,married,primary,no,1013,yes,no,cellular,11,aug,206,1,461,1,failure,yes
39,blue-collar,divorced,primary,no,1317,yes,no,cellular,20,nov,543,1,170,4,other,yes
61,management,married,tertiary,no,0,no,no,cellular,16,oct,136,2,-1,0,unknown,yes
37,technician,single,secondary,no,2442,no,no,cellular,16,feb,91,3,-1,0,unknown,yes
51,retired,divorced,secondary,no,1679,no,no,cellular,12,aug,417,1,365,9,other,yes
30,admin.,single,tertiary,no,0,yes,no,cellular,4,feb,730,2,-1,0,unknown,yes
40,housemaid,single,tertiary,no,7441,no,no,cellular,31,jul,1461,6,-1,0,unknown,yes
56,blue-collar,married,secondary,no,1210,no,no,unknown,11,jun,935,1,-1,0,unknown,yes
36,blue-collar,married,primary,no,408,yes,yes,unknown,20,may,1063,2,-1,0,unknown,yes
35,admin.,divorced,secondary,no,437,yes,no,unknown,4,jun,908,1,-1,0,unknown,yes
44,unemployed,divorced,tertiary,no,0,no,no,cellular,5,feb,1960,3,-1,0,unknown,yes
30,technician,single,tertiary,no,635,no,no,cellular,13,aug,851,8,-1,0,unknown,yes
51,management,single,secondary,no,1610,yes,no,unknown,16,jun,1248,3,-1,0,unknown,yes
39,management,married,secondary,no,11835,yes,no,cellular,11,aug,744,2,-1,0,unknown,yes
46,management,married,tertiary,no,1600,yes,yes,cellular,11,aug,1244,1,-1,0,unknown,yes
35,technician,married,tertiary,no,1629,no,no,cellular,25,jul,653,4,-1,0,unknown,yes
32,admin.,married,tertiary,no,653,no,no,cellular,2,jun,84,1,-1,0,unknown,yes
35,unemployed,single,tertiary,no,415,no,no,cellular,4,feb,649,1,176,1,failure,yes
51,blue-collar,married,secondary,no,518,yes,no,cellular,12,may,918,1,-1,0,unknown,yes
19,student,single,unknown,no,108,no,no,cellular,9,mar,273,2,182,1,success,yes
42,services,married,secondary,no,774,no,no,cellular,28,jan,997,1,-1,0,unknown,yes
84,retired,married,secondary,no,81204,no,no,telephone,1,apr,390,1,94,3,success,yes
60,management,married,tertiary,no,315,no,no,cellular,1,sep,840,1,183,3,success,yes
41,blue-collar,married,secondary,no,2689,yes,no,cellular,15,apr,135,1,-1,0,unknown,yes
36,services,single,secondary,no,365,no,no,cellular,4,may,643,1,-1,0,unknown,yes
30,management,single,tertiary,no,3779,no,no,cellular,13,apr,1093,1,-1,0,unknown,yes
28,student,single,tertiary,no,3054,no,no,cellular,30,apr,384,1,80,6,other,yes
51,management,married,tertiary,no,469,no,no,cellular,15,apr,200,1,181,2,success,yes
36,blue-collar,married,secondary,no,1165,yes,no,unknown,13,may,1001,4,-1,0,unknown,yes
57,technician,married,tertiary,no,-1,no,no,unknown,14,may,850,2,-1,0,unknown,yes
46,self-employed,divorced,tertiary,no,21,no,no,cellular,30,jul,566,2,-1,0,unknown,yes
50,technician,married,secondary,no,3654,no,no,cellular,29,oct,215,2,78,2,other,yes
33,blue-collar,married,secondary,no,0,no,no,cellular,29,jul,454,6,-1,0,unknown,yes
33,management,divorced,tertiary,no,2240,no,no,cellular,3,jun,198,1,-1,0,unknown,yes
27,blue-collar,single,tertiary,no,567,no,no,cellular,25,nov,238,2,184,1,success,yes
25,student,single,unknown,no,722,no,no,telephone,21,apr,623,2,-1,0,unknown,yes
29,blue-collar,married,secondary,no,-493,yes,no,cellular,18,may,536,2,334,4,failure,yes
65,entrepreneur,married,tertiary,no,2331,no,no,telephone,9,feb,290,1,92,1,success,yes
33,technician,divorced,secondary,no,801,no,no,cellular,7,aug,341,5,-1,0,unknown,yes
34,admin.,married,secondary,no,1406,yes,no,cellular,27,may,145,1,-1,0,unknown,yes
40,blue-collar,married,secondary,no,1515,yes,no,cellular,10,aug,503,1,-1,0,unknown,yes
41,technician,married,tertiary,no,67,yes,no,cellular,19,nov,814,1,-1,0,unknown,yes
72,retired,married,primary,no,4657,no,no,cellular,22,dec,305,3,309,5,success,yes
31,technician,married,tertiary,no,1570,yes,no,cellular,8,mar,277,4,286,1,failure,yes
39,blue-collar,married,secondary,no,1307,yes,no,telephone,31,oct,158,1,-1,0,unknown,yes
50,management,married,tertiary,no,5108,yes,no,cellular,18,dec,406,1,182,2,failure,yes
49,services,divorced,secondary,no,947,no,no,unknown,20,jun,808,2,-1,0,unknown,yes
61,management,single,tertiary,no,2,no,no,cellular,12,aug,131,1,114,3,failure,yes
57,retired,single,tertiary,no,842,no,no,cellular,13,aug,284,3,-1,0,unknown,yes
35,housemaid,married,tertiary,no,1265,yes,no,cellular,15,may,326,5,179,4,failure,yes
65,admin.,married,secondary,no,952,no,no,cellular,6,sep,255,1,96,1,success,yes
30,admin.,single,secondary,no,265,yes,no,cellular,25,may,681,1,181,2,success,yes
27,services,single,secondary,no,955,no,no,cellular,23,apr,206,1,-1,0,unknown,yes
30,technician,single,tertiary,no,4060,no,no,cellular,3,feb,179,1,93,1,other,yes
39,technician,divorced,secondary,no,291,yes,no,cellular,7,may,882,2,-1,0,unknown,yes
46,housemaid,married,primary,no,3512,no,no,cellular,30,oct,175,1,197,1,failure,yes
46,management,married,tertiary,no,2817,no,no,cellular,17,sep,543,1,-1,0,unknown,yes
34,management,single,tertiary,no,2159,no,no,unknown,18,feb,386,1,-1,0,unknown,yes
37,management,married,tertiary,no,630,no,no,cellular,30,apr,315,1,87,1,success,yes
36,services,married,secondary,no,52,yes,no,cellular,7,sep,351,1,95,6,success,yes
32,technician,single,tertiary,no,1246,yes,no,cellular,4,feb,192,2,-1,0,unknown,yes
37,blue-collar,married,primary,no,-106,yes,yes,cellular,12,may,690,1,-1,0,unknown,yes
43,management,married,tertiary,no,1791,no,no,cellular,5,aug,254,1,-1,0,unknown,yes
35,management,married,tertiary,no,43,yes,no,cellular,20,apr,860,1,-1,0,unknown,yes
47,admin.,single,secondary,no,3696,no,no,cellular,12,jan,758,4,-1,0,unknown,yes
47,blue-collar,married,secondary,no,802,yes,yes,cellular,12,may,289,2,-1,0,unknown,yes
35,management,married,tertiary,no,2161,no,no,cellular,9,mar,139,2,181,3,success,yes
46,management,divorced,tertiary,no,461,no,no,cellular,30,dec,369,2,-1,0,unknown,yes
56,management,married,tertiary,no,830,yes,yes,unknown,6,may,1201,1,-1,0,unknown,yes
56,services,married,primary,no,486,no,yes,telephone,21,jul,1877,1,-1,0,unknown,yes
37,technician,married,secondary,no,1762,no,no,cellular,16,apr,334,2,-1,0,unknown,yes
46,management,married,tertiary,no,349,no,no,cellular,15,feb,295,2,616,1,failure,yes
69,technician,married,tertiary,no,482,no,no,cellular,29,jul,478,1,267,1,failure,yes
31,management,single,tertiary,no,2734,yes,no,cellular,15,may,858,3,-1,0,unknown,yes
37,technician,single,secondary,no,265,yes,yes,cellular,3,feb,140,1,366,2,failure,yes
34,blue-collar,married,secondary,no,262,no,no,cellular,1,jun,339,1,-1,0,unknown,yes
25,services,single,unknown,no,2022,no,no,cellular,29,jul,276,8,97,12,other,yes
34,technician,single,secondary,no,666,no,no,cellular,21,aug,1503,2,-1,0,unknown,yes
21,student,single,secondary,no,123,no,no,telephone,12,aug,449,1,-1,0,unknown,yes
53,blue-collar,married,secondary,no,6112,no,no,cellular,3,feb,211,1,-1,0,unknown,yes
33,management,married,tertiary,no,271,yes,no,cellular,13,nov,182,2,91,2,success,yes
27,admin.,married,secondary,no,1595,no,no,cellular,29,dec,196,2,197,2,success,yes
32,admin.,married,secondary,no,200,no,no,cellular,1,sep,729,1,29,3,failure,yes
44,blue-collar,married,secondary,yes,105,yes,no,cellular,20,apr,586,1,-1,0,unknown,yes
32,admin.,married,secondary,no,995,no,no,cellular,3,sep,331,1,99,2,other,yes
51,self-employed,single,secondary,no,0,no,no,cellular,29,oct,1707,2,-1,0,unknown,yes
32,management,single,tertiary,no,769,no,no,cellular,29,aug,695,2,-1,0,unknown,yes
48,blue-collar,single,primary,no,8990,no,no,telephone,2,feb,1790,2,-1,0,unknown,yes
42,unemployed,married,secondary,no,1289,no,no,cellular,15,jul,250,4,415,2,failure,yes
29,services,married,secondary,no,6567,yes,no,cellular,15,may,792,2,298,1,failure,yes
60,retired,married,secondary,no,1853,no,no,cellular,11,aug,408,1,-1,0,unknown,yes
33,blue-collar,single,primary,no,127,yes,no,unknown,29,may,1059,2,-1,0,unknown,yes
38,management,married,tertiary,no,238,no,no,cellular,4,aug,139,1,92,3,failure,yes
35,blue-collar,married,primary,no,414,no,no,unknown,13,may,504,4,-1,0,unknown,yes
59,management,married,tertiary,no,296,no,yes,cellular,15,jul,805,3,-1,0,unknown,yes
31,technician,married,tertiary,no,26,no,yes,cellular,18,nov,419,1,127,6,other,yes
37,admin.,single,secondary,no,4803,no,no,cellular,15,jan,396,2,-1,0,unknown,yes
39,services,married,secondary,no,2758,no,no,cellular,4,feb,658,3,-1,0,unknown,yes
65,retired,divorced,secondary,no,828,no,no,cellular,13,jul,305,1,-1,0,unknown,yes
42,blue-collar,married,secondary,no,443,yes,no,unknown,2,jun,671,5,-1,0,unknown,yes
60,unknown,married,unknown,no,17297,no,no,cellular,26,aug,664,11,-1,0,unknown,yes
27,technician,single,secondary,no,439,yes,no,cellular,15,apr,1038,2,-1,0,unknown,yes
36,entrepreneur,married,tertiary,no,3057,no,no,unknown,16,jun,2769,4,-1,0,unknown,yes
33,student,married,secondary,no,1536,no,no,cellular,9,nov,262,1,94,2,success,yes
26,management,single,tertiary,no,362,no,no,cellular,15,sep,925,1,104,2,success,yes
30,student,single,tertiary,no,228,yes,no,cellular,13,may,314,2,-1,0,unknown,yes
30,blue-collar,single,secondary,no,799,no,no,unknown,13,jun,674,1,-1,0,unknown,yes
37,technician,single,tertiary,no,6101,no,no,cellular,6,feb,141,1,-1,0,unknown,yes
54,unemployed,divorced,secondary,no,1664,no,no,cellular,2,jun,257,3,-1,0,unknown,yes
46,technician,married,secondary,no,57,no,no,unknown,28,may,796,1,-1,0,unknown,yes
45,technician,divorced,secondary,no,2657,no,no,cellular,7,aug,895,3,-1,0,unknown,yes
32,services,single,tertiary,no,945,no,no,cellular,20,nov,531,1,-1,0,unknown,yes
23,services,single,secondary,no,870,no,no,cellular,29,dec,296,1,176,4,success,yes
79,retired,married,secondary,no,668,no,no,telephone,2,jul,363,1,-1,0,unknown,yes
37,admin.,married,secondary,no,1207,yes,no,telephone,6,apr,1353,2,138,2,success,yes
62,management,married,tertiary,no,3371,no,no,cellular,25,mar,187,1,178,2,success,yes
26,admin.,married,secondary,no,1595,no,no,cellular,15,jun,155,1,105,1,failure,yes
32,management,divorced,tertiary,no,874,no,no,cellular,12,aug,1282,6,-1,0,unknown,yes
40,management,married,tertiary,no,0,yes,no,cellular,25,mar,506,2,-1,0,unknown,yes
31,admin.,single,tertiary,no,676,yes,no,cellular,22,apr,124,2,343,2,other,yes
37,services,divorced,secondary,no,319,yes,no,unknown,6,jun,467,3,-1,0,unknown,yes
36,admin.,single,secondary,no,148,yes,no,cellular,15,may,1357,4,374,2,failure,yes
35,services,single,tertiary,no,0,no,no,cellular,3,jul,704,1,-1,0,unknown,yes
47,technician,divorced,secondary,no,1013,no,no,cellular,15,sep,170,1,92,3,failure,yes
30,management,single,tertiary,no,201,yes,no,cellular,17,mar,325,2,-1,0,unknown,yes
31,management,single,secondary,no,360,yes,no,cellular,18,may,309,1,-1,0,unknown,yes
27,admin.,married,secondary,no,897,no,no,cellular,5,jun,397,1,-1,0,unknown,yes
41,admin.,divorced,secondary,no,6046,yes,yes,telephone,15,mar,300,6,182,2,success,yes
71,retired,married,tertiary,no,3561,no,no,telephone,15,mar,577,7,-1,0,unknown,yes
25,technician,single,tertiary,no,3630,no,no,telephone,9,jun,221,7,-1,0,unknown,yes
38,admin.,married,secondary,no,1767,yes,no,cellular,9,jul,483,4,239,7,success,yes
27,technician,single,tertiary,no,1075,no,no,cellular,2,sep,529,2,184,1,success,yes
54,admin.,married,secondary,no,0,no,no,cellular,27,jan,565,1,-1,0,unknown,yes
37,admin.,divorced,secondary,no,1533,yes,no,cellular,21,nov,555,4,-1,0,unknown,yes
30,technician,married,tertiary,no,541,yes,no,unknown,26,may,414,2,-1,0,unknown,yes
62,retired,divorced,tertiary,no,0,no,no,cellular,13,nov,227,2,-1,0,unknown,yes
26,management,single,tertiary,no,943,no,no,cellular,11,nov,166,1,195,1,success,yes
43,management,married,tertiary,no,79,no,no,cellular,26,may,640,1,-1,0,unknown,yes
65,admin.,married,secondary,no,952,no,no,cellular,2,jun,310,1,-1,0,unknown,yes
35,blue-collar,single,secondary,no,0,yes,no,cellular,16,apr,1174,1,345,4,other,yes
33,management,single,tertiary,no,62,yes,no,cellular,18,may,473,3,-1,0,unknown,yes
33,management,single,tertiary,no,6807,no,no,cellular,20,apr,163,1,-1,0,unknown,yes
25,admin.,single,secondary,no,285,no,no,cellular,3,jul,658,3,-1,0,unknown,yes
61,housemaid,married,primary,no,2580,no,no,cellular,16,sep,270,3,202,7,other,yes
59,unemployed,married,secondary,no,1047,no,no,cellular,21,aug,438,1,184,3,success,yes
59,admin.,married,secondary,no,2343,yes,no,unknown,5,may,1042,1,-1,0,unknown,yes
38,unemployed,married,tertiary,no,2812,yes,no,cellular,30,apr,830,1,-1,0,unknown,yes
42,management,single,tertiary,yes,0,yes,no,cellular,21,nov,824,1,-1,0,unknown,yes
29,unemployed,single,primary,no,1374,no,no,cellular,17,nov,309,3,208,4,success,yes
33,admin.,single,tertiary,no,146,no,no,cellular,23,jul,351,3,-1,0,unknown,yes
22,student,single,secondary,no,216,no,no,cellular,6,aug,178,1,179,2,success,yes
39,self-employed,single,tertiary,no,426,no,no,unknown,18,jun,1029,1,-1,0,unknown,yes
29,management,single,tertiary,no,572,no,no,cellular,16,dec,314,1,195,1,success,yes
48,management,divorced,tertiary,no,17964,yes,no,cellular,26,may,208,2,96,3,other,yes
23,management,single,tertiary,no,2143,no,no,cellular,30,mar,180,2,-1,0,unknown,yes
47,management,married,tertiary,no,288,no,no,cellular,31,mar,193,1,181,1,success,yes
63,retired,divorced,tertiary,no,0,no,no,cellular,13,may,263,1,181,2,success,yes
27,technician,single,secondary,no,489,yes,no,cellular,30,jul,356,4,-1,0,unknown,yes
32,blue-collar,married,secondary,no,1879,no,no,cellular,6,feb,591,8,-1,0,unknown,yes
43,admin.,single,secondary,no,733,yes,no,cellular,21,aug,126,1,88,4,success,yes
34,technician,married,secondary,no,390,yes,no,cellular,27,mar,95,2,231,2,failure,yes
80,housemaid,married,primary,no,0,no,no,cellular,23,feb,639,1,189,1,failure,yes
57,retired,married,secondary,no,1044,no,no,telephone,11,jan,585,1,192,2,success,yes
29,blue-collar,married,secondary,no,940,yes,yes,cellular,15,may,382,1,-1,0,unknown,yes
27,technician,single,tertiary,no,2781,yes,no,cellular,24,may,168,1,389,1,failure,yes
22,student,single,unknown,no,1232,no,no,cellular,30,jul,283,1,430,2,other,yes
61,self-employed,divorced,tertiary,no,52587,no,no,cellular,10,aug,290,1,-1,0,unknown,yes
68,retired,divorced,secondary,no,4189,no,no,telephone,14,jul,897,2,-1,0,unknown,yes
40,unemployed,single,tertiary,no,7968,no,no,cellular,3,sep,733,1,93,1,success,yes
77,retired,married,tertiary,no,0,no,no,cellular,16,oct,847,1,60,1,success,yes
60,retired,divorced,secondary,no,1099,no,no,cellular,11,jul,764,2,-1,0,unknown,yes
37,admin.,married,secondary,no,1967,no,no,telephone,27,oct,376,1,-1,0,unknown,yes
53,technician,divorced,tertiary,no,2228,no,no,cellular,17,nov,890,1,-1,0,unknown,yes
34,admin.,married,tertiary,no,142,yes,no,cellular,13,may,459,1,-1,0,unknown,yes
56,services,married,secondary,no,1989,no,no,cellular,3,feb,336,2,281,2,failure,yes
53,management,married,tertiary,no,3634,no,no,cellular,7,may,211,4,88,8,success,yes
34,technician,married,tertiary,no,197,no,no,cellular,20,aug,78,3,-1,0,unknown,yes
37,admin.,married,secondary,no,1110,yes,no,telephone,22,jul,802,11,-1,0,unknown,yes
75,retired,married,tertiary,no,6027,no,no,cellular,16,nov,1248,2,94,2,failure,yes
26,admin.,single,tertiary,no,760,yes,no,cellular,4,mar,456,2,281,5,success,yes
60,self-employed,married,tertiary,no,10861,no,no,cellular,9,nov,98,1,91,2,failure,yes
40,services,divorced,secondary,no,687,yes,no,cellular,2,feb,531,1,208,1,success,yes
26,management,single,tertiary,no,222,no,no,cellular,26,apr,192,1,334,1,failure,yes
27,management,single,secondary,no,843,no,no,cellular,8,jan,187,1,-1,0,unknown,yes
21,student,single,secondary,no,123,no,no,telephone,11,nov,513,1,91,1,success,yes
42,technician,married,tertiary,no,921,no,no,cellular,5,aug,531,3,-1,0,unknown,yes
29,services,married,secondary,no,1135,yes,no,cellular,17,feb,323,1,-1,0,unknown,yes
74,retired,divorced,secondary,no,4079,no,no,cellular,19,oct,343,3,-1,0,unknown,yes
26,management,single,tertiary,no,390,no,no,cellular,7,aug,325,1,-1,0,unknown,yes
39,admin.,married,secondary,no,260,yes,no,cellular,11,aug,175,2,116,2,failure,yes
53,blue-collar,married,primary,no,751,yes,no,cellular,3,feb,1528,2,-1,0,unknown,yes
34,services,single,secondary,no,-701,yes,no,cellular,11,may,610,2,-1,0,unknown,yes
41,blue-collar,married,secondary,yes,720,no,yes,cellular,24,jul,651,1,-1,0,unknown,yes
78,retired,divorced,primary,no,2787,no,no,telephone,1,jul,372,1,-1,0,unknown,yes
46,admin.,divorced,secondary,no,2196,no,no,cellular,28,jul,573,5,-1,0,unknown,yes
38,management,single,tertiary,no,6158,yes,no,cellular,15,apr,139,5,145,9,failure,yes
34,self-employed,single,secondary,no,296,no,no,cellular,27,aug,609,13,-1,0,unknown,yes
60,retired,married,secondary,no,8332,no,no,cellular,16,mar,279,1,194,7,other,yes
71,retired,divorced,unknown,no,392,no,no,telephone,7,jul,276,2,-1,0,unknown,yes
44,self-employed,married,secondary,no,706,no,no,unknown,5,nov,204,1,-1,0,unknown,yes
32,entrepreneur,married,secondary,no,-242,yes,no,cellular,20,apr,1202,3,-1,0,unknown,yes
30,entrepreneur,single,primary,no,0,yes,yes,unknown,27,may,1051,1,-1,0,unknown,yes
31,unemployed,single,secondary,no,1214,no,no,cellular,4,feb,974,1,-1,0,unknown,yes
34,blue-collar,single,primary,no,-109,yes,no,cellular,15,jul,860,4,-1,0,unknown,yes
29,admin.,married,secondary,no,7707,yes,no,cellular,29,apr,961,2,334,2,failure,yes
41,management,single,secondary,no,3234,yes,no,cellular,30,jan,2770,1,-1,0,unknown,yes
36,technician,married,tertiary,no,202,no,no,cellular,29,jan,313,1,120,3,failure,yes
32,technician,married,secondary,no,660,no,no,cellular,25,oct,226,2,490,1,failure,yes
26,self-employed,single,secondary,no,3676,no,no,cellular,7,apr,148,1,-1,0,unknown,yes
29,services,single,secondary,no,271,yes,no,unknown,20,may,1882,2,-1,0,unknown,yes
37,blue-collar,married,secondary,no,125,no,no,unknown,26,may,679,2,-1,0,unknown,yes
60,technician,married,secondary,no,259,no,no,cellular,6,jul,396,1,386,2,success,yes
41,unemployed,married,secondary,no,1077,yes,yes,telephone,9,dec,207,3,387,2,failure,yes
48,management,married,tertiary,no,3842,no,no,cellular,1,jun,215,2,-1,0,unknown,yes
22,services,single,secondary,no,344,yes,no,cellular,18,may,347,1,-1,0,unknown,yes
28,management,single,secondary,no,171,no,no,cellular,5,jun,324,1,87,1,success,yes
36,student,single,secondary,no,17,no,no,cellular,22,apr,621,1,-1,0,unknown,yes
33,technician,single,tertiary,no,1393,yes,no,cellular,18,jul,1127,3,-1,0,unknown,yes
29,services,divorced,secondary,no,84,yes,no,cellular,13,apr,1101,2,-1,0,unknown,yes
42,management,married,tertiary,no,2816,no,no,cellular,10,nov,193,2,-1,0,unknown,yes
34,management,single,tertiary,no,1228,no,no,cellular,30,apr,580,2,84,8,success,yes
43,management,divorced,tertiary,no,2367,no,no,cellular,22,sep,83,1,113,3,success,yes
58,self-employed,divorced,tertiary,no,1382,no,no,unknown,9,jun,700,1,-1,0,unknown,yes
68,retired,divorced,primary,no,476,no,no,telephone,28,jun,363,1,-1,0,unknown,yes
31,management,married,tertiary,no,1224,yes,yes,cellular,24,jul,1441,2,-1,0,unknown,yes
28,technician,single,secondary,no,154,yes,no,cellular,18,feb,416,2,-1,0,unknown,yes
31,technician,single,tertiary,no,208,no,no,cellular,12,aug,1344,7,-1,0,unknown,yes
33,management,single,tertiary,no,5437,no,no,cellular,4,may,267,1,91,1,failure,yes
52,management,married,tertiary,no,583,no,no,cellular,17,may,376,1,181,3,success,yes
57,services,married,primary,no,491,yes,no,cellular,15,apr,1217,3,-1,0,unknown,yes
38,entrepreneur,divorced,secondary,no,1190,yes,no,cellular,4,jun,81,2,391,3,failure,yes
26,unemployed,single,tertiary,no,77,no,no,cellular,26,apr,175,1,-1,0,unknown,yes
32,services,single,secondary,no,5806,yes,no,cellular,20,nov,1503,2,-1,0,unknown,yes
28,management,single,tertiary,no,223,yes,no,telephone,27,aug,157,2,119,1,other,yes
64,retired,married,secondary,no,1574,no,no,telephone,29,jul,301,3,-1,0,unknown,yes
28,blue-collar,married,secondary,no,173,no,no,cellular,18,jul,588,7,-1,0,unknown,yes
76,retired,divorced,primary,no,3049,no,no,cellular,24,mar,170,3,-1,0,unknown,yes
69,technician,married,secondary,no,9064,no,no,cellular,7,aug,714,1,-1,0,unknown,yes
33,technician,married,tertiary,no,1699,no,no,cellular,4,aug,600,1,-1,0,unknown,yes
60,housemaid,married,secondary,no,0,no,no,telephone,3,aug,676,2,181,5,failure,yes
27,student,single,secondary,no,279,no,no,cellular,12,oct,323,1,-1,0,unknown,yes
42,management,married,tertiary,no,1205,no,no,telephone,8,sep,376,2,-1,0,unknown,yes
28,self-employed,single,tertiary,no,442,no,no,cellular,19,jun,474,3,95,3,other,yes
66,retired,married,primary,no,3629,no,no,cellular,2,feb,474,1,172,2,other,yes
53,housemaid,married,primary,no,2581,no,no,cellular,21,oct,828,1,189,1,failure,yes
34,management,married,tertiary,no,1006,yes,no,cellular,19,nov,783,3,195,2,other,yes
42,technician,married,secondary,no,3082,no,no,cellular,11,sep,285,1,-1,0,unknown,yes
42,management,divorced,unknown,no,7702,no,no,cellular,16,feb,138,2,-1,0,unknown,yes
63,retired,married,secondary,no,4752,no,no,cellular,2,sep,233,2,-1,0,unknown,yes
55,entrepreneur,divorced,secondary,no,538,yes,no,cellular,7,aug,353,2,-1,0,unknown,yes
41,blue-collar,single,primary,no,1618,yes,no,unknown,14,may,1553,1,-1,0,unknown,yes
30,management,single,tertiary,no,3340,no,no,cellular,3,jun,238,3,-1,0,unknown,yes
42,blue-collar,married,primary,no,1461,yes,no,cellular,7,may,757,2,170,3,failure,yes
30,admin.,single,tertiary,no,305,no,no,cellular,30,apr,633,1,85,2,success,yes
68,retired,divorced,primary,no,2027,no,no,cellular,15,jun,619,2,92,2,success,yes
39,technician,single,secondary,no,391,no,yes,cellular,30,jul,962,4,-1,0,unknown,yes
31,admin.,single,secondary,no,19,yes,no,cellular,18,nov,1978,1,-1,0,unknown,yes
66,retired,married,secondary,no,2048,no,no,cellular,27,aug,212,1,-1,0,unknown,yes
41,unemployed,single,tertiary,no,7968,no,no,cellular,2,sep,404,1,184,4,success,yes
39,admin.,single,secondary,no,2345,yes,no,cellular,8,may,491,2,344,2,failure,yes
62,management,married,tertiary,no,2785,no,no,cellular,6,jul,270,3,-1,0,unknown,yes
43,technician,divorced,unknown,no,4389,no,no,telephone,2,jul,632,2,85,1,success,yes
31,management,single,tertiary,no,533,no,no,telephone,12,may,372,1,90,10,success,yes
47,management,married,tertiary,no,4693,no,yes,cellular,12,nov,89,1,97,3,success,yes
45,admin.,married,secondary,no,5346,yes,yes,unknown,21,oct,187,1,-1,0,unknown,yes
51,services,divorced,secondary,no,9,no,no,unknown,18,jun,371,2,-1,0,unknown,yes
36,management,married,primary,no,1506,no,no,cellular,14,aug,326,3,-1,0,unknown,yes
52,technician,married,secondary,no,371,yes,yes,cellular,21,oct,453,1,183,3,success,yes
51,technician,married,tertiary,no,825,no,no,cellular,17,nov,977,3,-1,0,unknown,yes
42,management,married,tertiary,no,1275,yes,yes,cellular,21,nov,925,5,-1,0,unknown,yes
31,management,married,tertiary,no,131,no,no,cellular,18,feb,332,2,-1,0,unknown,yes
50,management,married,tertiary,no,938,no,no,cellular,30,apr,780,1,-1,0,unknown,yes
33,management,single,tertiary,no,87,no,no,cellular,12,aug,978,1,-1,0,unknown,yes
30,blue-collar,married,secondary,no,501,yes,yes,cellular,20,nov,994,1,177,1,failure,yes
28,blue-collar,single,primary,no,54,yes,no,cellular,14,may,533,1,371,1,other,yes
43,self-employed,single,unknown,no,3173,no,no,unknown,15,may,746,1,-1,0,unknown,yes
41,blue-collar,married,secondary,no,1236,yes,no,cellular,11,may,911,3,-1,0,unknown,yes
27,student,single,secondary,no,253,no,no,cellular,25,may,242,2,-1,0,unknown,yes
41,management,married,tertiary,no,27696,no,no,cellular,12,feb,138,2,184,3,success,yes
31,services,single,secondary,no,1027,no,no,cellular,2,jul,217,3,-1,0,unknown,yes
54,management,divorced,tertiary,no,-449,yes,no,cellular,14,may,691,1,-1,0,unknown,yes
27,blue-collar,married,secondary,no,61,yes,no,unknown,19,jun,1012,1,-1,0,unknown,yes
66,management,married,unknown,no,2149,yes,no,cellular,26,may,135,2,90,11,success,yes
32,technician,married,secondary,no,765,yes,yes,cellular,14,apr,850,2,-1,0,unknown,yes
31,management,divorced,tertiary,no,414,no,yes,cellular,16,jul,241,1,-1,0,unknown,yes
36,entrepreneur,married,secondary,no,2971,no,no,cellular,12,nov,247,1,97,8,failure,yes
37,admin.,single,tertiary,no,1000,yes,no,cellular,22,sep,239,1,99,2,success,yes
50,management,married,tertiary,no,346,no,no,cellular,6,feb,178,1,-1,0,unknown,yes
33,technician,married,secondary,no,133,no,no,cellular,12,nov,627,2,192,1,success,yes
48,admin.,married,primary,no,3644,yes,yes,telephone,31,jul,1039,9,-1,0,unknown,yes
45,management,divorced,tertiary,no,854,no,yes,cellular,8,jul,730,1,-1,0,unknown,yes
41,blue-collar,married,primary,no,1250,yes,no,unknown,20,may,1392,2,-1,0,unknown,yes
30,student,single,tertiary,no,3300,no,no,cellular,21,nov,1571,1,-1,0,unknown,yes
33,unemployed,married,secondary,no,1211,no,no,cellular,11,feb,535,1,188,1,success,yes
29,management,single,tertiary,no,36252,yes,no,cellular,30,apr,501,1,-1,0,unknown,yes
30,unemployed,married,tertiary,no,330,no,no,cellular,3,jul,264,1,80,1,success,yes
44,technician,single,secondary,no,1679,no,no,telephone,20,oct,718,1,-1,0,unknown,yes
46,housemaid,married,secondary,no,38,no,no,cellular,25,nov,541,1,-1,0,unknown,yes
45,blue-collar,single,primary,no,116,no,no,unknown,13,apr,122,1,-1,0,unknown,yes
73,retired,married,tertiary,no,448,no,no,cellular,24,mar,136,1,-1,0,unknown,yes
54,self-employed,married,tertiary,no,990,no,no,cellular,3,jun,244,2,-1,0,unknown,yes
29,blue-collar,single,secondary,no,482,no,yes,cellular,10,jul,1097,3,-1,0,unknown,yes
41,unemployed,married,tertiary,no,0,no,no,cellular,29,apr,882,1,181,3,success,yes
46,blue-collar,married,secondary,no,1147,yes,no,cellular,20,apr,720,1,-1,0,unknown,yes
51,blue-collar,married,primary,no,541,no,no,cellular,11,aug,663,3,-1,0,unknown,yes
64,retired,married,tertiary,no,1644,no,no,telephone,7,sep,569,4,-1,0,unknown,yes
31,blue-collar,single,secondary,no,953,yes,no,cellular,14,may,479,1,346,2,success,yes
45,entrepreneur,married,unknown,no,3133,yes,yes,cellular,10,jul,804,1,-1,0,unknown,yes
44,management,married,tertiary,no,2383,no,no,cellular,1,jul,571,2,-1,0,unknown,yes
48,admin.,divorced,secondary,no,4099,no,no,cellular,2,apr,397,2,-1,0,unknown,yes
33,unemployed,single,tertiary,no,1974,no,no,cellular,14,aug,498,2,191,1,failure,yes
59,management,married,tertiary,no,5397,no,no,cellular,23,jun,671,3,-1,0,unknown,yes
71,retired,divorced,secondary,no,0,no,no,cellular,26,feb,771,1,171,1,success,yes
30,services,single,secondary,no,1599,no,no,cellular,11,feb,152,2,-1,0,unknown,yes
30,technician,married,secondary,no,776,no,no,cellular,30,apr,861,2,-1,0,unknown,yes
54,technician,single,tertiary,no,467,yes,no,cellular,18,jul,674,3,-1,0,unknown,yes
78,retired,divorced,primary,no,527,no,no,cellular,16,sep,193,1,-1,0,unknown,yes
49,management,married,tertiary,no,4751,no,no,cellular,12,aug,884,4,-1,0,unknown,yes
37,self-employed,single,tertiary,no,1188,no,no,cellular,24,jun,310,1,-1,0,unknown,yes
46,admin.,married,secondary,no,974,no,no,cellular,5,jun,174,2,80,1,success,yes
31,management,single,tertiary,no,924,no,no,cellular,27,feb,172,1,-1,0,unknown,yes
33,blue-collar,single,secondary,no,498,no,no,cellular,30,apr,301,1,-1,0,unknown,yes
29,management,single,tertiary,no,1808,no,no,cellular,7,jul,273,2,433,1,success,yes
38,self-employed,single,tertiary,no,605,no,no,telephone,18,jun,1603,10,-1,0,unknown,yes
30,technician,single,tertiary,no,1289,yes,no,unknown,21,may,1697,2,-1,0,unknown,yes
36,self-employed,married,secondary,no,188,yes,yes,cellular,4,may,1046,3,333,2,success,yes
61,admin.,married,secondary,no,4608,no,no,cellular,12,mar,212,1,-1,0,unknown,yes
59,retired,divorced,tertiary,no,3444,no,no,cellular,10,aug,252,1,185,2,success,yes
32,technician,divorced,tertiary,no,53,no,no,cellular,22,aug,671,2,-1,0,unknown,yes
43,blue-collar,married,secondary,no,413,yes,no,cellular,12,aug,235,2,182,4,success,yes
35,entrepreneur,married,secondary,no,2971,no,no,cellular,4,may,429,4,164,2,failure,yes
32,technician,single,unknown,no,491,no,no,cellular,8,oct,251,2,91,7,success,yes
30,admin.,divorced,secondary,no,377,yes,no,unknown,4,jun,524,15,-1,0,unknown,yes
39,management,married,tertiary,no,1795,no,no,cellular,8,aug,922,7,-1,0,unknown,yes
44,management,married,tertiary,no,1954,no,no,cellular,2,jun,294,1,-1,0,unknown,yes
30,blue-collar,single,secondary,no,5909,yes,no,cellular,18,may,420,2,-1,0,unknown,yes
49,management,married,tertiary,no,1,no,no,telephone,13,aug,640,2,101,4,success,yes
33,technician,married,secondary,no,183,no,no,cellular,16,jul,457,2,182,3,other,yes
33,admin.,married,secondary,no,920,no,no,cellular,16,nov,130,1,95,2,failure,yes
39,services,married,secondary,no,117,yes,no,cellular,18,may,1032,2,-1,0,unknown,yes
29,management,single,tertiary,no,874,yes,no,cellular,16,mar,231,1,181,2,success,yes
53,management,married,tertiary,no,0,no,no,cellular,11,aug,608,2,-1,0,unknown,yes
27,admin.,married,secondary,no,0,yes,no,cellular,6,may,837,1,-1,0,unknown,yes
43,services,married,secondary,no,774,no,no,cellular,25,mar,101,1,421,1,success,yes
34,admin.,divorced,secondary,no,661,yes,no,cellular,5,aug,245,2,183,10,failure,yes
37,technician,married,tertiary,no,549,no,no,cellular,2,mar,239,1,-1,0,unknown,yes
77,retired,married,primary,no,2590,no,no,telephone,12,aug,345,1,178,20,failure,yes
46,admin.,married,secondary,no,368,no,no,cellular,20,aug,293,1,90,4,other,yes
45,blue-collar,married,secondary,no,1723,no,no,cellular,1,jun,166,2,-1,0,unknown,yes
60,admin.,married,secondary,no,12980,no,no,cellular,5,mar,115,1,-1,0,unknown,yes
26,technician,single,tertiary,no,401,no,no,cellular,5,may,188,2,-1,0,unknown,yes
30,management,single,tertiary,no,4210,no,no,cellular,12,aug,796,4,-1,0,unknown,yes
73,management,married,tertiary,no,1609,no,no,cellular,14,jul,169,2,-1,0,unknown,yes
38,housemaid,single,primary,no,199,yes,no,cellular,12,may,1203,1,306,1,failure,yes
38,blue-collar,married,primary,no,1401,no,no,cellular,13,may,516,1,-1,0,unknown,yes
37,management,married,tertiary,no,6771,no,no,cellular,7,sep,337,1,186,1,success,yes
47,technician,married,secondary,no,568,yes,no,cellular,12,aug,1613,1,-1,0,unknown,yes
28,management,single,tertiary,no,9314,no,no,cellular,2,jul,276,2,-1,0,unknown,yes
29,management,single,tertiary,no,428,no,no,cellular,22,may,293,2,-1,0,unknown,yes
43,services,married,primary,no,2557,yes,no,telephone,15,oct,166,3,183,5,success,yes
46,management,divorced,tertiary,no,624,no,no,cellular,17,sep,336,2,183,2,success,yes
21,student,single,secondary,no,71,no,no,cellular,13,jan,169,2,-1,0,unknown,yes
32,technician,single,secondary,no,230,yes,no,cellular,18,may,442,1,266,8,failure,yes
29,blue-collar,single,secondary,no,322,no,no,unknown,14,jun,434,1,96,6,other,yes
38,management,married,tertiary,no,1308,yes,no,cellular,2,feb,626,1,-1,0,unknown,yes
46,services,divorced,secondary,no,4329,no,no,cellular,21,nov,534,2,-1,0,unknown,yes
36,management,single,tertiary,no,-78,yes,no,unknown,2,jun,1068,1,-1,0,unknown,yes
32,blue-collar,single,primary,no,12198,yes,no,cellular,18,may,178,1,-1,0,unknown,yes
36,technician,divorced,secondary,no,1,no,no,cellular,8,aug,1242,3,-1,0,unknown,yes
49,services,married,primary,no,1830,yes,no,cellular,13,aug,261,1,179,1,success,yes
36,management,married,tertiary,no,3949,no,no,cellular,28,jan,130,2,-1,0,unknown,yes
26,blue-collar,single,secondary,no,3145,no,no,cellular,28,dec,1141,1,209,1,other,yes
35,management,married,tertiary,no,193,yes,no,cellular,30,apr,565,1,13,1,failure,yes
48,management,married,tertiary,no,2351,no,no,cellular,15,sep,150,1,105,3,success,yes
50,unemployed,married,secondary,no,3674,yes,no,unknown,30,may,886,3,-1,0,unknown,yes
56,retired,divorced,primary,no,694,no,no,cellular,29,jan,144,1,102,1,other,yes
49,technician,divorced,tertiary,no,1807,yes,no,cellular,12,mar,229,1,-1,0,unknown,yes
59,management,married,tertiary,no,5397,no,no,cellular,23,sep,244,1,92,3,success,yes
40,blue-collar,married,secondary,no,1451,no,no,cellular,30,sep,117,1,121,1,success,yes
49,services,married,secondary,no,823,no,no,cellular,8,aug,780,4,-1,0,unknown,yes
38,technician,married,secondary,no,5115,yes,no,cellular,2,jun,318,1,95,7,success,yes
42,technician,single,secondary,yes,-1129,yes,no,unknown,2,jun,555,5,-1,0,unknown,yes
29,blue-collar,single,secondary,no,-20,no,yes,cellular,21,jul,574,1,-1,0,unknown,yes
26,self-employed,single,tertiary,no,2857,no,no,cellular,3,jul,446,1,-1,0,unknown,yes
40,technician,single,tertiary,no,1175,no,no,cellular,14,apr,184,1,-1,0,unknown,yes
35,technician,married,tertiary,no,3160,yes,no,cellular,16,nov,445,2,95,1,failure,yes
56,technician,married,secondary,no,589,yes,no,unknown,23,oct,518,1,147,2,success,yes
21,student,single,unknown,no,1506,no,no,cellular,14,sep,340,1,-1,0,unknown,yes
79,retired,married,primary,no,3025,no,no,cellular,11,dec,166,3,126,3,other,yes
28,management,single,tertiary,no,437,no,no,cellular,5,may,338,1,-1,0,unknown,yes
59,admin.,married,secondary,no,3735,no,no,cellular,18,mar,203,4,121,2,failure,yes
42,management,married,tertiary,no,4,yes,no,cellular,8,may,579,2,295,1,success,yes
32,blue-collar,single,secondary,no,400,no,no,cellular,4,may,268,3,-1,0,unknown,yes
67,retired,divorced,primary,no,2027,no,no,cellular,15,mar,161,2,-1,0,unknown,yes
70,retired,married,secondary,no,1853,no,no,telephone,26,aug,314,1,-1,0,unknown,yes
30,unemployed,married,tertiary,no,330,no,no,cellular,14,apr,111,1,-1,0,unknown,yes
40,blue-collar,married,secondary,no,-839,yes,yes,cellular,16,jul,1018,2,-1,0,unknown,yes
34,management,married,tertiary,no,3696,no,no,cellular,8,apr,758,2,160,5,other,yes
40,management,married,tertiary,no,158,no,no,telephone,30,apr,712,2,-1,0,unknown,yes
80,retired,married,primary,no,1468,no,no,cellular,13,jan,330,3,-1,0,unknown,yes
34,management,married,tertiary,no,703,yes,no,cellular,14,apr,342,1,-1,0,unknown,yes
37,management,married,tertiary,no,5355,no,no,telephone,17,feb,466,4,-1,0,unknown,yes
32,services,single,secondary,no,152,yes,no,cellular,25,may,158,2,-1,0,unknown,yes
39,management,married,tertiary,no,2763,yes,no,unknown,2,jun,526,2,-1,0,unknown,yes
68,retired,married,secondary,no,1443,no,no,telephone,21,dec,2062,2,257,1,success,yes
52,management,married,tertiary,no,7192,no,no,cellular,4,aug,1486,1,-1,0,unknown,yes
76,retired,married,primary,no,1492,no,no,telephone,3,nov,383,1,-1,0,unknown,yes
51,technician,married,tertiary,no,0,no,no,cellular,7,may,662,2,66,2,success,yes
34,management,single,tertiary,no,1494,yes,no,cellular,18,nov,596,1,182,1,other,yes
47,admin.,divorced,secondary,no,225,no,no,cellular,28,aug,1126,4,-1,0,unknown,yes
45,housemaid,married,secondary,no,360,no,no,cellular,3,nov,215,1,-1,0,unknown,yes
34,admin.,single,secondary,no,63,yes,no,cellular,17,apr,678,1,-1,0,unknown,yes
33,management,single,unknown,no,1534,yes,no,cellular,11,jul,1041,2,-1,0,unknown,yes
41,self-employed,married,tertiary,no,231,no,no,cellular,7,aug,352,2,-1,0,unknown,yes
59,blue-collar,divorced,primary,no,1265,no,yes,cellular,7,jul,849,1,-1,0,unknown,yes
30,management,single,tertiary,no,364,no,no,cellular,30,apr,306,2,-1,0,unknown,yes
59,technician,divorced,secondary,no,2396,no,no,cellular,20,nov,488,1,-1,0,unknown,yes
44,admin.,single,secondary,no,1534,no,no,cellular,7,aug,166,1,99,2,other,yes
60,retired,divorced,secondary,no,545,yes,no,unknown,6,may,1030,1,-1,0,unknown,yes
26,technician,single,secondary,no,237,yes,no,cellular,4,may,1091,3,-1,0,unknown,yes
39,blue-collar,single,secondary,no,1672,yes,no,cellular,20,apr,462,1,648,1,failure,yes
36,student,single,tertiary,no,129,no,no,cellular,28,jan,918,1,93,1,success,yes
59,retired,single,secondary,no,2,no,no,telephone,2,feb,935,1,-1,0,unknown,yes
49,admin.,married,secondary,no,3608,yes,no,unknown,13,nov,231,1,-1,0,unknown,yes
38,self-employed,single,tertiary,no,1612,yes,no,cellular,8,may,423,1,-1,0,unknown,yes
22,admin.,single,secondary,no,114,no,no,cellular,30,mar,517,1,-1,0,unknown,yes
55,technician,married,secondary,no,3899,yes,no,telephone,28,jul,596,4,-1,0,unknown,yes
28,unemployed,single,primary,no,236,no,no,cellular,4,may,193,1,87,3,failure,yes
34,technician,married,tertiary,no,8029,yes,no,cellular,14,aug,593,4,-1,0,unknown,yes
32,services,single,secondary,no,6983,no,no,cellular,7,aug,255,1,-1,0,unknown,yes
41,unemployed,single,tertiary,no,79,no,no,telephone,9,nov,394,1,390,2,success,yes
28,housemaid,single,tertiary,no,19,no,no,cellular,17,apr,149,1,-1,0,unknown,yes
36,admin.,married,secondary,no,1207,yes,no,cellular,19,nov,1792,2,-1,0,unknown,yes
31,services,married,secondary,no,447,no,no,cellular,19,mar,220,3,-1,0,unknown,yes
42,management,divorced,tertiary,no,238,no,no,cellular,25,sep,692,1,-1,0,unknown,yes
53,admin.,married,secondary,no,3765,no,no,unknown,20,jun,1094,3,-1,0,unknown,yes
34,services,married,secondary,no,2956,no,no,cellular,6,aug,835,2,-1,0,unknown,yes
24,student,single,secondary,no,1925,no,no,cellular,11,aug,1363,1,-1,0,unknown,yes
48,management,divorced,tertiary,no,2263,no,no,cellular,29,jul,874,2,-1,0,unknown,yes
25,management,married,tertiary,no,4461,no,no,cellular,11,mar,796,5,-1,0,unknown,yes
59,self-employed,married,tertiary,no,2013,no,no,cellular,17,nov,409,2,-1,0,unknown,yes
50,management,married,tertiary,no,2366,no,no,cellular,28,jan,816,2,149,1,other,yes
47,retired,married,primary,no,1374,no,yes,telephone,8,may,479,2,359,3,failure,yes
31,student,single,secondary,no,3511,no,no,cellular,6,oct,311,1,96,1,success,yes
21,student,single,secondary,no,215,no,no,cellular,24,may,382,1,89,7,success,yes
45,management,divorced,tertiary,no,1,no,no,cellular,6,aug,490,2,-1,0,unknown,yes
27,blue-collar,single,secondary,no,535,no,no,cellular,13,may,159,1,87,3,success,yes
43,technician,married,secondary,no,136,no,no,cellular,25,aug,363,7,-1,0,unknown,yes
43,technician,single,unknown,no,11115,no,no,cellular,23,oct,476,1,74,2,success,yes
49,technician,single,secondary,no,9131,yes,no,cellular,18,aug,532,1,461,5,failure,yes
30,blue-collar,married,secondary,no,167,yes,no,cellular,10,jul,255,1,-1,0,unknown,yes
47,management,married,tertiary,no,1147,no,no,cellular,2,jun,654,1,95,1,failure,yes
52,services,divorced,secondary,no,36,yes,yes,cellular,11,may,930,1,-1,0,unknown,yes
63,retired,married,secondary,no,2896,no,no,cellular,1,jul,304,1,119,2,success,yes
76,retired,married,primary,no,2223,no,no,telephone,4,feb,429,1,-1,0,unknown,yes
30,self-employed,single,tertiary,no,916,no,no,cellular,29,mar,92,2,90,2,success,yes
33,technician,married,secondary,no,557,no,no,cellular,4,may,367,1,-1,0,unknown,yes
30,student,single,tertiary,no,2539,no,no,telephone,5,mar,199,5,-1,0,unknown,yes
30,admin.,single,secondary,no,-36,no,no,cellular,16,jul,561,9,-1,0,unknown,yes
51,services,divorced,secondary,no,242,no,yes,cellular,14,jul,1336,4,-1,0,unknown,yes
31,unemployed,married,tertiary,no,330,no,no,cellular,13,jul,309,1,181,3,success,yes
26,technician,single,secondary,no,1231,yes,no,cellular,4,sep,230,1,93,7,success,yes
38,technician,married,primary,no,217,yes,no,unknown,9,jun,491,6,-1,0,unknown,yes
36,management,single,tertiary,no,490,no,no,cellular,28,aug,207,8,98,1,failure,yes
56,unemployed,married,secondary,no,12,no,no,cellular,12,oct,511,3,187,1,failure,yes
57,management,married,tertiary,no,9103,no,yes,unknown,20,jun,1098,2,-1,0,unknown,yes
