age,job,marital,education,default,balance,housing,loan,contact,day,month,duration,campaign,pdays,previous,poutcome,y,fe_never_contacted,fe_contact_intensity,fe_balance_positive,fe_long_call,fe_age_group
28,10,2,1,0,1055,0,0,0,28,4,196,1,-1,0,3,0,1,1.0,1,0,0
36,1,1,1,0,520,1,0,2,23,8,110,2,-1,0,3,0,1,2.0,1,0,1
38,9,2,2,0,1314,1,1,0,16,5,378,2,-1,0,3,0,1,2.0,1,1,1
41,10,1,2,0,28,1,0,0,4,3,358,2,-1,0,3,0,1,2.0,1,1,2
27,9,2,2,0,290,0,0,0,10,1,88,1,-1,0,3,0,1,1.0,1,0,0
50,7,1,1,0,2362,1,1,0,23,5,59,4,-1,0,3,0,1,4.0,1,0,2
27,1,1,1,0,106,1,0,2,8,8,207,2,-1,0,3,0,1,2.0,1,0,0
52,3,0,0,0,337,0,0,0,28,4,130,1,-1,0,3,0,1,1.0,1,0,3
34,1,1,0,0,336,1,0,2,21,8,713,4,-1,0,3,0,1,4.0,1,1,1
31,9,1,1,0,510,1,0,2,21,8,117,3,-1,0,3,0,1,3.0,1,0,1
53,1,0,1,0,145,1,0,2,8,8,193,1,-1,0,3,0,1,1.0,1,0,3
41,1,1,0,0,8,1,0,0,15,5,155,2,-1,0,3,0,1,2.0,1,0,2
45,1,1,1,0,430,0,1,0,21,1,140,2,-1,0,3,0,1,2.0,1,0,2
49,10,1,2,0,-471,1,0,0,20,9,77,3,185,7,0,0,0,0.375,0,0,2
31,1,1,1,0,1716,1,0,0,13,0,542,2,340,2,1,0,0,0.6666666666666666,1,1,1
31,0,1,1,0,10,0,0,0,15,5,156,4,-1,0,3,0,1,4.0,1,0,1
37,4,2,2,0,146,1,0,0,17,0,135,1,336,3,0,0,0,0.25,1,0,1
47,1,1,0,0,373,1,0,0,11,8,480,2,-1,0,3,0,1,2.0,1,1,2
41,9,2,1,0,2919,1,0,2,16,8,329,3,-1,0,3,0,1,3.0,1,1,2
39,4,1,1,0,2445,0,0,2,16,6,303,5,-1,0,3,0,1,5.0,1,1,1
34,7,1,1,0,-85,1,0,0,8,8,129,4,-1,0,3,0,1,4.0,0,0,1
30,1,2,0,0,395,0,0,0,21,9,429,1,-1,0,3,0,1,1.0,1,1,0
40,1,1,1,0,59,1,0,2,13,8,420,1,-1,0,3,0,1,1.0,1,1,1
48,2,1,1,0,151,0,0,0,16,5,191,1,-1,0,3,0,1,1.0,1,0,2
48,1,0,1,0,2071,0,0,0,14,8,127,1,-1,0,3,0,1,1.0,1,0,2
58,7,1,0,0,443,0,0,1,6,3,41,2,204,1,0,0,0,1.0,1,0,3
34,3,1,2,0,0,0,0,0,26,8,141,1,188,1,0,0,0,0.5,0,0,1
39,4,1,2,0,141,1,0,0,13,8,788,2,331,6,1,0,0,0.2857142857142857,1,1,1
59,5,1,2,0,3843,0,0,0,11,1,104,4,-1,0,3,0,1,4.0,1,0,3
53,7,1,0,0,6,0,0,0,22,1,80,2,-1,0,3,0,1,2.0,1,0,3
48,4,1,2,0,0,1,0,2,6,6,300,5,-1,0,3,0,1,5.0,0,0,2
36,4,1,2,0,481,1,0,0,13,8,215,1,175,3,0,0,0,0.25,1,0,1
30,7,1,3,0,280,1,1,2,28,8,674,2,-1,0,3,0,1,2.0,1,1,0
32,9,2,2,0,471,0,0,0,14,4,67,1,-1,0,3,0,1,1.0,1,0,1
39,7,1,0,0,276,1,1,0,13,8,628,1,-1,0,3,0,1,1.0,1,1,1
32,4,2,2,0,1047,1,0,0,13,1,203,6,-1,0,3,0,1,6.0,1,0,1
31,4,2,2,0,949,1,0,0,28,5,52,7,-1,0,3,0,1,7.0,1,0,1
33,9,1,1,0,4790,1,0,0,20,0,137,1,272,2,0,0,0,0.3333333333333333,1,0,1
40,7,0,1,0,-81,0,1,0,23,5,186,1,-1,0,3,0,1,1.0,0,0,1
47,9,2,1,0,58,0,0,1,5,3,33,1,-1,0,3,0,1,1.0,1,0,2
36,4,2,2,0,2163,0,0,0,5,6,317,1,-1,0,3,0,1,1.0,1,1,1
32,4,1,2,0,312,0,0,0,11,1,67,4,-1,0,3,0,1,4.0,1,0,1
50,4,1,2,0,964,1,0,2,6,8,323,1,-1,0,3,0,1,1.0,1,1,2
57,4,1,2,0,113,0,0,0,3,3,191,2,-1,0,3,0,1,2.0,1,0,3
53,1,1,1,0,1140,1,0,2,15,8,241,32,-1,0,3,0,1,32.0,1,0,3
48,1,0,0,0,0,0,0,2,6,6,248,2,-1,0,3,0,1,2.0,0,0,2
42,1,0,1,0,198,0,0,0,15,8,133,1,-1,0,3,0,1,1.0,1,0,2
42,3,2,1,0,284,1,0,0,17,0,134,3,-1,0,3,0,1,3.0,1,0,2
33,1,1,0,0,1165,1,0,2,21,8,420,2,-1,0,3,0,1,2.0,1,1,1
42,4,1,1,0,372,1,0,1,31,5,130,8,-1,0,3,0,1,8.0,1,0,2
39,4,2,2,0,375,1,0,2,8,8,66,2,-1,0,3,0,1,2.0,1,0,1
32,0,2,1,0,613,1,0,0,2,3,88,1,-1,0,3,0,1,1.0,1,0,1
55,3,1,0,0,16,0,0,2,20,6,64,1,-1,0,3,0,1,1.0,1,0,3
44,1,1,0,0,976,1,0,0,11,8,164,2,-1,0,3,0,1,2.0,1,0,2
46,4,1,2,0,466,1,0,0,31,5,109,8,-1,0,3,0,1,8.0,1,0,2
35,4,1,2,0,24,1,0,0,20,1,174,2,-1,0,3,0,1,2.0,1,0,1
39,10,2,1,0,2208,0,0,1,22,8,23,2,-1,0,3,0,1,2.0,1,0,1
30,9,2,1,0,2573,1,0,2,5,8,67,2,-1,0,3,0,1,2.0,1,0,0
53,7,1,2,0,-3,0,0,0,8,1,133,2,-1,0,3,0,1,2.0,0,0,3
35,6,2,2,0,398,0,0,0,5,5,101,3,-1,0,3,0,1,3.0,1,0,1
30,9,2,1,0,1286,0,0,1,28,1,44,12,-1,0,3,0,1,12.0,1,0,0
32,9,1,1,0,524,0,0,0,5,1,493,1,-1,0,3,0,1,1.0,1,1,1
34,9,2,1,0,2131,1,0,0,13,8,53,1,-1,0,3,0,1,1.0,1,0,1
39,9,1,1,0,211,0,0,1,6,3,53,2,-1,0,3,0,1,2.0,1,0,1
47,1,1,0,0,673,0,1,0,14,1,106,6,-1,0,3,0,1,6.0,1,0,2
50,0,1,1,0,326,1,0,0,11,8,124,1,369,2,0,0,0,0.3333333333333333,1,0,2
36,4,1,2,0,0,1,0,0,29,4,86,1,237,17,1,0,0,0.05555555555555555,0,0,1
34,0,0,1,0,0,0,0,0,10,5,268,1,-1,0,3,0,1,1.0,0,0,1
38,7,1,0,1,1,1,0,0,17,5,169,7,-1,0,3,0,1,7.0,1,0,1
30,1,2,1,0,191,0,0,0,25,5,66,2,-1,0,3,0,1,2.0,1,0,0
33,7,0,1,0,2358,1,0,0,20,0,529,3,-1,0,3,0,1,3.0,1,1,1
39,4,2,2,0,313,0,1,0,29,4,118,5,196,1,1,0,0,2.5,1,0,1
26,1,2,1,0,1,1,0,0,22,5,36,2,-1,0,3,0,1,2.0,1,0,0
67,5,1,0,0,2,0,0,0,28,10,1118,1,-1,0,3,0,1,1.0,1,1,4
30,4,2,2,0,528,1,0,2,8,8,145,4,-1,0,3,0,1,4.0,1,0,0
38,7,0,1,0,710,1,0,0,18,8,1880,2,-1,0,3,0,1,2.0,1,1,1
27,4,2,1,0,924,1,0,0,3,3,84,1,-1,0,3,0,1,1.0,1,0,0
38,9,0,1,0,0,1,0,0,16,0,867,1,-1,0,3,0,1,1.0,0,1,1
58,7,2,1,0,1430,1,0,0,20,0,861,6,321,5,0,0,0,1.0,1,1,3
31,7,1,1,0,272,1,0,2,13,8,133,12,-1,0,3,0,1,12.0,1,0,1
34,0,2,1,0,5057,1,0,0,19,9,73,1,-1,0,3,0,1,1.0,1,0,1
34,4,0,2,0,13204,1,1,0,20,9,197,2,-1,0,3,0,1,2.0,1,0,1
58,5,1,1,0,610,1,0,2,6,6,651,1,-1,0,3,0,1,1.0,1,1,3
26,1,2,1,0,786,1,1,2,14,8,103,5,-1,0,3,0,1,5.0,1,0,0
33,9,1,1,0,6419,0,0,0,7,1,419,3,-1,0,3,0,1,3.0,1,1,1
57,7,1,1,0,5486,1,0,0,11,8,86,7,285,3,0,0,0,1.75,1,0,3
35,1,1,1,0,270,1,1,0,6,0,332,2,335,1,0,0,0,1.0,1,1,1
41,7,2,0,0,5907,1,0,0,7,8,198,1,167,5,0,0,0,0.16666666666666666,1,0,2
48,4,1,1,0,-1157,0,1,0,17,9,125,2,-1,0,3,0,1,2.0,0,0,2
38,3,1,1,0,0,1,0,2,6,8,59,3,-1,0,3,0,1,3.0,0,0,1
30,9,0,1,0,3028,1,0,0,28,1,65,5,-1,0,3,0,1,5.0,1,0,0
32,4,1,2,0,124,0,0,2,27,8,193,1,-1,0,3,0,1,1.0,1,0,1
38,4,1,2,0,7255,1,0,0,20,0,410,2,-1,0,3,0,1,2.0,1,1,1
42,9,1,1,0,234,0,0,0,4,3,765,2,-1,0,3,0,1,2.0,1,1,2
47,1,1,0,0,205,1,0,2,8,8,128,2,-1,0,3,0,1,2.0,1,0,2
26,7,2,1,0,-72,1,0,2,30,6,82,9,-1,0,3,0,1,9.0,0,0,0
45,0,2,1,0,946,1,0,0,13,0,754,3,143,6,0,0,0,0.42857142857142855,1,1,2
29,4,2,2,0,42,1,0,2,26,6,91,4,-1,0,3,0,1,4.0,1,0,0
40,9,1,1,0,4186,0,0,0,11,1,129,1,-1,0,3,0,1,1.0,1,0,1
35,10,2,1,0,221,0,0,0,29,4,374,1,-1,0,3,0,1,1.0,1,1,1
31,7,1,1,0,891,1,0,2,21,8,44,3,-1,0,3,0,1,3.0,1,0,1
60,5,1,0,0,17413,0,0,2,9,6,200,1,-1,0,3,0,1,1.0,1,0,3
51,1,1,0,0,230,1,0,0,17,9,174,1,195,1,0,0,0,0.5,1,0,3
56,4,1,2,0,3172,1,0,0,5,3,139,1,-1,0,3,0,1,1.0,1,0,3
50,4,1,2,0,1612,0,0,0,15,11,188,1,92,4,2,0,0,0.2,1,0,2
34,4,2,2,0,1009,1,0,0,12,1,68,2,-1,0,3,0,1,2.0,1,0,1
32,7,2,1,0,187,1,0,2,29,8,315,1,-1,0,3,0,1,1.0,1,1,1
48,4,1,2,0,288,0,0,0,18,1,585,3,-1,0,3,0,1,3.0,1,1,2
45,1,0,0,0,1805,0,0,0,7,5,758,1,-1,0,3,0,1,1.0,1,1,2
59,1,1,1,0,104,1,0,2,2,6,92,5,-1,0,3,0,1,5.0,1,0,3
54,4,1,2,0,3795,1,1,0,21,5,381,1,-1,0,3,0,1,1.0,1,1,3
23,1,1,0,0,-213,0,0,2,13,8,165,2,-1,0,3,0,1,2.0,0,0,0
21,9,2,1,0,519,0,0,2,4,10,5,1,-1,0,3,0,1,1.0,1,0,0
26,7,1,1,0,54,1,0,2,13,8,116,1,-1,0,3,0,1,1.0,1,0,0
39,10,2,1,0,804,0,0,0,21,2,193,8,203,1,2,0,0,4.0,1,0,1
28,1,1,0,0,115,1,0,2,28,8,78,4,-1,0,3,0,1,4.0,1,0,0
45,1,1,0,0,0,1,0,1,24,5,32,1,-1,0,3,0,1,1.0,0,0,2
28,1,2,1,0,56,1,0,2,23,8,66,1,-1,0,3,0,1,1.0,1,0,0
41,9,1,1,0,64,1,1,2,8,8,210,2,-1,0,3,0,1,2.0,1,0,2
60,5,0,1,0,1382,0,0,0,30,5,112,10,-1,0,3,0,1,10.0,1,0,3
34,9,1,1,0,-346,0,0,0,13,1,136,4,-1,0,3,0,1,4.0,0,0,1
31,7,2,1,0,0,1,0,0,17,0,815,2,-1,0,3,0,1,2.0,0,1,1
36,0,2,2,0,918,1,0,0,16,0,127,2,-1,0,3,0,1,2.0,1,0,1
35,4,1,2,0,2801,1,0,0,19,9,70,2,111,2,0,0,0,0.6666666666666666,1,0,1
60,1,1,0,0,93,0,1,2,27,8,125,4,-1,0,3,0,1,4.0,1,0,3
30,4,2,1,0,2143,1,1,0,18,1,514,10,-1,0,3,0,1,10.0,1,1,0
34,7,2,1,0,215,0,0,0,28,5,56,5,-1,0,3,0,1,5.0,1,0,1
37,4,2,2,0,767,0,0,0,22,1,160,2,-1,0,3,0,1,2.0,1,0,1
46,9,0,1,1,-1361,1,1,0,18,9,78,1,-1,0,3,0,1,1.0,0,0,2
38,4,1,2,0,0,0,0,0,5,3,214,2,-1,0,3,0,1,2.0,0,0,1
55,9,1,2,0,639,1,0,1,13,8,992,5,370,3,1,0,0,1.25,1,1,3
34,1,1,3,0,11,1,0,0,8,0,233,1,-1,0,3,0,1,1.0,1,0,1
60,9,1,1,0,21,0,0,1,9,3,172,4,-1,0,3,0,1,4.0,1,0,3
38,9,2,1,0,275,1,0,0,28,4,52,1,-1,0,3,0,1,1.0,1,0,1
48,5,2,0,0,0,0,0,2,20,6,9,16,-1,0,3,0,1,16.0,0,0,2
28,4,2,2,0,6791,0,0,1,9,1,361,1,46,35,0,0,0,0.027777777777777776,1,1,0
40,0,2,1,0,118,1,0,2,8,8,383,3,-1,0,3,0,1,3.0,1,1,1
42,4,1,1,0,1079,0,0,0,19,1,117,6,-1,0,3,0,1,6.0,1,0,2
30,4,2,2,0,1456,1,0,0,20,9,227,1,-1,0,3,0,1,1.0,1,0,0
26,9,1,1,0,351,1,0,2,2,6,758,3,-1,0,3,0,1,3.0,1,1,0
59,4,1,2,0,315,0,0,0,7,11,98,2,-1,0,3,0,1,2.0,1,0,3
44,9,1,0,0,7800,1,0,0,19,9,250,1,-1,0,3,0,1,1.0,1,0,2
32,9,2,2,0,5204,0,0,0,8,1,31,2,-1,0,3,0,1,2.0,1,0,1
56,7,1,1,0,17,0,1,0,25,1,342,5,-1,0,3,0,1,5.0,1,1,3
57,5,1,1,0,63,0,0,0,27,1,91,2,-1,0,3,0,1,2.0,1,0,3
39,1,1,0,0,1046,0,0,2,19,6,112,4,-1,0,3,0,1,4.0,1,0,1
33,4,0,2,0,0,0,0,0,13,1,305,2,-1,0,3,0,1,2.0,0,1,1
51,1,1,0,1,-17,0,0,0,27,1,134,6,-1,0,3,0,1,6.0,0,0,3
30,4,2,2,0,1130,1,0,2,14,8,138,3,-1,0,3,0,1,3.0,1,0,0
53,1,1,1,0,-71,1,0,0,6,8,91,3,-1,0,3,0,1,3.0,0,0,3
33,4,2,2,0,-2,0,1,0,25,1,147,6,-1,0,3,0,1,6.0,0,0,1
38,9,1,1,0,61,1,0,2,28,8,97,1,-1,0,3,0,1,1.0,1,0,1
51,1,1,0,0,480,1,0,0,12,8,189,1,326,5,0,0,0,0.16666666666666666,1,0,3
59,3,1,0,0,96,0,0,0,6,1,88,2,-1,0,3,0,1,2.0,1,0,3
45,9,1,1,0,366,0,1,0,3,3,235,2,169,12,0,0,0,0.15384615384615385,1,0,2
46,1,1,1,0,6215,0,0,2,16,6,155,1,-1,0,3,0,1,1.0,1,0,2
47,6,1,1,0,0,0,0,0,29,1,90,6,-1,0,3,0,1,6.0,0,0,2
48,4,1,2,0,4852,0,0,0,26,1,41,11,-1,0,3,0,1,11.0,1,0,2
53,0,2,1,0,545,1,0,0,12,8,305,1,370,1,0,0,0,0.5,1,1,3
37,9,1,1,0,430,0,0,0,27,1,154,4,-1,0,3,0,1,4.0,1,0,1
56,7,1,1,0,4763,1,0,1,28,5,106,6,-1,0,3,0,1,6.0,1,0,3
35,7,1,2,0,260,1,0,0,11,5,134,2,-1,0,3,0,1,2.0,1,0,1
59,4,1,0,0,396,1,0,2,2,6,72,3,-1,0,3,0,1,3.0,1,0,3
77,5,1,1,0,1208,0,0,1,28,0,72,4,-1,0,3,0,1,4.0,1,0,4
42,0,1,1,0,3842,0,0,0,31,5,130,4,-1,0,3,0,1,4.0,1,0,2
39,1,1,0,0,295,1,0,2,4,6,38,1,-1,0,3,0,1,1.0,1,0,1
54,4,1,2,0,284,1,1,1,15,8,65,5,-1,0,3,0,1,5.0,1,0,3
32,4,2,2,0,3886,1,1,2,29,8,151,7,-1,0,3,0,1,7.0,1,0,1
46,4,1,2,0,625,1,0,2,6,6,127,1,-1,0,3,0,1,1.0,1,0,2
62,9,1,1,0,135,1,0,1,16,9,446,13,96,1,1,0,0,6.5,1,1,4
31,1,1,1,0,-112,0,1,0,15,5,128,1,-1,0,3,0,1,1.0,0,0,1
50,1,1,0,0,5776,0,0,0,18,9,49,3,-1,0,3,0,1,3.0,1,0,2
36,9,1,1,0,186,1,0,0,12,8,187,3,-1,0,3,0,1,3.0,1,0,1
38,1,1,1,0,213,1,0,2,16,6,270,15,-1,0,3,0,1,15.0,1,0,1
41,4,1,2,0,371,1,0,0,28,5,81,8,-1,0,3,0,1,8.0,1,0,2
55,6,1,1,0,-196,1,0,2,20,8,210,2,-1,0,3,0,1,2.0,0,0,3
35,10,2,1,0,0,0,0,0,30,5,740,3,-1,0,3,0,1,3.0,0,1,1
36,1,2,1,0,3111,1,0,2,20,8,445,2,-1,0,3,0,1,2.0,1,1,1
43,1,1,3,0,1123,1,0,0,16,0,191,2,322,3,0,0,0,0.5,1,0,2
54,2,1,1,0,52,1,0,2,15,8,44,3,-1,0,3,0,1,3.0,1,0,3
48,1,1,0,0,363,1,0,2,18,6,257,6,-1,0,3,0,1,6.0,1,0,2
49,9,0,1,1,-757,1,1,2,2,6,68,1,-1,0,3,0,1,1.0,0,0,2
28,0,1,1,0,897,0,0,0,17,7,395,1,285,1,2,0,0,0.5,1,1,0
26,3,1,0,0,158,0,1,0,8,5,416,4,-1,0,3,0,1,4.0,1,1,0
42,6,2,2,0,1225,0,0,0,18,1,104,3,-1,0,3,0,1,3.0,1,0,2
35,4,2,2,0,385,1,0,0,29,1,168,2,-1,0,3,0,1,2.0,1,0,1
34,0,2,1,0,0,1,0,0,17,9,214,1,174,2,0,0,0,0.3333333333333333,0,0,1
30,9,2,1,0,790,0,0,0,20,1,696,3,-1,0,3,0,1,3.0,1,1,0
42,0,1,3,0,756,0,0,0,7,8,116,3,-1,0,3,0,1,3.0,1,0,2
40,9,2,1,0,360,1,0,2,9,8,73,1,-1,0,3,0,1,1.0,1,0,1
30,4,0,2,1,-1105,1,0,0,11,8,686,1,-1,0,3,0,1,1.0,0,1,0
47,1,1,0,0,2,1,1,0,20,9,661,4,190,1,0,0,0,2.0,1,1,2
48,2,1,2,0,354,1,0,0,9,3,37,4,-1,0,3,0,1,4.0,1,0,2
56,6,1,0,0,-34,1,1,2,5,8,212,2,-1,0,3,0,1,2.0,0,0,3
35,9,2,2,0,33,0,0,0,29,1,300,2,-1,0,3,0,1,2.0,1,0,1
41,1,1,1,0,59,1,0,2,15,8,75,8,-1,0,3,0,1,8.0,1,0,2
45,1,1,3,0,-320,1,0,2,28,8,204,3,-1,0,3,0,1,3.0,0,0,2
52,4,2,2,0,5728,1,0,0,21,9,79,3,-1,0,3,0,1,3.0,1,0,3
49,3,1,1,0,3570,0,0,0,24,2,62,3,202,2,0,0,0,1.0,1,0,2
67,5,1,3,0,696,0,0,1,4,8,77,2,-1,0,3,0,1,2.0,1,0,4
36,9,2,1,0,265,1,1,0,2,3,88,1,273,1,0,0,0,0.5,1,0,1
44,2,1,2,0,31,0,0,2,9,6,467,1,-1,0,3,0,1,1.0,1,1,2
34,0,2,1,0,1,1,0,0,9,3,185,7,280,1,1,0,0,3.5,1,0,1
53,4,1,2,0,0,1,0,0,9,5,296,1,-1,0,3,0,1,1.0,0,0,3
49,0,2,0,0,655,1,0,0,13,8,32,5,-1,0,3,0,1,5.0,1,0,2
34,9,2,1,0,52,0,0,0,19,1,90,4,-1,0,3,0,1,4.0,1,0,1
39,1,1,0,0,3503,0,0,2,5,6,89,1,-1,0,3,0,1,1.0,1,0,1
43,7,0,1,0,207,1,0,2,16,8,132,1,-1,0,3,0,1,1.0,1,0,2
40,4,0,1,0,-626,1,0,0,7,5,140,4,-1,0,3,0,1,4.0,0,0,1
31,9,0,1,0,202,1,0,0,18,5,146,1,-1,0,3,0,1,1.0,1,0,1
53,1,1,0,0,0,0,0,0,7,5,114,1,-1,0,3,0,1,1.0,0,0,3
52,0,1,1,0,423,1,1,0,20,10,139,2,96,7,0,0,0,0.25,1,0,3
59,10,0,1,0,7469,0,0,0,22,3,287,1,130,1,0,0,0,0.5,1,0,3
47,3,2,0,0,46,0,0,0,4,3,371,1,-1,0,3,0,1,1.0,1,1,2
53,1,2,0,0,210,1,0,0,15,8,984,1,368,1,0,0,0,0.5,1,1,3
42,1,1,1,0,4,1,1,2,2,6,229,8,-1,0,3,0,1,8.0,1,0,2
29,7,2,1,0,-32,0,1,0,8,5,510,1,-1,0,3,0,1,1.0,0,1,0
51,4,2,3,0,-461,1,0,2,28,8,33,2,-1,0,3,0,1,2.0,0,0,3
43,9,1,1,0,0,0,0,0,19,1,313,3,-1,0,3,0,1,3.0,0,1,2
57,9,1,2,0,27069,0,1,2,20,6,174,3,-1,0,3,0,1,3.0,1,0,3
56,2,1,2,0,16125,0,0,1,21,9,167,1,-1,0,3,0,1,1.0,1,0,3
35,1,2,1,0,507,0,0,2,17,6,43,6,-1,0,3,0,1,6.0,1,0,1
56,1,0,0,0,12,0,0,0,8,5,226,1,-1,0,3,0,1,1.0,1,0,3
31,9,2,2,0,36,0,0,0,12,1,111,3,-1,0,3,0,1,3.0,1,0,1
60,4,1,0,0,92,0,0,1,2,3,447,1,-1,0,3,0,1,1.0,1,1,3
29,4,2,2,0,5894,1,0,2,16,6,223,2,-1,0,3,0,1,2.0,1,0,0
33,9,0,1,1,10,1,1,0,18,9,167,5,-1,0,3,0,1,5.0,1,0,1
54,1,1,1,0,1223,1,0,0,7,8,369,1,-1,0,3,0,1,1.0,1,1,3
26,1,1,0,0,500,1,0,2,15,8,21,6,-1,0,3,0,1,6.0,1,0,0
42,9,1,2,0,246,1,0,1,12,8,360,2,-1,0,3,0,1,2.0,1,1,2
53,0,1,2,0,5094,0,0,0,5,1,114,1,-1,0,3,0,1,1.0,1,0,3
36,7,2,1,0,80,0,1,0,17,5,258,1,-1,0,3,0,1,1.0,1,0,1
40,6,1,1,0,0,0,0,0,22,1,55,6,-1,0,3,0,1,6.0,0,0,1
42,9,2,1,0,77,0,1,0,7,1,152,2,-1,0,3,0,1,2.0,1,0,2
52,6,1,1,0,213,1,0,0,14,8,164,2,-1,0,3,0,1,2.0,1,0,3
44,7,0,1,0,1,1,0,2,6,8,235,4,-1,0,3,0,1,4.0,1,0,2
48,4,1,2,0,20718,1,0,2,14,8,125,1,-1,0,3,0,1,1.0,1,0,2
38,4,2,2,0,900,1,0,2,2,6,156,1,-1,0,3,0,1,1.0,1,0,1
32,1,1,1,0,5164,0,0,0,21,9,253,1,-1,0,3,0,1,1.0,1,0,1
39,9,1,1,0,6,1,0,0,18,8,122,3,357,4,0,0,0,0.6,1,0,1
35,9,2,2,0,817,1,0,0,21,9,12,5,-1,0,3,0,1,5.0,1,0,1
35,1,2,3,0,2298,0,0,0,31,5,92,4,-1,0,3,0,1,4.0,1,0,1
40,10,1,0,0,400,0,0,2,9,6,317,1,-1,0,3,0,1,1.0,1,1,1
25,4,2,2,0,0,0,1,0,18,5,342,1,-1,0,3,0,1,1.0,0,1,0
39,0,1,1,0,70,1,0,0,31,5,13,11,-1,0,3,0,1,11.0,1,0,1
45,4,1,2,0,80,0,1,0,19,9,157,1,-1,0,3,0,1,1.0,1,0,2
32,1,1,1,0,736,1,0,2,23,8,700,3,-1,0,3,0,1,3.0,1,1,1
52,9,1,3,0,9687,1,0,0,19,9,222,3,174,1,0,0,0,1.5,1,0,3
60,0,1,3,0,2667,1,0,2,15,8,140,1,-1,0,3,0,1,1.0,1,0,3
58,5,1,0,0,69,0,0,0,29,1,76,8,-1,0,3,0,1,8.0,1,0,3
38,9,2,2,0,69,1,0,0,13,8,253,3,-1,0,3,0,1,3.0,1,0,1
31,0,2,1,0,523,0,1,0,16,10,141,1,126,4,0,0,0,0.2,1,0,1
32,7,1,1,0,268,0,0,0,29,4,140,1,-1,0,3,0,1,1.0,1,0,1
38,9,1,1,0,0,1,1,0,7,5,500,5,-1,0,3,0,1,5.0,0,1,1
32,9,2,2,0,881,0,0,0,8,1,79,1,-1,0,3,0,1,1.0,1,0,1
55,5,1,1,0,0,0,0,0,29,4,636,1,-1,0,3,0,1,1.0,0,1,3
46,4,1,1,1,-333,0,1,0,30,5,597,2,-1,0,3,0,1,2.0,0,1,2
50,4,1,2,0,0,0,0,2,11,6,916,1,-1,0,3,0,1,1.0,0,1,2
25,9,2,1,0,173,1,0,0,15,8,186,2,-1,0,3,0,1,2.0,1,0,0
50,7,1,1,0,1134,0,0,2,18,6,53,2,-1,0,3,0,1,2.0,1,0,2
58,3,1,0,0,260,1,0,1,15,8,71,5,364,3,0,0,0,1.25,1,0,3
37,1,1,0,0,213,0,1,2,5,6,323,1,-1,0,3,0,1,1.0,1,1,1
29,0,1,1,0,-211,1,0,0,18,8,58,1,-1,0,3,0,1,1.0,0,0,0
40,9,1,1,0,500,1,0,0,17,5,175,3,-1,0,3,0,1,3.0,1,0,1
29,0,2,1,0,1992,0,0,0,12,0,119,2,-1,0,3,0,1,2.0,1,0,0
50,0,1,1,0,311,1,1,2,18,6,417,3,-1,0,3,0,1,3.0,1,1,2
31,4,1,2,0,4924,1,0,2,21,8,389,2,-1,0,3,0,1,2.0,1,1,1
53,5,1,2,0,1452,0,1,0,19,9,442,2,113,3,0,0,0,0.5,1,1,3
51,1,0,1,0,78,1,0,2,27,8,723,2,-1,0,3,0,1,2.0,1,1,3
40,9,2,1,0,2244,0,1,0,20,1,58,2,-1,0,3,0,1,2.0,1,0,1
44,4,1,2,0,-68,0,1,0,25,1,121,4,-1,0,3,0,1,4.0,0,0,2
57,9,1,3,0,2610,0,0,1,3,3,258,2,-1,0,3,0,1,2.0,1,0,3
40,4,0,2,0,492,0,1,0,7,5,125,2,-1,0,3,0,1,2.0,1,0,1
46,1,1,0,0,14,0,0,0,7,5,407,1,-1,0,3,0,1,1.0,1,1,2
40,7,1,0,0,170,1,1,0,8,8,361,3,-1,0,3,0,1,3.0,1,1,1
30,4,2,2,0,1636,0,0,2,6,6,301,2,-1,0,3,0,1,2.0,1,1,0
44,5,0,0,0,2083,1,0,2,28,8,124,1,-1,0,3,0,1,1.0,1,0,2
42,1,2,0,0,19,1,0,2,7,8,158,1,-1,0,3,0,1,1.0,1,0,2
29,2,2,1,0,404,0,0,0,30,4,413,3,-1,0,3,0,1,3.0,1,1,0
37,9,1,1,1,-886,1,0,2,26,8,224,1,-1,0,3,0,1,1.0,0,0,1
29,4,1,1,0,231,0,0,0,30,0,80,1,-1,0,3,0,1,1.0,1,0,0
37,2,1,2,1,-456,1,1,2,20,6,42,7,-1,0,3,0,1,7.0,0,0,1
52,7,1,1,0,-888,0,0,0,16,5,135,1,-1,0,3,0,1,1.0,0,0,3
50,4,0,2,0,30,0,0,0,20,1,76,2,-1,0,3,0,1,2.0,1,0,2
54,4,1,2,0,153,0,0,0,12,1,168,5,-1,0,3,0,1,5.0,1,0,3
54,10,2,2,0,252,1,0,0,21,5,101,1,-1,0,3,0,1,1.0,1,0,3
60,5,2,2,0,7440,1,0,2,15,8,92,3,-1,0,3,0,1,3.0,1,0,3
46,1,1,0,0,1666,1,0,2,9,6,94,13,-1,0,3,0,1,13.0,1,0,2
38,1,1,0,0,689,1,0,0,6,8,585,2,296,2,0,0,0,0.6666666666666666,1,1,1
46,11,1,3,0,0,0,0,0,4,1,343,1,-1,0,3,0,1,1.0,0,1,2
35,0,2,1,0,10,0,1,0,12,8,357,1,175,4,0,0,0,0.2,1,1,1
37,0,1,1,0,281,1,0,2,16,8,279,2,-1,0,3,0,1,2.0,1,0,1
43,0,1,1,0,-169,1,0,0,24,0,219,1,-1,0,3,0,1,1.0,0,0,2
59,4,0,1,0,0,0,0,0,22,1,125,2,-1,0,3,0,1,2.0,0,0,3
30,4,2,2,0,2592,0,0,0,19,9,50,1,-1,0,3,0,1,1.0,1,0,0
51,1,1,1,0,0,1,0,2,5,8,173,2,-1,0,3,0,1,2.0,0,0,3
35,9,1,1,0,254,0,0,0,8,1,153,7,-1,0,3,0,1,7.0,1,0,1
46,9,1,2,0,2207,1,0,2,16,8,243,3,-1,0,3,0,1,3.0,1,0,2
41,0,1,1,0,683,0,1,0,20,9,77,1,-1,0,3,0,1,1.0,1,0,2
54,9,2,2,0,1433,1,1,2,18,6,18,20,-1,0,3,0,1,20.0,1,0,3
44,0,1,1,0,399,1,1,2,3,6,271,2,-1,0,3,0,1,2.0,1,0,2
33,4,1,2,0,1657,1,0,2,27,8,342,4,-1,0,3,0,1,4.0,1,1,1
58,1,1,1,0,0,0,0,0,18,1,27,17,-1,0,3,0,1,17.0,0,0,3
29,0,1,2,0,238,0,0,0,11,1,97,1,78,3,2,0,0,0.25,1,0,0
32,0,1,1,0,187,0,1,2,27,6,381,3,-1,0,3,0,1,3.0,1,1,1
48,9,1,1,0,-205,1,1,0,9,5,112,1,-1,0,3,0,1,1.0,0,0,2
36,1,0,1,0,421,1,0,0,15,8,34,7,360,4,1,0,0,1.4,1,0,1
37,9,1,1,0,1725,0,0,0,22,1,75,7,-1,0,3,0,1,7.0,1,0,1
37,4,1,2,0,257,0,0,2,20,11,11,1,-1,0,3,0,1,1.0,1,0,1
34,0,2,1,0,303,0,0,0,21,2,94,3,200,6,2,0,0,0.42857142857142855,1,0,1
58,10,1,2,0,1798,1,0,0,5,3,19,8,-1,0,3,0,1,8.0,1,0,3
26,0,1,1,0,3160,1,0,2,27,8,154,1,-1,0,3,0,1,1.0,1,0,0
26,4,1,0,0,1349,1,0,2,9,8,275,1,-1,0,3,0,1,1.0,1,0,0
49,7,0,1,0,3649,1,1,2,15,8,150,1,-1,0,3,0,1,1.0,1,0,2
59,3,1,0,0,182,0,0,0,30,0,92,1,86,1,0,0,0,0.5,1,0,3
36,2,1,1,1,1,1,0,0,21,9,203,1,-1,0,3,0,1,1.0,1,0,1
37,4,2,2,0,131,0,0,1,14,1,293,2,-1,0,3,0,1,2.0,1,0,1
49,9,1,1,0,425,1,0,0,12,8,816,1,342,4,0,0,0,0.2,1,1,2
32,4,2,2,0,1831,1,0,0,20,0,86,2,-1,0,3,0,1,2.0,1,0,1
31,7,1,1,1,29,0,0,0,21,9,240,3,-1,0,3,0,1,3.0,1,0,1
32,1,1,0,0,1518,1,0,1,6,3,35,3,-1,0,3,0,1,3.0,1,0,1
48,6,1,1,0,1559,0,0,0,4,3,130,2,-1,0,3,0,1,2.0,1,0,2
46,4,1,2,1,549,0,0,0,21,1,87,8,-1,0,3,0,1,8.0,1,0,2
52,9,1,1,0,230,1,1,0,21,9,89,4,-1,0,3,0,1,4.0,1,0,3
37,1,2,0,0,0,0,0,2,5,6,39,1,-1,0,3,0,1,1.0,0,0,1
49,1,0,0,0,0,1,0,0,29,5,468,2,-1,0,3,0,1,2.0,0,1,2
41,9,2,2,0,159,0,0,0,18,9,164,1,-1,0,3,0,1,1.0,1,0,2
26,7,2,1,0,2158,1,1,1,5,6,227,1,-1,0,3,0,1,1.0,1,0,0
35,9,1,1,0,0,0,0,0,11,5,271,2,-1,0,3,0,1,2.0,0,0,1
43,4,1,2,0,46,0,0,0,27,1,63,8,-1,0,3,0,1,8.0,1,0,2
52,0,1,1,0,2851,0,1,1,2,3,35,1,-1,0,3,0,1,1.0,1,0,3
37,1,1,0,0,4997,0,0,2,9,6,172,2,-1,0,3,0,1,2.0,1,0,1
41,2,0,2,1,0,1,0,0,19,9,21,10,-1,0,3,0,1,10.0,0,0,2
30,4,1,2,0,1022,1,0,0,18,8,97,2,298,1,0,0,0,1.0,1,0,0
34,4,1,2,0,201,0,0,1,4,8,21,5,-1,0,3,0,1,5.0,1,0,1
35,1,1,0,0,623,1,0,0,6,8,97,2,-1,0,3,0,1,2.0,1,0,1
31,1,1,1,0,0,0,0,1,23,5,36,1,-1,0,3,0,1,1.0,0,0,1
36,4,2,2,0,678,0,1,2,4,5,85,3,-1,0,3,0,1,3.0,1,0,1
36,1,1,0,0,347,0,0,0,4,3,167,2,-1,0,3,0,1,2.0,1,0,1
29,9,1,2,0,4557,0,0,0,28,4,103,2,-1,0,3,0,1,2.0,1,0,0
56,3,1,0,0,605,0,0,0,19,1,207,6,-1,0,3,0,1,6.0,1,0,3
32,0,1,1,0,205,0,0,0,18,5,197,3,-1,0,3,0,1,3.0,1,0,1
30,4,1,2,0,805,0,0,0,10,1,134,3,194,1,0,0,0,1.5,1,0,0
39,9,2,2,0,-41,0,1,0,25,1,40,15,-1,0,3,0,1,15.0,0,0,1
42,0,0,1,0,23,0,1,2,27,6,397,1,-1,0,3,0,1,1.0,1,1,2
58,0,1,1,0,2777,1,0,1,2,9,214,3,-1,0,3,0,1,3.0,1,0,3
25,2,1,2,0,37,1,1,2,8,8,453,2,-1,0,3,0,1,2.0,1,1,0
29,1,0,1,0,291,1,0,0,20,0,405,2,-1,0,3,0,1,2.0,1,1,0
34,9,2,1,0,-269,1,0,2,17,6,102,3,-1,0,3,0,1,3.0,0,0,1
28,1,1,1,0,2,1,0,2,29,8,750,2,-1,0,3,0,1,2.0,1,1,0
26,6,1,1,1,254,1,1,0,25,5,335,1,-1,0,3,0,1,1.0,1,1,0
53,9,1,1,0,529,1,0,0,28,4,558,1,-1,0,3,0,1,1.0,1,1,3
35,1,1,1,0,913,1,0,0,17,0,738,2,-1,0,3,0,1,2.0,1,1,1
42,3,1,0,0,4279,1,0,0,5,3,97,1,198,1,0,0,0,0.5,1,0,2
32,10,2,2,0,336,1,0,2,8,8,139,1,-1,0,3,0,1,1.0,1,0,1
46,6,0,2,0,926,1,0,0,1,0,463,1,133,3,0,0,0,0.25,1,1,2
27,4,1,2,0,4909,0,1,0,17,5,159,3,-1,0,3,0,1,3.0,1,0,0
28,1,1,0,0,0,0,0,2,14,8,17,24,-1,0,3,0,1,24.0,0,0,0
38,2,1,1,0,-272,0,1,2,17,6,143,2,-1,0,3,0,1,2.0,0,0,1
32,4,1,2,0,3154,0,0,0,20,0,96,2,150,2,0,0,0,0.6666666666666666,1,0,1
42,9,1,1,0,473,1,0,0,7,5,216,5,-1,0,3,0,1,5.0,1,0,2
53,1,1,1,0,314,1,0,2,28,8,184,2,-1,0,3,0,1,2.0,1,0,3
57,11,1,3,0,106,0,0,2,12,8,836,4,-1,0,3,0,1,4.0,1,1,3
29,0,2,1,0,405,1,0,0,15,8,84,1,345,1,1,0,0,0.5,1,0,0
41,4,1,2,0,0,0,1,2,16,8,330,4,-1,0,3,0,1,4.0,0,1,2
41,4,1,2,0,615,1,0,2,29,8,37,1,-1,0,3,0,1,1.0,1,0,2
52,1,2,3,0,1785,0,0,0,3,3,168,2,-1,0,3,0,1,2.0,1,0,3
32,0,1,1,0,305,1,0,2,30,8,200,3,-1,0,3,0,1,3.0,1,0,1
37,1,0,1,0,638,1,0,0,8,8,326,1,326,2,2,0,0,0.3333333333333333,1,1,1
37,7,1,1,0,3,1,0,0,29,5,88,6,-1,0,3,0,1,6.0,1,0,1
25,8,2,2,0,938,1,0,0,14,8,36,1,352,1,1,0,0,0.5,1,0,0
54,4,1,3,0,831,1,1,1,2,5,139,1,125,2,1,0,0,0.3333333333333333,1,0,3
35,0,1,1,0,4698,1,0,2,16,6,359,1,-1,0,3,0,1,1.0,1,1,1
37,4,2,2,0,337,1,0,2,26,8,777,5,-1,0,3,0,1,5.0,1,1,1
40,0,1,0,0,189,1,0,2,27,8,160,2,-1,0,3,0,1,2.0,1,0,1
43,9,2,1,1,685,1,0,0,31,5,94,2,-1,0,3,0,1,2.0,1,0,2
52,0,1,2,0,17,0,0,0,21,1,97,4,-1,0,3,0,1,4.0,1,0,3
50,4,1,2,0,29,1,0,0,7,8,83,4,266,20,1,0,0,0.19047619047619047,1,0,2
31,9,2,2,0,614,0,0,0,11,1,72,4,-1,0,3,0,1,4.0,1,0,1
48,1,1,1,0,1513,0,1,0,17,5,1171,1,-1,0,3,0,1,1.0,1,1,2
41,3,2,0,0,21,0,0,2,6,6,264,1,-1,0,3,0,1,1.0,1,0,2
61,4,1,1,0,1471,0,0,0,12,1,331,2,-1,0,3,0,1,2.0,1,1,4
59,3,1,0,0,-187,1,0,1,21,5,118,7,-1,0,3,0,1,7.0,0,0,3
35,9,2,3,0,726,1,0,0,5,8,163,1,-1,0,3,0,1,1.0,1,0,1
49,9,1,2,0,80,0,0,0,17,5,123,1,-1,0,3,0,1,1.0,1,0,2
37,7,2,1,0,342,1,0,0,4,3,127,1,273,1,0,0,0,0.5,1,0,1
55,3,1,0,0,0,0,0,0,13,1,139,2,-1,0,3,0,1,2.0,0,0,3
51,6,2,2,0,0,1,0,0,11,5,139,2,-1,0,3,0,1,2.0,0,0,3
51,7,1,1,0,53,1,0,2,26,8,140,2,-1,0,3,0,1,2.0,1,0,3
55,1,1,0,0,283,0,1,0,9,5,115,1,-1,0,3,0,1,1.0,1,0,3
35,7,0,1,0,-504,0,0,0,10,5,228,1,-1,0,3,0,1,1.0,0,0,1
49,9,1,1,0,1712,1,0,0,30,5,155,3,-1,0,3,0,1,3.0,1,0,2
46,0,1,1,0,0,1,0,0,5,7,135,1,-1,0,3,0,1,1.0,0,0,2
25,0,2,2,0,407,1,0,2,3,6,579,1,-1,0,3,0,1,1.0,1,1,0
32,9,2,2,0,948,1,0,0,6,0,223,2,-1,0,3,0,1,2.0,1,0,1
33,1,1,1,0,1219,1,0,0,18,8,51,3,367,4,1,0,0,0.6,1,0,1
78,5,0,1,0,631,0,0,1,11,1,95,1,-1,0,3,0,1,1.0,1,0,4
39,3,1,1,0,42,1,0,1,25,5,120,1,-1,0,3,0,1,1.0,1,0,1
32,7,0,2,0,376,1,0,2,20,8,102,2,-1,0,3,0,1,2.0,1,0,1
55,1,1,1,0,1261,0,0,2,19,8,166,1,-1,0,3,0,1,1.0,1,0,3
37,4,1,2,0,115,0,0,0,19,1,78,2,-1,0,3,0,1,2.0,1,0,1
48,1,1,1,0,48,1,1,2,29,8,144,1,-1,0,3,0,1,1.0,1,0,2
33,4,1,2,0,876,0,0,2,20,8,1287,2,-1,0,3,0,1,2.0,1,1,1
27,1,2,1,0,-247,0,1,0,22,5,264,1,-1,0,3,0,1,1.0,0,0,0
57,5,0,2,0,3875,0,0,0,19,9,130,2,-1,0,3,0,1,2.0,1,0,3
35,0,1,1,0,1,1,1,0,5,8,58,1,-1,0,3,0,1,1.0,1,0,1
49,1,1,1,0,1039,1,0,0,14,8,156,2,178,1,0,0,0,1.0,1,0,2
28,9,2,1,0,113,0,0,0,30,0,108,1,-1,0,3,0,1,1.0,1,0,0
32,4,2,2,0,202,0,0,0,4,8,16,5,-1,0,3,0,1,5.0,1,0,1
35,9,2,1,0,433,1,0,2,8,8,163,2,-1,0,3,0,1,2.0,1,0,1
45,1,1,1,0,1577,1,0,0,17,0,188,1,-1,0,3,0,1,1.0,1,0,2
39,4,1,2,0,1373,0,0,0,19,1,386,2,-1,0,3,0,1,2.0,1,1,1
41,2,1,0,0,759,1,0,2,4,6,79,10,-1,0,3,0,1,10.0,1,0,2
41,4,1,3,0,2457,1,0,2,9,8,285,1,-1,0,3,0,1,1.0,1,0,2
33,1,1,1,0,202,1,0,0,17,0,377,1,-1,0,3,0,1,1.0,1,1,1
37,9,1,1,0,5115,1,0,2,30,8,45,4,-1,0,3,0,1,4.0,1,0,1
38,1,1,1,0,35,1,0,2,28,8,130,2,-1,0,3,0,1,2.0,1,0,1
46,0,2,1,0,751,1,0,2,13,8,104,2,-1,0,3,0,1,2.0,1,0,2
21,8,2,3,0,330,0,0,0,19,0,232,3,364,2,0,0,0,1.0,1,0,0
35,1,2,0,0,85,0,0,0,15,8,213,1,364,1,0,0,0,0.5,1,0,1
32,7,1,1,0,252,1,1,0,25,5,148,4,-1,0,3,0,1,4.0,1,0,1
58,1,1,0,0,494,0,0,0,14,1,171,10,-1,0,3,0,1,10.0,1,0,3
50,0,1,1,0,-1415,0,0,0,19,1,358,2,-1,0,3,0,1,2.0,0,1,2
42,9,1,1,0,6250,0,0,2,9,6,107,3,-1,0,3,0,1,3.0,1,0,2
61,3,1,0,0,175,0,0,1,3,2,237,1,-1,0,3,0,1,1.0,1,0,4
61,5,1,1,0,938,0,0,0,15,10,212,2,92,5,2,0,0,0.3333333333333333,1,0,4
40,1,1,1,0,1074,1,0,0,9,0,90,2,-1,0,3,0,1,2.0,1,0,1
52,1,1,0,0,990,0,0,0,21,1,96,2,-1,0,3,0,1,2.0,1,0,3
40,9,1,1,0,1159,0,0,1,21,10,19,1,-1,0,3,0,1,1.0,1,0,1
49,9,1,1,0,626,1,0,0,25,1,90,4,-1,0,3,0,1,4.0,1,0,2
45,0,1,1,0,72,1,1,0,15,8,262,2,352,2,0,0,0,0.6666666666666666,1,0,2
55,4,1,2,0,4649,1,0,0,19,9,277,4,-1,0,3,0,1,4.0,1,0,3
39,4,1,2,0,15,1,1,0,21,9,90,2,-1,0,3,0,1,2.0,1,0,1
55,4,1,2,0,23189,1,0,2,14,8,77,1,-1,0,3,0,1,1.0,1,0,3
37,0,2,1,0,22,1,0,0,7,8,28,2,289,5,0,0,0,0.3333333333333333,1,0,1
35,7,1,2,0,4655,0,0,0,9,9,111,2,-1,0,3,0,1,2.0,1,0,1
31,9,1,1,0,2363,1,0,2,13,8,247,1,-1,0,3,0,1,1.0,1,0,1
39,4,1,2,0,0,0,0,0,22,1,714,6,-1,0,3,0,1,6.0,0,1,1
37,1,1,0,0,223,1,0,0,7,8,569,1,297,3,0,0,0,0.25,1,1,1
30,4,2,2,0,19796,0,0,0,20,9,41,1,-1,0,3,0,1,1.0,1,0,0
38,10,1,0,0,1147,1,1,2,8,8,249,5,-1,0,3,0,1,5.0,1,0,1
44,7,0,1,0,608,1,1,2,18,6,19,30,-1,0,3,0,1,30.0,1,0,2
30,1,1,1,0,1177,0,1,0,8,5,220,2,-1,0,3,0,1,2.0,1,0,0
54,4,2,2,0,0,1,0,2,3,6,68,1,-1,0,3,0,1,1.0,0,0,3
34,0,2,1,0,1880,1,0,2,23,8,297,1,-1,0,3,0,1,1.0,1,0,1
48,4,1,2,0,1167,1,1,0,26,4,122,4,50,4,1,0,0,0.8,1,0,2
29,4,1,2,0,2417,1,0,0,7,8,126,2,-1,0,3,0,1,2.0,1,0,0
49,7,2,1,0,178,1,1,0,29,4,197,1,-1,0,3,0,1,1.0,1,0,2
36,9,2,1,0,0,0,0,0,28,1,8,13,-1,0,3,0,1,13.0,0,0,1
46,1,1,0,0,3969,0,0,1,7,5,46,5,-1,0,3,0,1,5.0,1,0,2
36,9,1,3,0,756,0,0,0,11,5,396,3,-1,0,3,0,1,3.0,1,1,1
28,0,2,1,0,207,1,0,0,13,8,329,1,-1,0,3,0,1,1.0,1,1,0
65,4,1,2,0,1097,0,0,0,12,4,131,1,196,1,1,0,0,0.5,1,0,4
59,5,1,1,0,1980,0,0,0,11,1,185,2,-1,0,3,0,1,2.0,1,0,3
52,1,1,1,0,5275,0,1,0,22,5,1029,3,-1,0,3,0,1,3.0,1,1,3
42,2,1,2,0,287,1,1,2,30,8,83,2,-1,0,3,0,1,2.0,1,0,2
44,1,1,1,0,2523,1,0,2,29,8,1236,2,-1,0,3,0,1,2.0,1,1,2
47,2,0,2,0,0,0,0,2,5,6,124,1,-1,0,3,0,1,1.0,0,0,2
55,10,2,0,0,10183,0,0,2,19,6,106,1,-1,0,3,0,1,1.0,1,0,3
35,10,2,2,0,4959,0,0,0,29,4,91,2,-1,0,3,0,1,2.0,1,0,1
49,1,0,0,0,15,1,0,2,27,8,550,7,-1,0,3,0,1,7.0,1,1,2
49,1,1,0,0,762,1,0,0,7,8,373,2,360,4,0,0,0,0.4,1,1,2
32,9,1,2,0,-252,1,0,0,29,5,52,4,-1,0,3,0,1,4.0,0,0,1
43,1,1,0,0,575,0,0,0,2,3,237,1,-1,0,3,0,1,1.0,1,0,2
39,9,1,3,0,0,1,0,0,12,8,106,3,-1,0,3,0,1,3.0,0,0,1
38,1,0,0,0,0,0,0,2,12,6,49,2,-1,0,3,0,1,2.0,0,0,1
60,9,0,2,0,-317,1,0,2,27,8,498,1,-1,0,3,0,1,1.0,0,1,3
36,1,1,1,0,-870,1,0,2,26,8,102,2,-1,0,3,0,1,2.0,0,0,1
35,9,0,1,0,103,1,0,0,21,5,304,1,-1,0,3,0,1,1.0,1,1,1
49,2,1,0,0,137,1,0,0,14,8,384,7,-1,0,3,0,1,7.0,1,1,2
61,5,0,1,0,0,0,0,0,5,8,272,3,-1,0,3,0,1,3.0,0,0,4
33,4,2,2,0,20794,0,0,0,20,1,226,5,-1,0,3,0,1,5.0,1,0,1
31,6,1,2,0,229,0,0,0,29,4,184,1,-1,0,3,0,1,1.0,1,0,1
44,1,1,1,0,1786,1,0,2,15,8,452,2,-1,0,3,0,1,2.0,1,1,2
23,7,1,1,0,0,1,1,2,26,8,90,5,-1,0,3,0,1,5.0,0,0,0
39,1,1,1,0,1969,0,0,0,21,9,63,2,-1,0,3,0,1,2.0,1,0,1
38,4,1,2,0,246,1,0,2,23,5,717,8,-1,0,3,0,1,8.0,1,1,1
50,1,1,1,0,1293,0,1,0,8,5,82,1,-1,0,3,0,1,1.0,1,0,2
34,1,2,1,0,-108,1,0,2,28,8,290,1,-1,0,3,0,1,1.0,0,0,1
51,1,0,1,0,203,1,0,0,8,8,134,1,170,5,0,0,0,0.16666666666666666,1,0,3
28,1,1,1,0,0,1,1,2,3,6,210,1,-1,0,3,0,1,1.0,0,0,0
27,0,2,1,0,3629,0,0,0,16,6,66,1,-1,0,3,0,1,1.0,1,0,0
35,8,2,3,0,298,1,0,2,5,8,611,2,-1,0,3,0,1,2.0,1,1,1
60,9,1,1,0,851,0,1,0,18,5,112,2,-1,0,3,0,1,2.0,1,0,3
44,1,2,0,0,-24,0,0,1,7,5,564,1,-1,0,3,0,1,1.0,0,1,2
27,4,2,2,0,450,1,0,2,3,6,49,1,-1,0,3,0,1,1.0,1,0,0
33,9,2,1,0,338,1,0,0,29,5,105,4,-1,0,3,0,1,4.0,1,0,1
36,9,2,1,0,2151,1,0,0,13,8,134,1,370,1,0,0,0,0.5,1,0,1
27,0,2,1,0,276,1,0,2,19,8,311,2,-1,0,3,0,1,2.0,1,1,0
59,5,1,1,0,2467,0,0,0,20,9,972,2,-1,0,3,0,1,2.0,1,1,3
29,7,1,1,0,0,1,1,0,20,0,204,3,-1,0,3,0,1,3.0,0,0,0
33,4,1,2,0,0,0,0,0,27,1,181,4,-1,0,3,0,1,4.0,0,0,1
46,4,2,2,0,655,0,1,2,4,5,68,1,-1,0,3,0,1,1.0,1,0,2
37,7,2,1,0,105,0,1,2,17,6,260,4,-1,0,3,0,1,4.0,1,0,1
44,7,1,1,0,5780,1,0,0,1,0,525,2,-1,0,3,0,1,2.0,1,1,2
35,1,1,1,0,260,1,0,1,13,8,155,6,-1,0,3,0,1,6.0,1,0,1
59,5,0,1,0,208,0,1,0,28,4,503,2,-1,0,3,0,1,2.0,1,1,3
37,7,1,0,1,-483,1,1,0,6,8,222,2,168,3,0,0,0,0.5,0,0,1
42,2,1,2,0,233,0,0,0,5,3,446,1,-1,0,3,0,1,1.0,1,1,2
34,3,1,0,0,326,0,0,0,8,1,17,7,-1,0,3,0,1,7.0,1,0,1
42,4,0,1,0,830,1,0,2,19,8,112,1,-1,0,3,0,1,1.0,1,0,2
47,7,1,1,0,459,0,0,0,19,1,599,3,-1,0,3,0,1,3.0,1,1,2
42,7,1,1,0,3236,0,0,2,18,6,521,11,-1,0,3,0,1,11.0,1,1,2
49,0,1,1,0,284,1,0,0,6,1,131,3,-1,0,3,0,1,3.0,1,0,2
30,1,1,1,0,554,1,0,0,29,4,100,1,-1,0,3,0,1,1.0,1,0,0
30,4,2,1,0,460,1,0,0,18,9,86,1,-1,0,3,0,1,1.0,1,0,0
41,1,1,1,0,1020,1,0,2,29,8,276,1,-1,0,3,0,1,1.0,1,0,2
39,1,2,0,0,446,1,0,2,12,8,183,1,-1,0,3,0,1,1.0,1,0,1
31,4,2,2,0,358,1,0,0,30,4,68,3,256,51,0,0,0,0.057692307692307696,1,0,1
27,9,2,1,0,-437,0,0,0,4,3,352,1,216,2,1,0,0,0.3333333333333333,0,1,0
50,0,1,1,0,159,1,0,2,7,8,216,2,-1,0,3,0,1,2.0,1,0,2
38,9,2,1,0,4723,1,0,0,13,1,187,2,-1,0,3,0,1,2.0,1,0,1
36,7,0,2,0,162,1,0,0,18,8,69,1,367,6,1,0,0,0.14285714285714285,1,0,1
28,0,1,1,0,642,1,0,0,3,3,481,2,-1,0,3,0,1,2.0,1,1,0
29,4,2,2,0,2344,1,0,0,9,7,265,2,-1,0,3,0,1,2.0,1,0,0
30,4,2,2,0,78,1,0,2,15,8,73,2,-1,0,3,0,1,2.0,1,0,0
50,10,1,1,0,306,1,0,2,4,6,117,1,-1,0,3,0,1,1.0,1,0,2
34,1,1,1,0,360,1,0,1,19,9,46,1,182,2,0,0,0,0.3333333333333333,1,0,1
29,9,1,1,0,132,1,1,0,30,0,88,1,-1,0,3,0,1,1.0,1,0,0
42,3,1,0,0,2328,0,0,0,20,1,133,2,-1,0,3,0,1,2.0,1,0,2
26,4,2,2,0,1,0,0,2,21,11,6,1,-1,0,3,0,1,1.0,1,0,0
57,10,1,0,0,3367,0,0,1,21,9,126,1,-1,0,3,0,1,1.0,1,0,3
53,9,1,1,0,1357,0,0,0,28,4,146,1,-1,0,3,0,1,1.0,1,0,3
34,7,1,1,0,1182,1,0,2,28,8,124,1,-1,0,3,0,1,1.0,1,0,1
50,0,1,1,0,512,1,1,0,17,0,77,3,338,3,0,0,0,0.75,1,0,2
30,9,2,1,0,102,1,0,2,7,8,614,2,-1,0,3,0,1,2.0,1,1,0
37,7,1,1,0,50,1,0,2,8,8,352,3,-1,0,3,0,1,3.0,1,1,1
31,9,2,1,0,106,1,0,0,8,8,94,1,-1,0,3,0,1,1.0,1,0,1
51,5,0,0,0,43,0,0,0,24,5,212,2,-1,0,3,0,1,2.0,1,0,3
42,0,1,1,0,214,1,0,2,28,8,21,24,-1,0,3,0,1,24.0,1,0,2
30,1,1,1,0,0,0,0,2,19,8,159,3,-1,0,3,0,1,3.0,0,0,0
39,0,1,3,0,378,0,0,2,20,6,17,5,-1,0,3,0,1,5.0,1,0,1
37,0,1,1,0,121,0,0,0,22,5,22,6,-1,0,3,0,1,6.0,1,0,1
27,9,1,2,0,10451,1,0,0,2,3,45,1,-1,0,3,0,1,1.0,1,0,0
32,1,1,1,0,14,1,0,2,2,6,171,1,-1,0,3,0,1,1.0,1,0,1
58,11,1,3,0,219,0,0,2,18,6,55,1,-1,0,3,0,1,1.0,1,0,3
32,4,1,0,0,142,1,0,2,12,8,101,1,-1,0,3,0,1,1.0,1,0,1
25,4,2,3,0,17,1,0,2,30,8,65,2,-1,0,3,0,1,2.0,1,0,0
49,1,1,1,0,3309,1,0,0,15,8,349,2,-1,0,3,0,1,2.0,1,1,2
34,9,2,2,0,332,0,0,0,18,1,75,7,-1,0,3,0,1,7.0,1,0,1
45,9,1,1,0,3007,0,0,2,11,6,442,1,-1,0,3,0,1,1.0,1,1,2
34,1,1,1,0,123,1,0,0,8,5,218,3,-1,0,3,0,1,3.0,1,0,1
60,5,1,3,0,878,0,0,0,13,1,106,2,-1,0,3,0,1,2.0,1,0,3
30,4,2,2,0,67,0,0,0,12,1,578,4,-1,0,3,0,1,4.0,1,1,0
29,7,0,1,0,590,1,0,2,30,8,76,2,-1,0,3,0,1,2.0,1,0,0
37,9,2,1,0,3,1,0,0,8,1,90,5,-1,0,3,0,1,5.0,1,0,1
40,0,1,3,0,9110,1,0,0,12,8,234,6,174,3,0,0,0,1.5,1,0,1
33,9,1,2,0,148,0,0,0,27,1,15,20,-1,0,3,0,1,20.0,1,0,1
44,7,0,1,0,496,1,1,2,29,8,54,15,-1,0,3,0,1,15.0,1,0,2
56,10,1,1,0,660,1,0,2,6,6,72,3,-1,0,3,0,1,3.0,1,0,3
34,1,1,1,0,286,1,0,2,9,8,134,2,-1,0,3,0,1,2.0,1,0,1
43,7,1,1,0,94,1,1,1,5,9,68,1,-1,0,3,0,1,1.0,1,0,2
56,7,0,2,0,2272,1,0,2,9,8,263,5,-1,0,3,0,1,5.0,1,0,3
39,0,0,1,0,-349,1,0,2,5,8,611,2,-1,0,3,0,1,2.0,0,1,1
30,4,1,2,0,32,1,0,2,6,8,122,3,-1,0,3,0,1,3.0,1,0,0
56,5,0,1,0,212,0,1,1,17,5,27,1,-1,0,3,0,1,1.0,1,0,3
26,9,2,1,0,0,0,0,0,8,5,362,2,-1,0,3,0,1,2.0,0,1,0
38,0,1,1,0,326,1,0,0,17,0,69,2,-1,0,3,0,1,2.0,1,0,1
30,9,2,1,0,1395,1,0,0,15,8,199,2,354,1,0,0,0,1.0,1,0,0
44,9,2,1,0,27,0,0,2,1,5,723,2,-1,0,3,0,1,2.0,1,1,2
32,6,1,1,0,610,1,0,2,28,8,75,6,-1,0,3,0,1,6.0,1,0,1
37,0,1,2,0,0,1,0,0,21,5,115,1,-1,0,3,0,1,1.0,0,0,1
34,11,1,1,0,1434,0,0,0,21,9,50,2,-1,0,3,0,1,2.0,1,0,1
48,7,1,1,0,125,0,0,0,14,1,89,7,-1,0,3,0,1,7.0,1,0,2
27,1,1,0,0,202,0,1,0,22,5,41,1,-1,0,3,0,1,1.0,1,0,0
52,1,1,1,0,3622,1,1,2,23,8,40,7,-1,0,3,0,1,7.0,1,0,3
66,5,1,1,0,0,0,0,0,8,10,189,1,-1,0,3,0,1,1.0,0,0,4
28,10,1,1,0,858,1,0,2,21,8,371,1,-1,0,3,0,1,1.0,1,1,0
25,1,2,3,0,431,1,0,0,16,0,493,1,317,12,0,0,0,0.07692307692307693,1,1,0
35,4,2,2,0,1379,0,0,0,20,9,370,1,-1,0,3,0,1,1.0,1,1,1
27,7,2,2,0,536,1,0,0,11,8,105,3,-1,0,3,0,1,3.0,1,0,0
32,4,2,1,0,416,1,0,0,18,9,268,2,-1,0,3,0,1,2.0,1,0,1
31,0,2,1,0,0,1,0,0,16,5,1056,2,-1,0,3,0,1,2.0,0,1,1
29,2,1,1,0,291,1,0,2,2,6,205,3,-1,0,3,0,1,3.0,1,0,0
52,9,1,3,0,370,1,0,0,15,5,101,2,-1,0,3,0,1,2.0,1,0,3
38,0,1,1,0,384,0,0,0,3,3,387,1,-1,0,3,0,1,1.0,1,1,1
33,4,2,1,0,15,0,0,0,22,1,199,1,-1,0,3,0,1,1.0,1,0,1
50,0,1,1,0,100,1,0,2,18,6,23,1,-1,0,3,0,1,1.0,1,0,2
31,4,2,2,0,-208,1,1,0,20,9,251,4,-1,0,3,0,1,4.0,0,0,1
33,7,2,1,0,1646,1,0,1,7,8,317,2,-1,0,3,0,1,2.0,1,1,1
27,9,1,1,0,241,0,1,2,26,3,889,1,-1,0,3,0,1,1.0,1,1,0
39,1,1,0,0,-186,0,1,2,18,6,320,3,-1,0,3,0,1,3.0,0,1,1
29,8,2,2,0,3054,0,0,0,2,9,204,1,186,7,2,0,0,0.125,1,0,0
51,4,2,2,0,8265,1,0,0,21,9,168,3,-1,0,3,0,1,3.0,1,0,3
30,9,2,1,0,-208,1,1,2,13,8,108,1,-1,0,3,0,1,1.0,0,0,0
28,6,1,1,0,-228,1,1,0,7,5,164,3,-1,0,3,0,1,3.0,0,0,0
57,9,1,1,0,0,1,1,2,30,8,200,2,-1,0,3,0,1,2.0,0,0,3
46,9,1,1,0,250,0,0,0,6,1,84,2,-1,0,3,0,1,2.0,1,0,2
54,6,1,1,0,9,1,0,0,22,5,113,2,-1,0,3,0,1,2.0,1,0,3
48,10,1,1,0,1811,1,0,1,31,5,135,3,-1,0,3,0,1,3.0,1,0,2
39,4,1,2,0,5060,1,0,0,20,1,157,4,-1,0,3,0,1,4.0,1,0,1
30,9,2,1,0,800,0,0,1,28,4,60,2,-1,0,3,0,1,2.0,1,0,0
56,4,1,2,0,586,0,0,1,10,5,123,1,-1,0,3,0,1,1.0,1,0,3
55,5,1,1,0,273,0,0,0,26,1,417,2,-1,0,3,0,1,2.0,1,1,3
46,1,1,0,0,2749,1,0,0,17,9,332,1,-1,0,3,0,1,1.0,1,1,2
25,9,0,2,0,174,0,1,2,27,8,350,4,-1,0,3,0,1,4.0,1,1,0
36,9,2,1,0,317,1,0,0,30,4,198,2,266,2,0,0,0,0.6666666666666666,1,0,1
50,1,1,2,0,267,1,0,0,13,8,187,3,-1,0,3,0,1,3.0,1,0,2
32,4,1,2,0,553,1,0,0,22,5,72,1,-1,0,3,0,1,1.0,1,0,1
42,10,1,1,0,1990,1,1,2,19,8,13,1,-1,0,3,0,1,1.0,1,0,2
31,2,2,2,0,247,1,1,2,2,6,273,1,-1,0,3,0,1,1.0,1,0,1
57,4,1,0,0,595,0,0,2,9,6,188,2,-1,0,3,0,1,2.0,1,0,3
33,2,1,2,0,595,0,0,0,7,1,22,2,-1,0,3,0,1,2.0,1,0,1
42,6,1,1,0,357,0,0,0,22,1,94,4,-1,0,3,0,1,4.0,1,0,2
42,6,1,2,0,-266,0,1,2,25,6,322,1,-1,0,3,0,1,1.0,0,1,2
32,2,1,1,0,1328,1,0,2,6,6,80,5,-1,0,3,0,1,5.0,1,0,1
29,4,2,2,0,144,1,0,2,2,6,105,3,-1,0,3,0,1,3.0,1,0,0
29,1,1,1,0,912,1,0,0,13,8,785,1,-1,0,3,0,1,1.0,1,1,0
27,1,2,0,0,3955,1,0,2,28,8,205,3,-1,0,3,0,1,3.0,1,0,0
35,1,2,0,0,109,1,0,2,7,8,83,2,-1,0,3,0,1,2.0,1,0,1
53,0,1,1,0,257,0,0,0,5,1,222,1,-1,0,3,0,1,1.0,1,0,3
39,4,1,1,0,1072,1,0,2,27,8,1168,2,-1,0,3,0,1,2.0,1,1,1
33,0,0,1,0,479,1,0,2,27,8,74,5,-1,0,3,0,1,5.0,1,0,1
41,4,1,2,0,9935,0,0,1,21,9,49,1,-1,0,3,0,1,1.0,1,0,2
45,0,2,1,0,-342,0,1,2,30,6,158,1,-1,0,3,0,1,1.0,0,0,2
31,7,1,2,1,-90,0,1,2,1,5,173,1,-1,0,3,0,1,1.0,0,0,1
39,0,2,1,0,163,1,0,0,30,4,107,2,-1,0,3,0,1,2.0,1,0,1
31,4,2,2,0,725,1,0,0,27,0,345,1,452,1,1,0,0,0.5,1,1,1
31,1,2,1,0,19,1,0,2,19,8,178,5,-1,0,3,0,1,5.0,1,0,1
51,4,1,2,0,333,0,1,0,17,5,234,1,-1,0,3,0,1,1.0,1,0,3
39,1,1,0,0,12848,1,0,2,5,6,337,2,-1,0,3,0,1,2.0,1,1,1
34,7,1,1,0,244,0,0,0,4,3,696,2,-1,0,3,0,1,2.0,1,1,1
34,4,1,2,0,6203,0,0,1,21,9,34,2,-1,0,3,0,1,2.0,1,0,1
45,1,1,1,0,827,1,0,2,15,8,319,5,-1,0,3,0,1,5.0,1,1,2
33,0,0,1,0,-331,1,1,0,11,8,186,2,350,3,0,0,0,0.5,0,0,1
38,6,1,2,0,526,0,0,0,27,1,86,11,-1,0,3,0,1,11.0,1,0,1
28,10,1,1,0,655,1,0,2,4,6,606,2,-1,0,3,0,1,2.0,1,1,0
44,9,1,1,0,1127,1,0,0,19,1,82,8,-1,0,3,0,1,8.0,1,0,2
43,4,1,1,0,445,0,0,0,22,1,108,18,-1,0,3,0,1,18.0,1,0,2
38,0,1,2,0,669,1,1,0,31,5,129,2,-1,0,3,0,1,2.0,1,0,1
28,6,1,2,0,232,1,1,0,20,0,219,1,-1,0,3,0,1,1.0,1,0,0
54,0,1,1,0,222,1,0,2,9,8,45,2,-1,0,3,0,1,2.0,1,0,3
39,3,1,2,0,4,1,1,2,19,6,185,1,-1,0,3,0,1,1.0,1,0,1
34,9,1,2,0,178,1,0,0,18,9,85,1,-1,0,3,0,1,1.0,1,0,1
52,0,1,1,0,82,1,1,1,15,5,1142,4,-1,0,3,0,1,4.0,1,1,3
28,1,1,1,0,1238,1,0,2,14,8,246,1,-1,0,3,0,1,1.0,1,0,0
46,1,0,1,0,1480,1,0,2,15,8,257,1,-1,0,3,0,1,1.0,1,0,2
57,2,1,1,0,1037,1,1,2,15,8,112,1,-1,0,3,0,1,1.0,1,0,3
55,1,1,0,0,835,1,0,2,16,6,40,18,-1,0,3,0,1,18.0,1,0,3
57,7,2,1,0,1430,1,0,2,3,6,666,5,-1,0,3,0,1,5.0,1,1,3
29,0,1,1,0,-526,1,0,2,28,8,314,2,-1,0,3,0,1,2.0,0,1,0
60,5,1,3,0,2150,1,1,0,9,5,119,1,-1,0,3,0,1,1.0,1,0,3
76,5,1,1,0,2302,0,0,1,10,9,345,2,-1,0,3,0,1,2.0,1,1,4
38,9,1,1,1,238,0,0,0,30,5,376,8,-1,0,3,0,1,8.0,1,1,1
39,1,0,3,0,463,1,0,0,18,8,169,1,-1,0,3,0,1,1.0,1,0,1
53,0,1,1,0,1661,1,1,0,17,9,85,1,-1,0,3,0,1,1.0,1,0,3
25,9,1,2,0,914,1,0,0,12,8,185,2,-1,0,3,0,1,2.0,1,0,0
42,1,1,3,0,149,1,0,1,23,5,329,3,-1,0,3,0,1,3.0,1,1,2
44,0,1,1,0,14,0,1,2,30,8,827,5,-1,0,3,0,1,5.0,1,1,2
51,9,2,2,0,11222,1,0,0,21,9,126,2,171,7,0,0,0,0.25,1,0,3
33,1,1,1,1,-406,1,1,0,14,5,332,2,-1,0,3,0,1,2.0,0,1,1
35,9,2,1,0,-229,1,0,2,27,8,100,2,-1,0,3,0,1,2.0,0,0,1
72,5,1,1,0,4269,0,0,1,16,0,122,3,-1,0,3,0,1,3.0,1,0,4
35,4,2,2,0,3000,1,0,0,15,8,162,3,-1,0,3,0,1,3.0,1,0,1
52,1,1,1,0,7225,0,0,0,19,9,205,2,113,2,0,0,0,0.6666666666666666,1,0,3
28,10,2,2,0,1010,1,0,0,6,8,911,1,336,2,0,0,0,0.3333333333333333,1,1,0
60,9,1,3,0,0,1,0,2,8,8,77,1,-1,0,3,0,1,1.0,0,0,3
48,1,1,1,0,194,1,0,0,5,3,62,1,-1,0,3,0,1,1.0,1,0,2
33,9,2,1,0,4240,1,0,0,20,0,508,1,-1,0,3,0,1,1.0,1,1,1
60,1,1,0,0,136,1,0,2,8,8,43,2,-1,0,3,0,1,2.0,1,0,3
58,5,1,0,0,90,1,0,2,27,8,144,1,-1,0,3,0,1,1.0,1,0,3
32,4,1,2,0,1232,0,0,0,25,1,97,4,-1,0,3,0,1,4.0,1,0,1
36,10,2,0,0,0,1,0,1,7,5,63,6,-1,0,3,0,1,6.0,0,0,1
45,2,1,2,0,0,0,0,0,19,9,416,2,-1,0,3,0,1,2.0,0,1,2
24,0,2,1,0,120,1,0,0,18,8,145,1,-1,0,3,0,1,1.0,1,0,0
43,6,1,0,0,9304,0,0,0,8,1,362,4,-1,0,3,0,1,4.0,1,1,2
59,6,1,3,0,59,0,0,0,12,1,171,2,-1,0,3,0,1,2.0,1,0,3
52,4,1,2,0,732,0,0,1,4,3,48,1,-1,0,3,0,1,1.0,1,0,3
29,3,2,1,0,718,1,0,2,8,8,91,3,-1,0,3,0,1,3.0,1,0,0
46,4,1,1,0,5559,0,0,2,17,6,483,1,-1,0,3,0,1,1.0,1,1,2
38,4,1,2,0,178,0,0,0,6,1,170,3,-1,0,3,0,1,3.0,1,0,1
58,1,1,0,0,309,0,0,0,19,1,156,2,-1,0,3,0,1,2.0,1,0,3
49,4,1,2,0,502,0,0,0,22,1,379,4,-1,0,3,0,1,4.0,1,1,2
44,7,0,1,0,2586,1,0,2,5,8,160,1,-1,0,3,0,1,1.0,1,0,2
27,1,2,0,0,0,1,0,2,16,8,576,1,-1,0,3,0,1,1.0,0,1,0
44,4,0,3,0,1784,0,1,0,21,9,279,1,-1,0,3,0,1,1.0,1,0,2
36,10,1,1,0,1453,0,0,2,6,6,386,1,-1,0,3,0,1,1.0,1,1,1
47,7,0,1,0,201,1,0,2,6,8,92,2,-1,0,3,0,1,2.0,1,0,2
53,9,1,2,0,431,1,0,0,5,8,55,1,328,1,0,0,0,0.5,1,0,3
34,0,2,0,0,286,1,0,0,13,8,329,1,-1,0,3,0,1,1.0,1,1,1
30,1,2,1,0,0,1,0,0,14,5,768,2,-1,0,3,0,1,2.0,0,1,0
29,1,1,1,0,577,1,0,1,17,0,501,3,331,10,1,0,0,0.2727272727272727,1,1,0
43,6,1,2,0,10072,0,0,0,12,8,98,1,77,5,0,0,0,0.16666666666666666,1,0,2
30,2,2,1,0,638,0,0,0,14,5,358,6,-1,0,3,0,1,6.0,1,1,0
47,1,1,1,0,1303,0,0,0,13,1,68,3,-1,0,3,0,1,3.0,1,0,2
32,4,1,2,0,937,0,0,2,17,9,76,1,-1,0,3,0,1,1.0,1,0,1
47,0,2,1,0,3957,1,0,1,11,8,58,3,334,3,1,0,0,0.75,1,0,2
53,0,1,1,0,4493,0,0,0,8,8,286,2,168,3,0,0,0,0.5,1,0,3
26,0,2,1,1,0,1,0,0,16,5,157,2,-1,0,3,0,1,2.0,0,0,0
37,2,1,2,0,2685,0,0,2,20,6,187,2,-1,0,3,0,1,2.0,1,0,1
63,4,1,2,0,0,0,0,0,12,10,130,2,182,6,0,0,0,0.2857142857142857,0,0,4
33,4,1,2,0,334,0,0,0,25,9,87,1,-1,0,3,0,1,1.0,1,0,1
29,1,1,1,0,1175,1,1,0,30,5,141,4,-1,0,3,0,1,4.0,1,0,0
53,1,1,0,0,570,0,0,0,20,1,158,4,-1,0,3,0,1,4.0,1,0,3
38,1,2,1,0,0,1,0,0,12,8,84,3,-1,0,3,0,1,3.0,0,0,1
40,7,1,1,0,1358,0,0,2,19,6,96,1,-1,0,3,0,1,1.0,1,0,1
51,7,1,0,0,636,1,1,1,18,8,36,6,-1,0,3,0,1,6.0,1,0,3
29,9,1,1,0,-910,1,0,0,21,5,260,1,-1,0,3,0,1,1.0,0,0,0
57,9,1,1,0,1469,1,0,0,17,9,364,1,-1,0,3,0,1,1.0,1,1,3
47,1,1,1,0,1143,1,0,2,4,6,79,1,-1,0,3,0,1,1.0,1,0,2
39,1,1,1,0,1751,0,0,0,9,5,178,2,-1,0,3,0,1,2.0,1,0,1
39,1,2,2,0,172,1,0,0,10,1,248,1,131,1,2,0,0,0.5,1,0,1
31,0,1,1,0,352,0,0,1,28,10,60,1,-1,0,3,0,1,1.0,1,0,1
57,3,0,3,0,11632,0,0,1,30,0,71,2,-1,0,3,0,1,2.0,1,0,3
69,7,1,3,0,23592,0,0,0,3,5,837,3,-1,0,3,0,1,3.0,1,1,4
34,4,2,2,0,5284,1,0,0,29,5,198,5,-1,0,3,0,1,5.0,1,0,1
31,4,1,2,0,-181,1,0,0,8,8,127,1,170,2,0,0,0,0.3333333333333333,0,0,1
57,3,0,0,0,231,1,0,2,20,8,26,14,-1,0,3,0,1,14.0,1,0,3
35,1,1,0,0,422,1,0,0,14,8,73,1,-1,0,3,0,1,1.0,1,0,1
40,7,1,1,0,-345,1,0,0,24,5,39,2,-1,0,3,0,1,2.0,0,0,1
44,9,1,1,0,366,0,1,0,18,1,212,12,-1,0,3,0,1,12.0,1,0,2
40,0,0,1,0,4,1,0,0,9,5,189,1,-1,0,3,0,1,1.0,1,0,1
28,1,1,1,0,100,1,1,2,27,8,132,2,-1,0,3,0,1,2.0,1,0,0
43,1,1,0,0,0,1,0,2,20,8,592,1,-1,0,3,0,1,1.0,0,1,2
74,5,1,0,0,279,0,0,1,15,10,227,1,-1,0,3,0,1,1.0,1,0,4
50,4,2,3,0,1277,0,0,0,4,8,63,1,-1,0,3,0,1,1.0,1,0,2
43,7,1,1,0,0,1,0,2,27,8,129,1,-1,0,3,0,1,1.0,0,0,2
28,7,2,1,0,0,0,0,0,2,3,188,1,206,2,1,0,0,0.3333333333333333,0,0,0
38,9,1,1,0,0,0,0,0,28,1,176,10,-1,0,3,0,1,10.0,0,0,1
40,9,1,1,0,1832,0,0,0,8,0,179,2,-1,0,3,0,1,2.0,1,0,1
44,1,1,1,0,1087,1,0,2,19,8,100,2,-1,0,3,0,1,2.0,1,0,2
44,9,1,1,0,-153,0,1,2,26,6,197,1,-1,0,3,0,1,1.0,0,0,2
34,9,2,2,0,370,0,0,0,11,1,116,2,-1,0,3,0,1,2.0,1,0,1
30,10,2,1,0,2303,0,0,1,6,3,193,5,-1,0,3,0,1,5.0,1,0,0
79,5,0,1,0,631,0,0,1,8,3,105,2,181,1,0,0,0,1.0,1,0,4
58,5,1,0,0,3260,0,0,1,27,10,27,1,-1,0,3,0,1,1.0,1,0,3
57,5,0,0,0,2439,1,0,2,14,8,32,1,-1,0,3,0,1,1.0,1,0,3
34,4,1,2,0,11,1,0,0,18,9,123,1,124,1,0,0,0,0.5,1,0,1
30,7,1,1,0,683,1,0,0,15,8,66,1,-1,0,3,0,1,1.0,1,0,0
36,3,2,1,0,28,0,1,0,11,1,149,2,-1,0,3,0,1,2.0,1,0,1
45,9,1,2,0,265,0,0,0,28,1,14,3,-1,0,3,0,1,3.0,1,0,2
34,1,1,1,0,157,1,0,0,11,5,254,2,-1,0,3,0,1,2.0,1,0,1
55,6,0,1,0,0,0,0,0,29,5,94,2,-1,0,3,0,1,2.0,0,0,3
49,7,1,1,0,220,1,0,0,28,5,93,11,-1,0,3,0,1,11.0,1,0,2
37,1,1,0,0,-212,1,0,0,15,8,189,3,352,1,1,0,0,1.5,0,0,1
58,4,1,2,0,5680,0,0,2,18,6,114,1,-1,0,3,0,1,1.0,1,0,3
60,6,1,2,0,3,0,0,0,18,1,80,2,-1,0,3,0,1,2.0,1,0,3
38,9,2,2,0,2496,0,0,2,17,6,193,1,-1,0,3,0,1,1.0,1,0,1
40,0,2,1,0,142,0,1,2,20,6,14,3,-1,0,3,0,1,3.0,1,0,1
47,9,1,1,0,536,1,0,0,18,8,778,2,336,2,2,0,0,0.6666666666666666,1,1,2
29,6,1,2,0,242,1,0,0,18,5,73,4,-1,0,3,0,1,4.0,1,0,0
33,2,1,1,0,1034,1,0,0,21,5,141,6,-1,0,3,0,1,6.0,1,0,1
32,9,2,1,0,644,1,1,2,21,8,198,1,-1,0,3,0,1,1.0,1,0,1
34,2,1,2,0,145,1,1,0,18,5,127,10,-1,0,3,0,1,10.0,1,0,1
36,1,1,1,0,330,1,0,0,13,8,777,2,-1,0,3,0,1,2.0,1,1,1
44,1,2,1,0,-292,1,0,2,2,6,179,7,-1,0,3,0,1,7.0,0,0,2
31,9,2,1,0,304,0,0,0,29,4,293,2,160,2,1,0,0,0.6666666666666666,1,0,1
54,5,1,1,0,6449,0,0,2,19,6,487,1,-1,0,3,0,1,1.0,1,1,3
20,8,2,1,0,53,0,0,0,11,1,203,1,-1,0,3,0,1,1.0,1,0,0
32,4,1,2,0,820,1,0,0,17,5,738,3,-1,0,3,0,1,3.0,1,1,1
30,4,2,2,0,188,0,0,0,28,4,66,1,-1,0,3,0,1,1.0,1,0,0
27,3,1,0,0,0,1,0,0,23,5,435,3,-1,0,3,0,1,3.0,0,1,0
31,7,2,1,0,900,1,0,0,20,9,321,2,190,4,1,0,0,0.4,1,1,1
32,9,2,1,0,2341,1,0,0,18,5,243,1,-1,0,3,0,1,1.0,1,0,1
45,6,1,1,0,830,0,0,0,19,9,180,1,111,2,0,0,0,0.3333333333333333,1,0,2
44,4,1,2,0,-1636,1,1,0,11,8,257,1,-1,0,3,0,1,1.0,0,0,2
33,4,2,2,0,561,0,0,0,7,0,104,1,-1,0,3,0,1,1.0,1,0,1
36,1,0,1,0,-158,1,0,0,21,5,42,6,-1,0,3,0,1,6.0,0,0,1
70,5,1,0,0,3230,0,0,0,24,9,112,1,-1,0,3,0,1,1.0,1,0,4
34,7,0,1,0,991,1,0,0,6,8,89,1,344,1,0,0,0,0.5,1,0,1
48,10,1,0,0,0,0,0,0,21,9,213,2,-1,0,3,0,1,2.0,0,0,2
45,4,1,3,0,9051,1,0,2,19,8,124,63,-1,0,3,0,1,63.0,1,0,2
51,1,1,0,0,1694,0,0,0,13,1,186,2,-1,0,3,0,1,2.0,1,0,3
30,1,1,0,0,554,1,0,2,27,8,89,5,-1,0,3,0,1,5.0,1,0,0
44,0,1,0,0,248,1,0,2,14,8,234,1,-1,0,3,0,1,1.0,1,0,2
45,9,1,1,0,1118,1,0,1,22,5,27,1,-1,0,3,0,1,1.0,1,0,2
56,5,1,0,0,3149,0,0,0,7,1,142,3,-1,0,3,0,1,3.0,1,0,3
35,2,1,1,1,204,1,0,2,6,8,424,2,-1,0,3,0,1,2.0,1,1,1
27,10,2,1,0,1301,0,0,0,9,3,817,5,-1,0,3,0,1,5.0,1,1,0
32,1,2,1,0,313,1,1,2,5,6,67,2,-1,0,3,0,1,2.0,1,0,1
59,5,1,1,0,-471,0,0,0,7,1,86,6,-1,0,3,0,1,6.0,0,0,3
34,4,1,2,1,-30,1,0,0,4,3,449,2,-1,0,3,0,1,2.0,0,1,1
39,9,1,1,0,3825,0,1,0,25,1,94,6,-1,0,3,0,1,6.0,1,0,1
54,4,1,2,0,364,1,0,0,17,5,301,1,-1,0,3,0,1,1.0,1,1,3
46,4,0,2,0,4917,1,1,0,31,5,5,2,-1,0,3,0,1,2.0,1,0,2
69,5,1,0,0,579,0,0,0,14,1,230,1,-1,0,3,0,1,1.0,1,0,4
45,9,2,1,0,819,0,1,0,17,9,200,1,-1,0,3,0,1,1.0,1,0,2
57,1,1,1,0,5935,1,1,2,5,8,258,1,-1,0,3,0,1,1.0,1,0,3
47,1,1,0,0,550,1,0,2,7,8,113,1,-1,0,3,0,1,1.0,1,0,2
27,0,0,1,0,112,1,0,2,19,8,104,1,-1,0,3,0,1,1.0,1,0,0
39,1,2,0,0,581,1,0,0,7,0,620,1,39,2,2,0,0,0.3333333333333333,1,1,1
37,9,2,2,0,3943,0,0,0,19,9,37,1,-1,0,3,0,1,1.0,1,0,1
27,11,2,2,0,6421,0,0,1,28,4,147,4,-1,0,3,0,1,4.0,1,0,0
32,1,1,1,0,95,1,0,2,5,6,77,2,-1,0,3,0,1,2.0,1,0,1
43,1,1,0,0,50,0,0,2,28,8,90,8,-1,0,3,0,1,8.0,1,0,2
53,1,1,1,0,1852,1,0,2,29,8,134,4,-1,0,3,0,1,4.0,1,0,3
58,1,1,0,0,5788,0,0,2,29,8,130,2,-1,0,3,0,1,2.0,1,0,3
31,9,2,1,0,271,1,0,0,5,8,269,1,-1,0,3,0,1,1.0,1,0,1
36,1,2,1,0,2235,1,0,0,20,9,287,2,-1,0,3,0,1,2.0,1,0,1
32,0,1,1,0,0,1,0,0,24,5,151,2,-1,0,3,0,1,2.0,0,0,1
61,5,1,1,0,5207,0,0,0,11,11,336,1,81,2,1,0,0,0.3333333333333333,1,1,4
32,1,1,1,0,180,1,0,0,14,0,179,1,334,1,1,0,0,0.5,1,0,1
26,9,2,1,0,206,0,0,0,29,4,89,1,-1,0,3,0,1,1.0,1,0,0
55,1,1,1,0,0,0,0,2,16,6,73,3,-1,0,3,0,1,3.0,0,0,3
41,4,1,2,0,1559,0,0,0,28,1,74,7,-1,0,3,0,1,7.0,1,0,2
32,0,2,1,0,10218,1,0,0,19,9,149,2,-1,0,3,0,1,2.0,1,0,1
41,2,0,2,0,0,1,0,0,17,9,176,1,-1,0,3,0,1,1.0,0,0,2
59,5,1,1,0,3812,1,0,1,11,5,498,2,-1,0,3,0,1,2.0,1,1,3
34,10,1,2,0,0,0,0,0,8,1,201,6,-1,0,3,0,1,6.0,0,0,1
37,1,1,0,0,89,1,0,2,2,6,51,4,-1,0,3,0,1,4.0,1,0,1
24,0,1,1,0,541,1,0,2,5,6,622,4,-1,0,3,0,1,4.0,1,1,0
41,1,1,0,0,293,1,1,0,7,8,102,1,-1,0,3,0,1,1.0,1,0,2
46,4,1,0,0,357,1,1,2,19,8,221,2,-1,0,3,0,1,2.0,1,0,2
38,9,2,1,0,1685,1,0,2,5,8,185,1,-1,0,3,0,1,1.0,1,0,1
32,1,1,0,0,0,1,0,0,20,0,295,3,335,1,1,0,0,1.5,0,0,1
41,9,1,1,0,4711,1,0,0,20,9,401,2,-1,0,3,0,1,2.0,1,1,2
37,4,1,0,0,4721,0,0,1,28,4,46,1,-1,0,3,0,1,1.0,1,0,1
52,6,1,1,0,273,0,0,2,7,8,227,1,-1,0,3,0,1,1.0,1,0,3
41,4,1,2,0,-195,0,1,0,20,9,112,1,-1,0,3,0,1,1.0,0,0,2
41,4,1,2,0,0,1,0,2,13,8,161,1,-1,0,3,0,1,1.0,0,0,2
32,7,2,1,0,148,1,0,0,18,9,150,1,-1,0,3,0,1,1.0,1,0,1
35,9,1,1,0,257,1,1,0,20,0,307,4,-1,0,3,0,1,4.0,1,1,1
49,9,0,1,0,181,1,0,2,28,8,230,8,-1,0,3,0,1,8.0,1,0,2
48,7,1,1,0,2409,1,0,0,24,5,533,2,-1,0,3,0,1,2.0,1,1,2
30,9,2,1,0,359,1,0,0,7,8,362,1,303,1,0,0,0,0.5,1,1,0
30,4,1,2,0,112,1,0,0,29,4,464,2,258,1,1,0,0,1.0,1,1,0
34,7,1,1,0,142,1,0,2,8,8,159,4,-1,0,3,0,1,4.0,1,0,1
43,1,1,1,0,1109,1,0,2,14,8,160,2,-1,0,3,0,1,2.0,1,0,2
32,4,1,2,0,6138,0,0,0,3,11,251,3,36,11,2,0,0,0.25,1,0,1
31,1,1,1,0,2577,1,0,2,13,8,611,2,-1,0,3,0,1,2.0,1,1,1
34,10,1,1,0,0,1,0,0,13,8,172,1,-1,0,3,0,1,1.0,0,0,1
49,9,1,1,0,4667,1,0,2,19,8,130,2,-1,0,3,0,1,2.0,1,0,2
26,3,2,1,0,229,1,0,2,30,8,60,16,-1,0,3,0,1,16.0,1,0,0
51,1,1,3,0,226,1,0,2,4,6,17,13,-1,0,3,0,1,13.0,1,0,3
33,4,1,2,0,289,0,0,0,23,11,333,1,-1,0,3,0,1,1.0,1,1,1
39,7,1,1,0,1367,1,0,2,9,6,53,4,-1,0,3,0,1,4.0,1,0,1
36,1,0,1,0,64,0,0,0,8,6,143,2,-1,0,3,0,1,2.0,1,0,1
33,9,2,1,0,-32,0,0,0,25,1,196,12,-1,0,3,0,1,12.0,0,0,1
39,0,0,1,0,-328,0,1,0,31,5,16,27,-1,0,3,0,1,27.0,0,0,1
35,9,2,1,0,417,0,0,0,19,1,92,4,-1,0,3,0,1,4.0,1,0,1
35,9,1,1,0,353,0,0,0,28,1,17,9,-1,0,3,0,1,9.0,1,0,1
35,7,1,1,0,0,0,1,1,9,5,42,1,-1,0,3,0,1,1.0,0,0,1
32,4,1,2,0,500,0,0,0,8,1,151,4,-1,0,3,0,1,4.0,1,0,1
38,0,1,1,0,9618,1,0,2,9,6,214,1,-1,0,3,0,1,1.0,1,0,1
42,9,1,1,0,8899,1,0,0,20,9,75,2,-1,0,3,0,1,2.0,1,0,2
31,1,1,1,0,631,1,0,0,20,0,211,2,152,2,0,0,0,0.6666666666666666,1,0,1
46,1,1,1,0,190,0,1,0,10,5,154,1,-1,0,3,0,1,1.0,1,0,2
39,7,1,1,0,1099,0,0,0,29,4,211,2,245,6,0,0,0,0.2857142857142857,1,0,1
36,4,2,2,0,1531,1,0,0,8,8,81,3,170,1,0,0,0,1.5,1,0,1
28,0,1,1,0,-156,1,0,2,6,6,161,5,-1,0,3,0,1,5.0,0,0,0
54,5,1,0,0,0,1,0,0,11,5,159,2,-1,0,3,0,1,2.0,0,0,3
32,9,1,1,0,11697,1,0,2,20,8,296,1,-1,0,3,0,1,1.0,1,0,1
30,9,1,1,0,436,1,0,0,5,3,138,3,206,8,1,0,0,0.3333333333333333,1,0,0
44,4,1,2,0,1858,0,0,0,6,1,113,4,-1,0,3,0,1,4.0,1,0,2
33,9,1,1,0,272,1,0,0,18,5,166,2,-1,0,3,0,1,2.0,1,0,1
34,10,2,2,0,906,1,0,2,27,8,101,3,-1,0,3,0,1,3.0,1,0,1
58,10,0,1,0,7798,0,0,2,18,6,247,5,-1,0,3,0,1,5.0,1,0,3
49,3,1,0,0,3376,0,0,2,9,6,119,3,-1,0,3,0,1,3.0,1,0,2
35,1,1,0,0,77,1,0,2,26,8,282,3,-1,0,3,0,1,3.0,1,0,1
80,3,1,1,0,499,0,0,1,13,0,224,2,393,4,0,0,0,0.4,1,0,4
54,11,1,1,0,1241,0,0,2,16,6,97,6,-1,0,3,0,1,6.0,1,0,3
55,9,0,1,0,217,1,1,0,26,8,176,1,-1,0,3,0,1,1.0,1,0,3
67,5,2,2,0,3377,0,0,1,23,0,77,2,-1,0,3,0,1,2.0,1,0,4
57,7,0,1,0,14,0,1,0,22,5,445,2,-1,0,3,0,1,2.0,1,1,3
30,7,1,2,0,1019,0,0,0,4,3,155,1,234,1,1,0,0,0.5,1,0,0
53,4,1,2,0,761,0,1,0,28,1,85,6,-1,0,3,0,1,6.0,1,0,3
44,4,1,2,0,0,0,0,0,26,1,130,4,-1,0,3,0,1,4.0,0,0,2
26,2,2,1,0,681,0,1,2,27,8,137,1,-1,0,3,0,1,1.0,1,0,0
51,10,1,1,0,17418,1,0,1,30,4,237,2,-1,0,3,0,1,2.0,1,0,3
36,9,1,1,0,930,0,0,0,14,1,175,2,-1,0,3,0,1,2.0,1,0,1
45,1,1,3,0,419,0,0,2,5,6,420,1,-1,0,3,0,1,1.0,1,1,2
36,0,0,2,0,281,0,0,0,30,4,60,2,2,1,1,0,0,1.0,1,0,1
47,1,1,0,0,214,1,1,2,9,6,168,1,-1,0,3,0,1,1.0,1,0,2
26,9,1,1,0,876,1,0,2,28,8,713,1,-1,0,3,0,1,1.0,1,1,0
39,2,1,1,0,156,0,1,2,17,6,76,2,-1,0,3,0,1,2.0,1,0,1
60,4,1,0,0,130,0,0,0,28,4,374,2,-1,0,3,0,1,2.0,1,1,3
48,4,2,2,0,1437,1,1,2,17,6,34,2,-1,0,3,0,1,2.0,1,0,2
42,1,1,3,0,524,0,0,2,17,6,220,1,-1,0,3,0,1,1.0,1,0,2
40,1,1,0,0,1802,1,0,0,17,0,326,1,319,1,0,0,0,0.5,1,1,1
51,1,1,1,0,598,1,0,1,18,5,53,4,-1,0,3,0,1,4.0,1,0,3
29,1,1,1,0,313,1,0,0,20,0,172,2,343,3,1,0,0,0.5,1,0,0
59,3,1,0,0,509,0,1,1,23,5,67,2,-1,0,3,0,1,2.0,1,0,3
31,1,2,1,0,23,0,0,0,21,9,116,1,-1,0,3,0,1,1.0,1,0,1
34,1,1,0,0,567,0,1,0,8,5,241,3,-1,0,3,0,1,3.0,1,0,1
38,1,2,2,0,263,1,0,0,14,5,84,6,-1,0,3,0,1,6.0,1,0,1
28,3,2,2,0,731,1,0,0,6,3,135,2,-1,0,3,0,1,2.0,1,0,0
57,4,1,0,0,6900,0,0,0,21,0,159,2,-1,0,3,0,1,2.0,1,0,3
44,0,1,1,0,1305,0,0,0,30,5,72,4,-1,0,3,0,1,4.0,1,0,2
38,4,1,1,0,0,1,0,2,27,8,233,2,-1,0,3,0,1,2.0,0,0,1
27,4,2,2,0,438,1,0,0,18,8,10,5,-1,0,3,0,1,5.0,1,0,0
40,10,1,0,0,69,0,1,0,4,3,171,1,-1,0,3,0,1,1.0,1,0,1
57,1,1,1,0,75,0,0,0,8,5,157,8,-1,0,3,0,1,8.0,1,0,3
30,9,1,1,0,2278,0,1,1,19,9,47,1,-1,0,3,0,1,1.0,1,0,0
57,4,1,2,0,334,1,0,0,15,8,169,2,365,2,0,0,0,0.6666666666666666,1,0,3
49,9,1,1,0,51,0,0,0,20,1,513,4,-1,0,3,0,1,4.0,1,1,2
58,5,1,1,0,3909,1,0,2,3,6,80,1,-1,0,3,0,1,1.0,1,0,3
38,1,1,0,0,2472,1,0,2,3,6,176,2,-1,0,3,0,1,2.0,1,0,1
38,1,1,0,0,1099,1,0,0,15,8,22,5,-1,0,3,0,1,5.0,1,0,1
53,1,1,0,0,207,0,1,2,4,5,212,1,-1,0,3,0,1,1.0,1,0,3
50,1,1,0,0,157,0,0,0,27,1,50,4,-1,0,3,0,1,4.0,1,0,2
42,1,1,0,0,1017,1,0,2,3,6,11,18,-1,0,3,0,1,18.0,1,0,2
46,10,0,0,0,23,0,0,0,21,9,344,1,-1,0,3,0,1,1.0,1,1,2
33,1,2,1,0,16649,1,0,0,5,3,173,1,-1,0,3,0,1,1.0,1,0,1
44,1,1,0,0,622,1,0,2,21,3,66,1,-1,0,3,0,1,1.0,1,0,2
56,7,0,1,0,72,1,1,0,7,8,263,1,357,4,0,0,0,0.2,1,0,3
27,8,2,1,0,671,1,0,2,7,8,332,2,-1,0,3,0,1,2.0,1,1,0
32,7,2,1,0,48,1,1,0,18,9,132,1,-1,0,3,0,1,1.0,1,0,1
53,1,1,0,0,358,1,0,2,3,6,384,1,-1,0,3,0,1,1.0,1,1,3
58,9,1,3,0,1617,1,0,0,5,3,109,4,274,2,0,0,0,1.3333333333333333,1,0,3
32,1,2,1,0,3,1,0,2,23,8,108,3,-1,0,3,0,1,3.0,1,0,1
34,4,2,2,0,27,0,1,0,22,5,255,1,-1,0,3,0,1,1.0,1,0,1
27,9,1,1,0,-428,0,0,0,7,5,451,1,-1,0,3,0,1,1.0,0,1,0
51,0,2,1,0,3132,0,0,2,13,8,459,1,-1,0,3,0,1,1.0,1,1,3
48,0,0,3,0,-70,0,0,0,14,8,243,1,-1,0,3,0,1,1.0,0,0,2
31,1,2,1,0,616,1,0,1,12,8,185,3,-1,0,3,0,1,3.0,1,0,1
39,7,1,1,0,2,1,0,0,25,5,174,10,-1,0,3,0,1,10.0,1,0,1
33,0,2,1,0,572,1,0,0,30,4,1296,2,-1,0,3,0,1,2.0,1,1,1
82,5,1,2,0,278,0,0,0,16,3,223,7,-1,0,3,0,1,7.0,1,0,4
46,4,0,1,0,10,1,0,0,17,9,273,1,-1,0,3,0,1,1.0,1,0,2
36,4,1,2,0,22,0,0,0,2,10,91,2,-1,0,3,0,1,2.0,1,0,1
32,1,1,0,0,2291,1,1,0,29,4,489,3,182,24,1,0,0,0.12,1,1,1
59,5,0,2,0,4,1,0,2,2,6,517,2,-1,0,3,0,1,2.0,1,1,3
42,1,1,1,0,525,1,0,2,20,6,10,6,-1,0,3,0,1,6.0,1,0,2
25,1,2,0,0,6100,1,0,2,26,6,45,2,-1,0,3,0,1,2.0,1,0,0
29,9,2,1,0,500,1,0,0,14,8,273,3,-1,0,3,0,1,3.0,1,0,0
45,7,1,1,1,144,0,0,0,18,5,95,8,-1,0,3,0,1,8.0,1,0,2
31,7,1,1,0,203,0,0,0,9,5,359,1,-1,0,3,0,1,1.0,1,1,1
32,0,2,1,0,2146,1,0,2,21,8,422,2,-1,0,3,0,1,2.0,1,1,1
33,10,1,2,0,302,1,1,0,16,0,670,1,-1,0,3,0,1,1.0,1,1,1
34,1,1,0,0,373,1,0,0,12,8,481,2,-1,0,3,0,1,2.0,1,1,1
36,0,2,1,0,5871,0,0,0,19,1,321,2,-1,0,3,0,1,2.0,1,1,1
35,0,2,1,0,855,1,0,2,12,8,241,3,-1,0,3,0,1,3.0,1,0,1
77,5,1,2,0,1047,0,0,0,30,6,108,5,-1,0,3,0,1,5.0,1,0,4
43,1,1,1,0,-141,1,1,2,23,8,128,1,-1,0,3,0,1,1.0,0,0,2
51,1,0,0,0,-380,1,0,2,26,8,181,1,-1,0,3,0,1,1.0,0,0,3
42,9,2,1,0,417,0,0,0,21,5,177,1,-1,0,3,0,1,1.0,1,0,2
41,1,1,1,0,290,1,0,2,5,8,240,2,-1,0,3,0,1,2.0,1,0,2
46,9,2,1,0,401,0,0,2,19,1,69,2,-1,0,3,0,1,2.0,1,0,2
42,6,1,1,0,240,1,0,0,4,3,183,1,189,16,1,0,0,0.058823529411764705,1,0,2
35,0,2,1,0,57,1,0,0,18,8,173,1,-1,0,3,0,1,1.0,1,0,1
45,1,1,1,0,-35,1,1,2,20,6,145,24,-1,0,3,0,1,24.0,0,0,2
30,1,2,1,0,3,1,0,0,25,5,51,1,-1,0,3,0,1,1.0,1,0,0
58,0,1,1,0,92,1,0,2,27,8,180,1,-1,0,3,0,1,1.0,1,0,3
52,4,1,2,0,4504,1,0,0,17,9,268,2,-1,0,3,0,1,2.0,1,0,3
52,9,1,1,0,272,0,1,0,17,5,53,1,-1,0,3,0,1,1.0,1,0,3
44,1,1,0,0,1766,1,0,0,20,9,100,1,-1,0,3,0,1,1.0,1,0,2
46,1,1,0,0,2473,0,0,0,4,1,136,3,-1,0,3,0,1,3.0,1,0,2
36,7,1,1,0,488,1,0,0,6,3,220,5,-1,0,3,0,1,5.0,1,0,1
31,4,1,2,0,-235,1,0,0,20,0,546,2,-1,0,3,0,1,2.0,0,1,1
38,9,1,2,0,-1350,1,1,2,28,8,96,4,-1,0,3,0,1,4.0,0,0,1
42,0,1,1,1,-9,0,0,2,20,6,248,1,-1,0,3,0,1,1.0,0,0,2
32,9,1,1,0,1011,0,0,0,28,1,56,10,-1,0,3,0,1,10.0,1,0,1
36,10,1,1,0,439,1,0,1,6,3,18,6,-1,0,3,0,1,6.0,1,0,1
32,9,2,1,0,5,0,0,0,12,1,105,2,-1,0,3,0,1,2.0,1,0,1
33,4,2,0,0,4897,1,0,2,20,8,151,1,-1,0,3,0,1,1.0,1,0,1
38,1,1,1,0,6994,1,0,1,8,0,169,1,139,2,0,0,0,0.3333333333333333,1,0,1
32,1,0,1,0,107,1,1,0,10,5,120,1,-1,0,3,0,1,1.0,1,0,1
30,1,1,1,0,119,1,0,2,30,8,281,2,-1,0,3,0,1,2.0,1,0,0
47,0,1,1,0,328,0,0,0,13,1,260,2,-1,0,3,0,1,2.0,1,0,2
28,9,2,2,0,75,1,1,0,5,8,233,2,-1,0,3,0,1,2.0,1,0,0
38,2,1,1,0,61,1,1,2,28,8,170,5,-1,0,3,0,1,5.0,1,0,1
55,5,1,1,0,1,1,0,1,7,8,79,2,360,6,1,0,0,0.2857142857142857,1,0,3
33,4,2,2,0,136,1,1,2,20,8,347,6,-1,0,3,0,1,6.0,1,1,1
25,9,2,1,0,2704,1,0,2,6,6,63,3,-1,0,3,0,1,3.0,1,0,0
36,4,1,2,0,0,1,0,0,18,9,103,1,175,2,0,0,0,0.3333333333333333,0,0,1
40,6,1,2,0,13669,0,0,0,15,10,138,1,136,8,1,0,0,0.1111111111111111,1,0,1
56,1,1,0,0,8318,1,0,2,16,8,428,2,-1,0,3,0,1,2.0,1,1,3
30,1,1,1,0,187,1,0,2,26,8,272,6,-1,0,3,0,1,6.0,1,0,0
28,1,2,1,0,2806,0,0,0,13,10,285,1,120,1,1,0,0,0.5,1,0,0
32,9,1,2,0,1503,1,1,0,13,8,44,1,278,2,0,0,0,0.3333333333333333,1,0,1
37,9,0,1,0,0,1,0,0,16,5,46,1,-1,0,3,0,1,1.0,0,0,1
33,4,2,2,0,659,1,0,0,19,9,311,1,-1,0,3,0,1,1.0,1,1,1
32,7,2,1,0,746,0,0,0,4,3,305,1,-1,0,3,0,1,1.0,1,1,1
59,9,1,1,0,0,0,0,0,29,1,62,2,-1,0,3,0,1,2.0,0,0,3
41,8,2,1,0,595,1,0,2,18,11,22,1,107,2,2,0,0,0.3333333333333333,1,0,2
29,4,2,2,0,0,1,0,0,13,8,155,1,351,1,0,0,0,0.5,0,0,0
32,9,1,1,0,5626,1,0,0,21,9,131,1,-1,0,3,0,1,1.0,1,0,1
73,5,1,1,0,1292,0,0,0,3,0,420,1,-1,0,3,0,1,1.0,1,1,4
33,9,0,1,0,7,1,1,2,6,8,87,1,-1,0,3,0,1,1.0,1,0,1
26,1,2,1,0,0,1,0,0,28,4,148,2,258,2,0,0,0,0.6666666666666666,0,0,0
38,1,1,1,0,0,0,0,2,20,6,152,5,-1,0,3,0,1,5.0,0,0,1
49,1,1,0,0,937,1,0,2,12,6,66,1,-1,0,3,0,1,1.0,1,0,2
77,5,1,0,0,1492,0,0,1,1,11,663,1,208,2,1,0,0,0.3333333333333333,1,1,4
34,1,1,1,0,457,1,0,2,9,8,266,1,-1,0,3,0,1,1.0,1,0,1
37,0,1,2,0,1995,1,0,0,11,1,48,2,-1,0,3,0,1,2.0,1,0,1
30,6,2,2,0,578,1,0,2,2,6,142,4,-1,0,3,0,1,4.0,1,0,0
44,4,1,3,0,187,1,0,2,7,8,185,1,-1,0,3,0,1,1.0,1,0,2
41,0,1,1,0,4320,1,0,0,18,9,164,1,166,2,0,0,0,0.3333333333333333,1,0,2
29,9,2,1,1,28,1,0,0,18,5,203,1,-1,0,3,0,1,1.0,1,0,0
59,1,1,1,0,13718,0,0,1,7,5,107,6,-1,0,3,0,1,6.0,1,0,3
49,3,1,1,0,3,0,0,0,20,1,118,2,-1,0,3,0,1,2.0,1,0,2
32,9,2,2,0,1212,1,0,2,23,8,463,2,-1,0,3,0,1,2.0,1,1,1
44,1,2,1,0,0,1,0,0,15,0,442,1,-1,0,3,0,1,1.0,0,1,2
31,9,2,1,0,3701,0,0,0,18,1,709,3,-1,0,3,0,1,3.0,1,1,1
30,4,2,2,0,2876,0,0,0,6,1,103,4,-1,0,3,0,1,4.0,1,0,0
29,4,2,2,0,0,1,0,2,28,8,112,7,-1,0,3,0,1,7.0,0,0,0
38,1,2,3,0,1146,1,0,2,16,8,84,1,-1,0,3,0,1,1.0,1,0,1
36,7,2,1,0,511,1,1,0,30,4,706,1,252,1,0,0,0,0.5,1,1,1
43,7,1,1,0,14679,1,0,0,20,9,165,3,-1,0,3,0,1,3.0,1,0,2
34,1,2,1,0,1423,1,0,0,21,9,55,2,-1,0,3,0,1,2.0,1,0,1
32,10,1,2,0,394,1,0,0,14,1,266,2,-1,0,3,0,1,2.0,1,0,1
26,8,2,1,0,2572,1,0,0,5,8,620,1,-1,0,3,0,1,1.0,1,1,0
59,3,1,0,0,116,0,0,0,8,1,129,4,-1,0,3,0,1,4.0,1,0,3
46,9,1,1,0,410,0,1,0,21,9,162,5,-1,0,3,0,1,5.0,1,0,2
45,2,0,1,0,1187,0,1,0,20,9,157,1,-1,0,3,0,1,1.0,1,0,2
49,9,1,1,0,0,0,1,0,8,5,120,3,-1,0,3,0,1,3.0,0,0,2
30,1,2,1,0,-42,0,0,0,7,5,86,2,-1,0,3,0,1,2.0,0,0,0
30,7,0,1,0,704,1,0,0,25,5,524,10,-1,0,3,0,1,10.0,1,1,0
53,0,2,1,0,2398,1,0,0,3,3,108,1,92,1,2,0,0,0.5,1,0,3
55,1,1,1,0,471,1,0,2,30,8,58,2,-1,0,3,0,1,2.0,1,0,3
35,4,0,2,0,3751,1,0,0,16,0,75,2,-1,0,3,0,1,2.0,1,0,1
28,2,1,1,0,422,1,0,2,19,8,394,2,-1,0,3,0,1,2.0,1,1,0
26,1,2,1,0,592,1,1,2,27,8,174,1,-1,0,3,0,1,1.0,1,0,0
49,6,1,1,0,1683,0,0,0,29,1,61,4,-1,0,3,0,1,4.0,1,0,2
30,9,2,2,0,198,1,0,0,16,0,308,1,-1,0,3,0,1,1.0,1,1,0
36,6,1,0,0,2022,0,0,2,19,6,71,2,-1,0,3,0,1,2.0,1,0,1
36,4,2,2,0,3875,1,0,0,11,8,212,1,-1,0,3,0,1,1.0,1,0,1
45,10,1,1,0,56,1,0,0,6,8,195,1,-1,0,3,0,1,1.0,1,0,2
58,7,1,1,0,1905,0,0,0,27,1,202,5,-1,0,3,0,1,5.0,1,0,3
36,9,1,1,0,432,1,0,0,29,1,65,2,-1,0,3,0,1,2.0,1,0,1
40,9,1,1,0,0,0,0,0,15,0,431,2,-1,0,3,0,1,2.0,0,1,1
33,0,1,1,0,-6,1,0,2,7,8,566,2,-1,0,3,0,1,2.0,0,1,1
53,0,1,1,0,-375,1,0,0,30,4,103,1,252,1,0,0,0,0.5,0,0,3
41,4,2,2,0,260,0,0,0,4,1,149,1,-1,0,3,0,1,1.0,1,0,2
44,1,1,0,0,-11,1,0,2,9,8,13,1,-1,0,3,0,1,1.0,0,0,2
58,4,1,2,0,2261,1,0,0,3,6,1361,1,391,1,0,0,0,0.5,1,1,3
48,4,1,1,0,141,0,0,0,14,1,208,8,-1,0,3,0,1,8.0,1,0,2
39,3,1,1,0,0,1,0,0,29,5,218,4,-1,0,3,0,1,4.0,0,0,1
61,5,1,1,0,4248,1,0,2,14,8,71,1,-1,0,3,0,1,1.0,1,0,4
26,4,2,2,0,1274,1,0,0,9,7,101,1,-1,0,3,0,1,1.0,1,0,0
32,9,1,2,0,0,0,1,0,24,5,184,6,-1,0,3,0,1,6.0,0,0,1
42,7,1,3,0,-1085,0,1,0,21,9,45,1,-1,0,3,0,1,1.0,0,0,2
37,4,1,2,0,413,0,0,0,16,10,138,2,-1,0,3,0,1,2.0,1,0,1
46,0,1,1,0,711,0,1,1,28,5,187,11,-1,0,3,0,1,11.0,1,0,2
45,7,1,1,0,0,0,0,0,11,5,106,2,-1,0,3,0,1,2.0,0,0,2
62,5,1,1,0,2917,0,0,0,12,0,147,1,188,1,2,0,0,0.5,1,0,4
28,2,2,2,0,104,0,0,0,30,0,170,1,-1,0,3,0,1,1.0,1,0,0
48,0,0,3,0,244,1,0,2,9,8,280,1,-1,0,3,0,1,1.0,1,0,2
32,10,1,1,0,2400,1,1,0,5,3,450,3,-1,0,3,0,1,3.0,1,1,1
44,1,1,0,0,887,1,0,0,12,8,165,2,363,1,0,0,0,1.0,1,0,2
27,7,2,1,0,-72,1,0,0,5,8,276,1,309,9,0,0,0,0.1,0,0,0
83,3,1,0,0,2140,0,0,0,6,11,109,3,276,8,1,0,0,0.3333333333333333,1,0,4
35,9,0,1,0,3549,1,0,0,13,1,250,4,-1,0,3,0,1,4.0,1,0,1
33,9,1,1,0,480,1,0,0,30,4,272,1,270,1,1,0,0,0.5,1,0,1
60,4,1,2,0,6,1,0,0,6,8,787,3,-1,0,3,0,1,3.0,1,1,3
37,4,1,2,0,387,0,0,0,26,5,128,2,419,1,0,0,0,1.0,1,0,1
28,8,2,1,0,4793,0,0,2,27,8,151,1,-1,0,3,0,1,1.0,1,0,0
38,7,1,1,0,-762,1,1,2,30,8,408,2,-1,0,3,0,1,2.0,0,1,1
26,1,2,1,0,-32,1,1,0,31,5,14,6,-1,0,3,0,1,6.0,0,0,0
31,4,1,2,0,451,1,0,0,5,8,67,1,-1,0,3,0,1,1.0,1,0,1
35,9,1,1,0,374,1,1,1,7,1,72,5,-1,0,3,0,1,5.0,1,0,1
34,9,1,1,0,22,0,0,0,21,1,270,3,-1,0,3,0,1,3.0,1,0,1
32,4,2,2,0,12686,1,0,2,3,6,54,1,-1,0,3,0,1,1.0,1,0,1
29,0,1,1,0,453,1,0,0,17,5,384,4,-1,0,3,0,1,4.0,1,1,0
57,3,1,2,0,3,0,0,0,4,1,142,2,-1,0,3,0,1,2.0,1,0,3
57,5,1,0,0,75,0,0,0,28,1,118,2,-1,0,3,0,1,2.0,1,0,3
54,9,1,1,0,0,0,0,1,16,9,986,1,94,8,0,0,0,0.1111111111111111,0,1,3
35,9,1,1,0,46,0,0,0,8,1,404,4,-1,0,3,0,1,4.0,1,1,1
50,0,1,1,0,-195,0,0,0,22,1,119,4,-1,0,3,0,1,4.0,0,0,2
53,7,1,1,0,1242,0,0,0,11,1,168,2,-1,0,3,0,1,2.0,1,0,3
32,1,2,1,0,782,1,0,0,17,0,517,1,-1,0,3,0,1,1.0,1,1,1
47,7,1,1,0,1764,0,1,0,26,1,119,6,-1,0,3,0,1,6.0,1,0,2
36,7,2,1,0,99,0,0,2,17,6,256,9,-1,0,3,0,1,9.0,1,0,1
40,9,2,0,0,340,1,0,2,29,8,146,1,-1,0,3,0,1,1.0,1,0,1
43,4,2,2,0,359,1,0,1,12,8,899,3,-1,0,3,0,1,3.0,1,1,2
75,5,0,1,0,1092,0,0,1,12,10,250,1,431,2,0,0,0,0.3333333333333333,1,0,4
39,1,1,0,0,157,1,0,0,13,8,290,1,-1,0,3,0,1,1.0,1,0,1
58,5,1,0,0,10628,0,0,0,30,5,189,4,-1,0,3,0,1,4.0,1,0,3
35,4,2,1,0,2383,1,0,0,31,5,67,6,-1,0,3,0,1,6.0,1,0,1
38,0,0,1,0,382,1,0,0,17,0,397,1,-1,0,3,0,1,1.0,1,1,1
24,8,2,1,0,822,0,0,0,28,5,106,2,-1,0,3,0,1,2.0,1,0,0
39,4,1,2,0,1598,1,1,2,27,8,87,3,-1,0,3,0,1,3.0,1,0,1
37,9,1,1,0,135,1,0,0,12,8,268,3,-1,0,3,0,1,3.0,1,0,1
48,10,2,0,0,63,0,0,0,30,5,29,4,-1,0,3,0,1,4.0,1,0,2
69,5,0,1,0,4189,0,0,0,18,10,138,4,96,2,2,0,0,1.3333333333333333,1,0,4
33,0,2,2,0,701,1,0,0,18,8,59,2,-1,0,3,0,1,2.0,1,0,1
48,9,0,1,0,1290,0,0,2,16,6,58,1,-1,0,3,0,1,1.0,1,0,2
57,5,1,0,0,1532,0,0,1,6,3,286,3,-1,0,3,0,1,3.0,1,0,3
39,4,2,2,0,1509,0,0,0,11,9,248,1,-1,0,3,0,1,1.0,1,0,1
33,1,1,1,0,983,0,0,2,8,11,9,1,-1,0,3,0,1,1.0,1,0,1
35,4,1,2,0,1870,1,0,0,24,6,134,1,386,1,0,0,0,0.5,1,0,1
49,9,1,1,0,3466,1,0,0,25,1,161,3,410,2,2,0,0,1.0,1,0,2
59,5,1,0,0,94,0,0,0,12,1,256,2,-1,0,3,0,1,2.0,1,0,3
51,2,1,2,0,-267,1,0,0,9,5,42,1,-1,0,3,0,1,1.0,0,0,3
30,4,1,2,0,86,1,1,0,7,8,255,6,169,3,0,0,0,1.5,1,0,0
32,1,2,0,0,7,1,0,0,13,8,109,1,-1,0,3,0,1,1.0,1,0,1
34,1,1,1,0,199,1,0,2,8,8,627,3,-1,0,3,0,1,3.0,1,1,1
31,6,1,2,0,170,0,1,0,28,5,98,16,-1,0,3,0,1,16.0,1,0,1
37,4,0,2,0,153,1,0,0,30,0,221,1,70,2,1,0,0,0.3333333333333333,1,0,1
32,9,2,1,0,258,0,0,2,3,6,114,3,-1,0,3,0,1,3.0,1,0,1
40,1,1,1,0,1313,0,0,2,14,8,87,1,-1,0,3,0,1,1.0,1,0,1
55,4,0,2,0,347,1,0,0,2,3,115,1,-1,0,3,0,1,1.0,1,0,3
47,0,1,1,0,-245,1,0,2,27,8,145,5,-1,0,3,0,1,5.0,0,0,2
46,9,1,0,0,718,1,0,0,6,3,80,2,268,1,0,0,0,1.0,1,0,2
59,10,0,1,0,2921,0,0,1,3,3,251,1,-1,0,3,0,1,1.0,1,0,3
51,9,2,1,0,0,1,0,2,5,8,364,2,-1,0,3,0,1,2.0,0,1,3
26,10,2,2,0,521,0,0,0,6,3,123,3,-1,0,3,0,1,3.0,1,0,0
35,4,2,2,0,1064,1,0,0,6,3,69,2,261,1,1,0,0,1.0,1,0,1
42,4,1,2,0,877,1,0,2,14,8,238,1,-1,0,3,0,1,1.0,1,0,2
32,9,2,2,0,720,0,0,0,12,1,234,4,-1,0,3,0,1,4.0,1,0,1
31,0,1,1,0,941,1,0,0,8,0,213,4,-1,0,3,0,1,4.0,1,0,1
37,6,0,2,0,60,0,1,2,4,5,426,3,-1,0,3,0,1,3.0,1,1,1
27,4,2,3,0,1029,1,0,2,6,6,71,2,-1,0,3,0,1,2.0,1,0,0
39,0,1,1,0,1408,1,0,0,17,0,306,1,-1,0,3,0,1,1.0,1,1,1
58,1,1,0,0,47,0,0,0,6,1,281,2,-1,0,3,0,1,2.0,1,0,3
33,1,2,1,0,13494,1,0,2,20,6,27,25,-1,0,3,0,1,25.0,1,0,1
48,9,1,1,0,606,1,0,0,19,1,231,4,-1,0,3,0,1,4.0,1,0,2
45,4,0,2,0,6542,1,0,0,13,1,93,4,-1,0,3,0,1,4.0,1,0,2
34,7,2,1,0,-96,1,0,2,2,6,269,3,-1,0,3,0,1,3.0,0,0,1
40,0,2,1,0,877,1,0,0,21,9,12,3,177,6,0,0,0,0.42857142857142855,1,0,1
33,9,1,2,0,525,1,1,2,28,8,139,1,-1,0,3,0,1,1.0,1,0,1
36,4,1,1,0,1160,1,0,0,15,0,56,1,323,3,0,0,0,0.25,1,0,1
50,2,1,2,0,861,0,0,2,9,6,117,1,-1,0,3,0,1,1.0,1,0,2
33,4,1,2,0,4149,0,1,0,18,5,159,2,-1,0,3,0,1,2.0,1,0,1
29,0,2,3,0,175,0,0,2,28,8,597,3,-1,0,3,0,1,3.0,1,1,0
46,1,1,0,0,1291,1,0,0,14,8,142,3,259,17,0,0,0,0.16666666666666666,1,0,2
30,7,2,1,0,-97,1,0,2,4,6,126,2,-1,0,3,0,1,2.0,0,0,0
35,6,1,1,0,0,1,0,1,7,5,126,4,-1,0,3,0,1,4.0,0,0,1
30,7,1,1,0,-43,1,1,0,17,0,79,1,325,2,1,0,0,0.3333333333333333,0,0,0
55,4,1,1,0,190,0,0,2,9,6,271,2,-1,0,3,0,1,2.0,1,0,3
31,9,2,2,0,1214,0,0,0,3,3,39,1,-1,0,3,0,1,1.0,1,0,1
27,9,1,1,0,267,1,0,0,18,8,166,4,-1,0,3,0,1,4.0,1,0,0
34,10,1,1,0,2173,1,1,0,7,8,370,1,-1,0,3,0,1,1.0,1,1,1
40,9,1,2,0,296,0,0,2,19,8,198,1,-1,0,3,0,1,1.0,1,0,1
34,0,1,1,0,95,1,0,0,18,8,114,4,364,22,1,0,0,0.17391304347826086,1,0,1
46,7,0,1,0,2268,1,0,0,13,8,281,3,-1,0,3,0,1,3.0,1,0,2
35,4,1,0,0,-326,1,1,0,20,9,518,2,-1,0,3,0,1,2.0,0,1,1
34,0,2,1,0,3626,1,1,0,20,9,88,2,-1,0,3,0,1,2.0,1,0,1
31,7,1,1,0,520,1,0,2,12,8,123,7,-1,0,3,0,1,7.0,1,0,1
32,1,2,1,0,427,0,0,2,20,11,11,1,-1,0,3,0,1,1.0,1,0,1
56,7,1,1,1,-8,0,0,0,6,1,159,2,-1,0,3,0,1,2.0,0,0,3
29,9,2,1,0,142,1,1,2,20,6,312,2,-1,0,3,0,1,2.0,1,1,0
39,0,1,2,0,1022,1,1,0,28,4,123,2,-1,0,3,0,1,2.0,1,0,1
46,7,1,1,0,2202,1,0,0,29,4,83,2,-1,0,3,0,1,2.0,1,0,2
33,1,0,0,0,636,1,0,0,9,5,211,11,-1,0,3,0,1,11.0,1,0,1
34,1,0,1,0,-294,1,0,2,12,8,163,2,-1,0,3,0,1,2.0,0,0,1
36,4,1,2,0,0,0,0,0,12,1,243,3,-1,0,3,0,1,3.0,0,0,1
43,2,2,1,0,5705,0,1,0,16,5,173,2,-1,0,3,0,1,2.0,1,0,2
36,6,0,1,0,-38,1,0,0,18,9,244,2,-1,0,3,0,1,2.0,0,0,1
48,4,1,1,0,0,0,0,0,19,9,20,4,-1,0,3,0,1,4.0,0,0,2
28,7,2,1,0,60,0,1,0,29,4,248,1,-1,0,3,0,1,1.0,1,0,0
34,4,1,2,0,2611,0,0,0,7,1,235,8,-1,0,3,0,1,8.0,1,0,1
42,0,1,3,0,756,0,0,0,14,10,72,4,160,3,0,0,0,1.0,1,0,2
58,7,0,1,0,183,0,0,0,22,1,167,2,-1,0,3,0,1,2.0,1,0,3
46,9,2,1,1,-1124,1,1,2,9,8,206,2,-1,0,3,0,1,2.0,0,0,2
52,2,2,3,0,0,0,0,2,20,6,9,2,-1,0,3,0,1,2.0,0,0,3
31,0,1,1,0,728,1,1,0,15,8,152,1,352,4,0,0,0,0.2,1,0,1
35,9,2,2,0,1924,1,0,0,20,0,285,1,-1,0,3,0,1,1.0,1,0,1
34,9,1,1,0,650,1,0,2,30,8,184,2,-1,0,3,0,1,2.0,1,0,1
57,4,1,2,0,0,1,0,2,14,8,124,1,-1,0,3,0,1,1.0,0,0,3
32,10,0,0,0,0,0,0,0,15,5,175,4,-1,0,3,0,1,4.0,0,0,1
60,5,0,0,0,2516,0,0,1,4,3,157,1,-1,0,3,0,1,1.0,1,0,3
36,7,1,1,0,417,0,1,1,5,3,11,5,-1,0,3,0,1,5.0,1,0,1
48,1,1,1,0,2054,1,0,0,6,1,127,2,-1,0,3,0,1,2.0,1,0,2
35,10,0,0,0,118,0,0,2,20,6,12,4,-1,0,3,0,1,4.0,1,0,1
32,9,1,2,0,0,0,0,0,22,1,277,3,-1,0,3,0,1,3.0,0,0,1
45,1,1,1,0,333,0,1,0,6,1,166,2,-1,0,3,0,1,2.0,1,0,2
27,2,2,2,0,2159,1,0,0,5,8,1101,1,-1,0,3,0,1,1.0,1,1,0
38,3,1,1,0,1372,1,1,2,15,8,224,1,-1,0,3,0,1,1.0,1,0,1
35,0,0,1,0,869,1,0,2,29,8,173,1,-1,0,3,0,1,1.0,1,0,1
38,9,0,1,0,1,0,1,0,23,5,73,1,-1,0,3,0,1,1.0,1,0,1
31,1,2,0,0,1097,1,0,2,20,8,485,3,-1,0,3,0,1,3.0,1,1,1
27,8,2,1,0,0,0,0,2,8,8,93,2,-1,0,3,0,1,2.0,0,0,0
47,9,0,3,0,442,1,0,0,11,8,85,1,-1,0,3,0,1,1.0,1,0,2
46,9,1,1,0,231,1,0,2,3,6,117,1,-1,0,3,0,1,1.0,1,0,2
58,4,0,2,0,1533,0,0,2,15,8,137,2,-1,0,3,0,1,2.0,1,0,3
31,7,2,1,0,-32,1,0,2,23,8,157,1,-1,0,3,0,1,1.0,0,0,1
28,6,2,2,0,5215,0,0,0,2,6,673,1,-1,0,3,0,1,1.0,1,1,0
33,4,1,2,0,11149,1,0,2,21,8,418,2,-1,0,3,0,1,2.0,1,1,1
38,4,1,1,0,16236,1,0,0,21,9,139,3,-1,0,3,0,1,3.0,1,0,1
51,1,1,0,0,1127,1,0,2,6,8,47,1,-1,0,3,0,1,1.0,1,0,3
41,4,2,1,0,1286,1,0,1,17,9,661,4,-1,0,3,0,1,4.0,1,1,2
31,1,1,1,0,435,1,0,2,21,8,204,1,-1,0,3,0,1,1.0,1,0,1
39,7,1,1,0,87,0,0,0,8,5,114,1,-1,0,3,0,1,1.0,1,0,1
35,0,1,1,0,-312,0,0,0,30,0,116,1,21,1,0,0,0,0.5,0,0,1
31,2,2,2,0,46,1,0,0,5,3,90,1,-1,0,3,0,1,1.0,1,0,1
25,7,2,2,0,130,1,0,0,16,5,49,1,-1,0,3,0,1,1.0,1,0,0
58,9,1,0,0,4015,0,0,2,20,6,106,3,-1,0,3,0,1,3.0,1,0,3
52,10,1,2,0,2133,0,1,0,18,5,90,1,-1,0,3,0,1,1.0,1,0,3
28,8,2,2,0,111,0,0,0,10,7,70,2,-1,0,3,0,1,2.0,1,0,0
54,4,1,3,0,527,1,0,0,30,0,112,1,281,3,0,0,0,0.25,1,0,3
50,7,1,1,0,486,1,0,0,5,1,203,2,-1,0,3,0,1,2.0,1,0,2
38,4,1,2,0,-120,1,0,0,11,8,148,1,367,2,0,0,0,0.3333333333333333,0,0,1
43,7,1,0,0,3,1,0,2,5,8,186,2,-1,0,3,0,1,2.0,1,0,2
37,7,2,1,0,1175,1,0,2,16,6,92,2,-1,0,3,0,1,2.0,1,0,1
36,4,1,1,0,-267,0,0,0,21,5,368,2,-1,0,3,0,1,2.0,0,1,1
42,1,1,0,0,480,1,0,2,6,6,288,12,-1,0,3,0,1,12.0,1,0,2
40,4,1,1,0,363,1,1,0,26,8,135,1,104,2,0,0,0,0.3333333333333333,1,0,1
22,3,2,1,0,650,1,0,2,12,8,181,4,-1,0,3,0,1,4.0,1,0,0
33,9,1,1,0,2099,1,1,2,29,8,42,3,-1,0,3,0,1,3.0,1,0,1
31,9,2,1,0,1771,1,0,2,30,8,81,2,-1,0,3,0,1,2.0,1,0,1
48,4,1,0,0,5348,0,0,2,18,6,105,1,-1,0,3,0,1,1.0,1,0,2
40,6,1,1,0,1893,0,0,0,21,5,78,16,-1,0,3,0,1,16.0,1,0,1
43,2,2,2,0,744,0,1,0,20,9,90,4,114,4,0,0,0,0.8,1,0,2
46,1,2,0,0,3046,1,1,0,18,9,84,1,183,1,1,0,0,0.5,1,0,2
28,8,1,1,0,704,1,1,0,14,8,171,3,-1,0,3,0,1,3.0,1,0,0
56,3,0,2,0,1059,0,1,2,6,6,57,2,-1,0,3,0,1,2.0,1,0,3
32,9,2,1,0,34,0,0,0,22,1,210,2,-1,0,3,0,1,2.0,1,0,1
34,1,2,0,1,81,0,1,0,9,3,44,2,-1,0,3,0,1,2.0,1,0,1
34,4,1,1,0,-311,1,0,2,27,8,305,2,-1,0,3,0,1,2.0,0,1,1
37,1,1,1,0,105,1,0,2,8,8,69,2,-1,0,3,0,1,2.0,1,0,1
30,1,1,0,0,-199,1,1,1,17,5,207,10,-1,0,3,0,1,10.0,0,0,0
32,9,2,2,0,195,1,0,0,22,1,239,2,-1,0,3,0,1,2.0,1,0,1
29,7,2,1,0,9,0,1,0,8,5,202,2,-1,0,3,0,1,2.0,1,0,0
34,0,1,1,0,1651,0,0,0,4,3,246,1,-1,0,3,0,1,1.0,1,0,1
27,4,2,2,0,377,0,0,0,21,1,171,3,91,1,0,0,0,1.5,1,0,0
50,1,1,1,0,1557,1,0,2,7,8,263,6,-1,0,3,0,1,6.0,1,0,2
24,0,2,1,0,1055,0,0,0,21,5,338,1,-1,0,3,0,1,1.0,1,1,0
47,5,1,1,0,2383,0,0,2,9,6,529,1,-1,0,3,0,1,1.0,1,1,2
40,1,2,0,0,45,1,1,0,14,5,106,4,-1,0,3,0,1,4.0,1,0,1
49,9,0,1,0,-53,1,1,2,26,6,253,1,-1,0,3,0,1,1.0,0,0,2
21,10,2,1,0,280,0,0,0,11,1,280,2,-1,0,3,0,1,2.0,1,0,0
25,1,2,1,0,612,1,0,0,21,5,172,4,-1,0,3,0,1,4.0,1,0,0
37,1,1,0,0,27,0,0,2,6,6,80,1,-1,0,3,0,1,1.0,1,0,1
43,0,2,1,0,140,1,0,2,7,8,127,1,-1,0,3,0,1,1.0,1,0,2
57,0,1,0,0,202,1,0,0,20,0,207,1,346,2,0,0,0,0.3333333333333333,1,0,3
38,6,0,2,0,1513,0,0,0,7,8,330,1,342,1,0,0,0,0.5,1,1,1
49,0,1,1,0,326,1,0,2,7,8,99,2,-1,0,3,0,1,2.0,1,0,2
33,4,1,2,0,113,1,0,2,5,6,101,11,-1,0,3,0,1,11.0,1,0,1
36,4,1,2,0,0,1,1,2,3,6,599,3,-1,0,3,0,1,3.0,0,1,1
41,4,1,1,0,1471,1,0,0,18,9,233,2,-1,0,3,0,1,2.0,1,0,2
36,0,0,0,0,227,0,0,0,9,5,185,1,-1,0,3,0,1,1.0,1,0,1
39,2,1,1,0,689,0,0,0,30,5,240,3,-1,0,3,0,1,3.0,1,0,1
57,7,1,0,0,443,0,0,1,17,5,167,1,-1,0,3,0,1,1.0,1,0,3
31,1,2,1,0,1,0,1,0,7,5,174,1,-1,0,3,0,1,1.0,1,0,1
38,9,1,2,0,-267,0,0,0,11,1,220,1,-1,0,3,0,1,1.0,0,0,1
28,6,1,2,0,0,1,0,0,23,5,339,4,-1,0,3,0,1,4.0,0,1,0
22,0,2,2,0,897,1,0,0,4,8,98,4,89,4,2,0,0,0.8,1,0,0
33,1,2,0,0,60,1,0,0,14,8,74,1,290,2,0,0,0,0.3333333333333333,1,0,1
29,8,2,1,0,181,1,0,0,23,5,180,1,-1,0,3,0,1,1.0,1,0,0
58,3,1,2,0,6316,0,0,0,21,9,91,1,-1,0,3,0,1,1.0,1,0,3
32,6,2,2,0,-98,0,1,0,21,9,157,2,-1,0,3,0,1,2.0,0,0,1
58,1,1,1,0,602,1,0,0,13,8,201,1,-1,0,3,0,1,1.0,1,0,3
45,10,2,0,0,8725,0,0,0,8,5,286,2,-1,0,3,0,1,2.0,1,0,2
33,4,2,2,0,2934,0,0,0,30,10,59,1,-1,0,3,0,1,1.0,1,0,1
33,1,1,1,0,64,0,0,2,16,8,239,3,-1,0,3,0,1,3.0,1,0,1
25,4,2,2,0,89,0,0,0,7,11,274,1,-1,0,3,0,1,1.0,1,0,0
29,4,1,2,0,2451,1,0,2,28,8,58,1,-1,0,3,0,1,1.0,1,0,0
52,7,1,1,0,2257,1,0,1,18,9,102,2,188,1,0,0,0,1.0,1,0,3
32,9,0,2,0,75,0,0,0,5,8,104,3,256,9,0,0,0,0.3,1,0,1
29,1,2,1,0,348,1,0,2,9,8,185,2,-1,0,3,0,1,2.0,1,0,0
37,9,0,1,0,0,1,0,0,11,5,283,1,-1,0,3,0,1,1.0,0,0,1
41,9,1,1,0,871,1,0,2,6,8,145,1,-1,0,3,0,1,1.0,1,0,2
44,0,1,1,0,6,0,1,0,21,5,114,2,-1,0,3,0,1,2.0,1,0,2
58,5,1,2,0,0,0,0,0,21,1,138,2,-1,0,3,0,1,2.0,0,0,3
60,5,1,1,0,3570,0,0,1,28,5,112,2,-1,0,3,0,1,2.0,1,0,3
56,1,1,1,0,876,1,0,1,18,8,93,2,-1,0,3,0,1,2.0,1,0,3
42,10,0,1,0,193,1,0,2,26,8,262,1,-1,0,3,0,1,1.0,1,0,2
44,4,0,2,0,-90,1,0,0,21,5,472,1,-1,0,3,0,1,1.0,0,1,2
49,10,1,0,0,126,1,0,0,19,9,184,2,-1,0,3,0,1,2.0,1,0,2
32,0,2,1,0,289,0,0,2,15,8,255,12,-1,0,3,0,1,12.0,1,0,1
56,5,0,0,0,48,1,0,0,14,8,132,2,-1,0,3,0,1,2.0,1,0,3
29,9,1,0,0,95,1,0,0,21,5,255,1,-1,0,3,0,1,1.0,1,0,0
33,9,0,1,1,6,0,0,0,22,1,239,2,-1,0,3,0,1,2.0,1,0,1
33,4,2,2,1,-5,0,0,0,18,1,127,4,-1,0,3,0,1,4.0,0,0,1
45,1,1,1,0,0,0,0,0,30,5,25,2,-1,0,3,0,1,2.0,0,0,2
58,9,1,3,0,71,1,0,2,5,8,71,1,-1,0,3,0,1,1.0,1,0,3
37,0,2,1,0,1113,1,0,2,9,8,237,1,-1,0,3,0,1,1.0,1,0,1
39,9,1,1,0,994,0,0,0,5,3,221,1,241,1,0,0,0,0.5,1,0,1
38,10,1,0,0,-363,0,0,2,12,6,340,2,-1,0,3,0,1,2.0,0,1,1
37,6,0,1,0,231,0,0,2,6,6,250,1,-1,0,3,0,1,1.0,1,0,1
31,9,1,1,0,17,1,0,0,28,5,266,3,-1,0,3,0,1,3.0,1,0,1
33,9,1,2,0,326,1,0,0,17,9,238,1,-1,0,3,0,1,1.0,1,0,1
31,1,1,1,0,799,1,0,0,21,5,181,1,-1,0,3,0,1,1.0,1,0,1
33,0,2,2,0,280,0,0,0,12,9,189,2,-1,0,3,0,1,2.0,1,0,1
36,9,2,2,0,4644,0,0,0,26,1,29,12,-1,0,3,0,1,12.0,1,0,1
35,0,2,1,0,289,1,0,0,28,5,48,10,-1,0,3,0,1,10.0,1,0,1
52,4,1,2,0,-11,1,0,0,11,8,94,4,-1,0,3,0,1,4.0,0,0,3
55,11,1,3,0,666,0,0,2,15,8,73,5,-1,0,3,0,1,5.0,1,0,3
45,0,1,1,0,251,1,0,0,19,1,102,2,-1,0,3,0,1,2.0,1,0,2
50,1,1,0,0,8139,1,0,0,18,1,256,6,-1,0,3,0,1,6.0,1,0,2
42,10,1,1,0,0,1,0,2,20,6,158,1,-1,0,3,0,1,1.0,0,0,2
34,4,1,1,0,333,0,0,0,26,1,90,4,-1,0,3,0,1,4.0,1,0,1
33,10,2,2,0,850,0,0,0,4,8,324,3,-1,0,3,0,1,3.0,1,1,1
46,9,1,1,0,292,0,1,0,28,1,7,13,-1,0,3,0,1,13.0,1,0,2
31,4,1,2,0,1260,0,1,2,21,8,93,1,-1,0,3,0,1,1.0,1,0,1
54,7,1,1,0,841,1,0,2,8,8,284,4,-1,0,3,0,1,4.0,1,0,3
39,4,1,1,0,0,1,0,0,27,1,63,3,-1,0,3,0,1,3.0,0,0,1
27,0,2,1,0,4590,1,0,0,13,1,75,1,442,2,0,0,0,0.3333333333333333,1,0,0
41,0,1,1,0,239,1,0,0,28,5,76,12,-1,0,3,0,1,12.0,1,0,2
32,7,0,1,0,453,1,0,0,17,0,329,1,150,2,0,0,0,0.3333333333333333,1,1,1
37,9,2,2,0,487,0,1,2,4,5,30,2,-1,0,3,0,1,2.0,1,0,1
35,0,2,1,0,1016,0,1,0,5,3,418,2,-1,0,3,0,1,2.0,1,1,1
30,9,0,2,0,-317,1,0,2,7,8,381,2,-1,0,3,0,1,2.0,0,1,0
51,9,1,1,0,-396,1,0,0,29,5,179,6,-1,0,3,0,1,6.0,0,0,3
41,9,1,3,0,254,1,0,2,8,8,690,1,-1,0,3,0,1,1.0,1,1,2
34,9,1,1,0,427,0,0,0,3,3,192,1,-1,0,3,0,1,1.0,1,0,1
58,5,1,1,0,5435,1,0,2,6,8,118,1,-1,0,3,0,1,1.0,1,0,3
28,4,1,2,0,17,1,0,0,11,5,16,2,-1,0,3,0,1,2.0,1,0,0
32,0,1,1,0,-4,0,0,0,8,8,47,5,-1,0,3,0,1,5.0,0,0,1
56,5,1,2,0,839,0,1,0,18,9,630,1,187,2,1,0,0,0.3333333333333333,1,1,3
30,9,1,1,0,3123,1,0,0,15,8,49,2,333,5,1,0,0,0.3333333333333333,1,0,0
27,1,1,1,0,1341,1,1,2,30,8,254,2,-1,0,3,0,1,2.0,1,0,0
37,9,2,1,0,-272,0,1,0,20,9,104,3,139,6,0,0,0,0.42857142857142855,0,0,1
49,1,1,1,0,171,0,0,1,5,3,260,6,-1,0,3,0,1,6.0,1,0,2
59,4,1,2,0,123,1,0,0,30,5,70,6,-1,0,3,0,1,6.0,1,0,3
41,1,1,1,0,1334,1,0,0,20,0,234,5,-1,0,3,0,1,5.0,1,0,2
47,10,1,0,0,3723,0,0,0,21,9,108,1,-1,0,3,0,1,1.0,1,0,2
26,1,2,1,0,384,1,0,0,18,8,16,1,364,2,1,0,0,0.3333333333333333,1,0,0
47,6,1,2,0,751,0,0,0,24,5,408,14,-1,0,3,0,1,14.0,1,1,2
43,9,2,2,0,58,0,0,0,22,1,97,2,-1,0,3,0,1,2.0,1,0,2
53,1,1,1,0,66,0,0,2,6,6,360,2,-1,0,3,0,1,2.0,1,1,3
36,1,1,1,0,753,1,0,2,12,6,351,1,-1,0,3,0,1,1.0,1,1,1
56,5,1,1,0,0,0,1,0,7,1,110,4,-1,0,3,0,1,4.0,0,0,3
48,1,1,0,0,147,0,0,0,19,1,158,8,-1,0,3,0,1,8.0,1,0,2
32,3,0,1,0,-613,1,0,0,15,0,266,2,-1,0,3,0,1,2.0,0,0,1
39,0,1,1,0,6421,0,1,2,20,8,661,1,-1,0,3,0,1,1.0,1,1,1
35,4,1,1,0,616,0,1,0,7,1,92,2,-1,0,3,0,1,2.0,1,0,1
46,1,1,1,0,-396,0,1,0,4,1,115,1,-1,0,3,0,1,1.0,0,0,2
32,4,2,2,0,14,0,1,0,21,5,53,1,-1,0,3,0,1,1.0,1,0,1
32,7,1,1,0,1844,1,1,0,3,3,158,4,201,6,0,0,0,0.5714285714285714,1,0,1
40,9,2,1,0,153,0,0,0,7,1,125,2,-1,0,3,0,1,2.0,1,0,1
52,9,1,3,0,989,0,0,0,5,1,88,1,-1,0,3,0,1,1.0,1,0,3
53,1,1,1,0,143,1,0,0,7,5,122,5,-1,0,3,0,1,5.0,1,0,3
32,1,1,1,0,2549,1,0,2,23,8,246,3,-1,0,3,0,1,3.0,1,0,1
23,1,2,1,0,1105,1,0,0,14,8,377,1,-1,0,3,0,1,1.0,1,1,0
31,4,2,2,0,33,0,0,0,19,1,158,2,-1,0,3,0,1,2.0,1,0,1
47,1,1,0,0,1756,1,0,2,16,8,207,1,-1,0,3,0,1,1.0,1,0,2
40,10,2,1,0,11,1,0,2,6,8,43,1,-1,0,3,0,1,1.0,1,0,1
32,0,0,2,0,-2,1,0,0,6,8,103,3,168,1,0,0,0,1.5,0,0,1
32,1,1,0,0,-105,1,1,1,31,5,454,19,-1,0,3,0,1,19.0,0,1,1
25,9,2,1,0,886,0,0,0,12,1,121,1,-1,0,3,0,1,1.0,1,0,0
36,7,0,1,0,1594,0,0,2,6,6,250,3,-1,0,3,0,1,3.0,1,0,1
45,9,1,1,0,351,1,0,1,29,1,18,2,-1,0,3,0,1,2.0,1,0,2
38,4,1,2,0,0,1,0,0,4,3,138,1,-1,0,3,0,1,1.0,0,0,1
35,1,1,0,0,793,1,0,0,17,0,106,1,-1,0,3,0,1,1.0,1,0,1
27,7,2,1,0,167,0,1,0,8,5,606,2,-1,0,3,0,1,2.0,1,1,0
36,4,1,2,0,-26,0,0,0,17,0,214,2,-1,0,3,0,1,2.0,0,0,1
59,5,1,1,0,1080,0,0,0,21,0,645,2,-1,0,3,0,1,2.0,1,1,3
46,9,0,3,0,103,0,0,2,19,8,158,5,-1,0,3,0,1,5.0,1,0,2
28,1,1,0,0,5542,1,0,0,16,0,404,1,-1,0,3,0,1,1.0,1,1,0
27,3,1,0,0,3,1,1,0,30,5,64,4,-1,0,3,0,1,4.0,1,0,0
36,9,2,2,0,46,1,0,0,6,1,459,3,-1,0,3,0,1,3.0,1,1,1
37,4,1,1,0,859,0,0,0,28,1,246,15,-1,0,3,0,1,15.0,1,0,1
25,9,2,2,0,1693,0,0,0,5,6,96,2,-1,0,3,0,1,2.0,1,0,0
42,3,1,0,0,1371,0,0,2,18,6,125,8,-1,0,3,0,1,8.0,1,0,2
60,5,1,0,0,8025,0,0,0,28,4,194,1,-1,0,3,0,1,1.0,1,0,3
34,7,1,1,0,-62,1,0,2,16,6,109,3,-1,0,3,0,1,3.0,0,0,1
55,4,0,0,0,3629,1,0,2,30,8,87,1,-1,0,3,0,1,1.0,1,0,3
34,1,1,1,0,223,1,0,2,21,8,91,3,-1,0,3,0,1,3.0,1,0,1
42,9,1,1,0,0,1,0,2,14,8,833,1,-1,0,3,0,1,1.0,0,1,2
32,1,1,1,0,119,0,0,0,4,8,20,5,-1,0,3,0,1,5.0,1,0,1
22,8,2,1,0,330,1,0,0,18,8,105,1,-1,0,3,0,1,1.0,1,0,0
32,7,0,1,0,453,1,0,0,18,9,331,2,-1,0,3,0,1,2.0,1,1,1
46,0,1,1,0,44,0,0,0,6,1,175,2,-1,0,3,0,1,2.0,1,0,2
30,4,2,2,0,344,0,0,0,8,1,179,3,-1,0,3,0,1,3.0,1,0,0
26,9,2,2,0,291,0,1,0,8,5,393,1,-1,0,3,0,1,1.0,1,1,0
29,1,2,1,0,114,1,0,0,6,8,500,1,-1,0,3,0,1,1.0,1,1,0
48,6,1,2,0,929,0,0,0,29,4,223,1,-1,0,3,0,1,1.0,1,0,2
59,5,1,1,0,3,0,0,2,17,6,1199,2,-1,0,3,0,1,2.0,1,1,3
31,2,0,2,0,2,0,1,0,7,5,53,1,-1,0,3,0,1,1.0,1,0,1
35,9,1,1,0,2,0,0,1,28,4,653,3,-1,0,3,0,1,3.0,1,1,1
43,1,0,0,0,515,1,0,0,13,0,199,2,146,1,0,0,0,1.0,1,0,2
38,7,0,1,0,5873,0,0,2,8,8,191,2,-1,0,3,0,1,2.0,1,0,1
52,1,1,0,0,4660,0,0,0,18,1,82,3,-1,0,3,0,1,3.0,1,0,3
33,4,0,2,0,1,1,0,0,5,3,26,8,267,1,1,0,0,4.0,1,0,1
36,9,1,1,0,483,1,0,0,11,8,179,1,304,2,0,0,0,0.3333333333333333,1,0,1
26,8,2,3,0,826,0,0,0,29,4,177,1,-1,0,3,0,1,1.0,1,0,0
47,9,0,2,0,8422,0,0,0,8,1,200,4,-1,0,3,0,1,4.0,1,0,2
36,1,1,1,0,779,1,0,0,14,8,172,1,-1,0,3,0,1,1.0,1,0,1
46,9,1,1,0,416,1,1,0,23,5,361,3,-1,0,3,0,1,3.0,1,1,2
39,7,1,1,0,124,1,0,0,31,5,81,5,-1,0,3,0,1,5.0,1,0,1
35,10,2,1,0,0,0,0,0,31,5,299,3,-1,0,3,0,1,3.0,0,0,1
43,9,1,1,0,7876,1,0,0,11,1,209,2,-1,0,3,0,1,2.0,1,0,2
43,10,1,1,0,210,1,0,2,12,8,88,5,-1,0,3,0,1,5.0,1,0,2
38,9,1,1,0,414,1,0,0,5,8,147,1,-1,0,3,0,1,1.0,1,0,1
30,10,2,2,0,1622,0,0,0,19,9,242,1,-1,0,3,0,1,1.0,1,0,0
43,1,1,1,1,-7,0,0,2,8,8,70,1,-1,0,3,0,1,1.0,0,0,2
37,1,1,1,0,421,0,1,2,30,8,381,2,-1,0,3,0,1,2.0,1,1,1
40,4,1,0,0,733,1,0,2,6,6,94,7,-1,0,3,0,1,7.0,1,0,1
49,4,0,2,0,2564,1,0,0,31,5,744,8,-1,0,3,0,1,8.0,1,1,2
38,4,2,2,0,427,1,0,0,18,9,253,1,182,1,0,0,0,0.5,1,0,1
42,1,1,1,0,30,0,0,2,8,8,366,2,-1,0,3,0,1,2.0,1,1,2
58,7,1,1,0,382,0,0,0,26,1,384,4,-1,0,3,0,1,4.0,1,1,3
43,9,0,1,0,1648,0,0,0,17,9,80,1,-1,0,3,0,1,1.0,1,0,2
54,4,2,2,0,2081,0,0,0,15,6,147,1,-1,0,3,0,1,1.0,1,0,3
32,7,2,1,0,1364,1,1,2,17,6,85,5,-1,0,3,0,1,5.0,1,0,1
42,10,2,1,0,714,0,0,0,31,5,145,4,-1,0,3,0,1,4.0,1,0,2
32,7,1,1,0,243,1,1,2,6,8,144,1,-1,0,3,0,1,1.0,1,0,1
60,0,0,1,0,4519,0,0,0,4,8,136,1,91,1,0,0,0,0.5,1,0,3
43,1,1,0,0,25,1,0,0,19,9,70,1,-1,0,3,0,1,1.0,1,0,2
37,4,1,2,0,489,1,1,0,20,0,12,2,-1,0,3,0,1,2.0,1,0,1
37,4,0,2,0,42,1,0,2,7,8,564,3,-1,0,3,0,1,3.0,1,1,1
28,4,1,1,0,466,1,0,0,25,8,123,2,-1,0,3,0,1,2.0,1,0,0
58,2,1,0,0,1657,0,0,2,6,6,172,2,-1,0,3,0,1,2.0,1,0,3
37,4,1,2,0,1170,0,1,2,17,6,153,3,-1,0,3,0,1,3.0,1,0,1
32,7,0,1,0,4612,1,0,0,24,5,937,4,-1,0,3,0,1,4.0,1,1,1
43,0,2,1,0,250,1,0,0,4,3,390,2,-1,0,3,0,1,2.0,1,1,2
30,4,2,2,0,409,0,0,0,3,3,31,6,-1,0,3,0,1,6.0,1,0,0
45,10,0,1,0,728,1,1,0,6,8,156,2,169,1,0,0,0,1.0,1,0,2
27,6,2,2,0,168,0,0,0,13,8,271,1,182,2,2,0,0,0.3333333333333333,1,0,0
57,9,1,2,0,0,0,0,0,21,1,242,5,-1,0,3,0,1,5.0,0,0,3
51,9,1,3,0,425,1,0,2,19,8,124,3,-1,0,3,0,1,3.0,1,0,3
34,4,1,2,0,436,0,1,0,28,5,118,4,-1,0,3,0,1,4.0,1,0,1
32,9,1,1,0,6172,1,0,0,4,3,93,1,-1,0,3,0,1,1.0,1,0,1
36,4,0,2,0,276,1,0,0,22,1,131,2,-1,0,3,0,1,2.0,1,0,1
31,1,1,1,0,1358,1,0,2,2,6,527,1,-1,0,3,0,1,1.0,1,1,1
41,9,1,1,0,767,1,1,2,6,8,204,1,-1,0,3,0,1,1.0,1,0,2
26,0,2,1,0,1375,1,0,0,17,0,238,2,-1,0,3,0,1,2.0,1,0,0
35,3,2,2,0,608,1,1,2,2,6,227,1,-1,0,3,0,1,1.0,1,0,1
46,4,1,2,0,1217,1,0,0,5,8,83,9,168,2,1,0,0,3.0,1,0,2
27,9,1,2,0,13,1,0,1,6,3,24,5,-1,0,3,0,1,5.0,1,0,0
31,7,2,2,0,620,0,0,0,11,1,153,1,103,2,0,0,0,0.3333333333333333,1,0,1
29,9,1,1,0,1599,1,0,0,8,8,36,1,-1,0,3,0,1,1.0,1,0,0
34,9,0,1,0,675,0,0,0,25,5,81,2,-1,0,3,0,1,2.0,1,0,1
40,2,1,0,0,4674,0,0,2,5,6,160,2,-1,0,3,0,1,2.0,1,0,1
28,0,2,1,0,697,1,0,0,7,8,404,2,-1,0,3,0,1,2.0,1,1,0
54,5,0,2,0,349,1,0,0,18,9,257,1,-1,0,3,0,1,1.0,1,0,3
58,3,1,0,0,0,0,0,2,18,6,37,1,-1,0,3,0,1,1.0,0,0,3
35,9,2,1,0,4645,1,0,0,11,4,502,3,270,40,1,0,0,0.07317073170731707,1,1,1
40,10,1,2,0,2135,1,0,2,20,6,95,1,-1,0,3,0,1,1.0,1,0,1
50,0,1,1,0,0,1,1,2,26,6,626,2,-1,0,3,0,1,2.0,0,1,2
53,4,0,2,0,195,1,0,2,29,8,217,1,-1,0,3,0,1,1.0,1,0,3
39,1,1,1,0,161,1,0,0,18,8,98,2,-1,0,3,0,1,2.0,1,0,1
41,0,0,2,0,861,1,0,0,31,5,108,13,-1,0,3,0,1,13.0,1,0,2
32,9,1,1,0,106,0,0,0,9,3,12,8,174,9,1,0,0,0.8,1,0,1
32,9,2,1,0,26,0,1,0,25,5,110,1,-1,0,3,0,1,1.0,1,0,1
30,8,2,2,0,300,0,0,0,6,3,38,1,-1,0,3,0,1,1.0,1,0,0
39,1,1,1,0,1165,1,0,0,20,0,354,1,-1,0,3,0,1,1.0,1,1,1
47,7,0,1,0,287,0,0,2,20,6,63,1,-1,0,3,0,1,1.0,1,0,2
51,0,1,1,0,1535,0,0,0,12,1,359,2,-1,0,3,0,1,2.0,1,1,3
63,5,1,1,0,2716,0,0,0,25,4,205,1,-1,0,3,0,1,1.0,1,0,4
48,9,1,1,0,71,0,0,2,20,6,524,4,-1,0,3,0,1,4.0,1,1,2
41,9,0,1,0,1631,1,0,0,12,1,173,2,-1,0,3,0,1,2.0,1,0,2
45,1,1,1,0,0,1,0,2,26,8,112,2,-1,0,3,0,1,2.0,0,0,2
30,9,2,2,0,10,0,0,0,26,1,276,8,-1,0,3,0,1,8.0,1,0,0
66,5,2,2,0,0,0,0,0,12,10,79,2,-1,0,3,0,1,2.0,0,0,4
41,3,0,0,0,9059,0,0,2,6,6,113,1,-1,0,3,0,1,1.0,1,0,2
37,2,2,2,0,-274,1,1,2,27,8,237,2,-1,0,3,0,1,2.0,0,0,1
31,7,1,1,0,1801,1,0,1,6,3,136,1,274,2,0,0,0,0.3333333333333333,1,0,1
35,7,0,1,0,-718,1,0,0,21,9,47,1,-1,0,3,0,1,1.0,0,0,1
43,0,0,2,0,1440,1,1,0,21,9,149,1,175,1,0,0,0,0.5,1,0,2
48,1,1,1,0,917,1,0,0,28,5,103,5,-1,0,3,0,1,5.0,1,0,2
57,5,1,0,0,37,0,0,2,25,6,259,2,-1,0,3,0,1,2.0,1,0,3
35,9,1,1,0,55,1,0,2,9,8,79,4,-1,0,3,0,1,4.0,1,0,1
49,4,1,1,0,0,0,0,2,9,6,156,2,-1,0,3,0,1,2.0,0,0,2
30,1,1,1,0,5143,1,1,2,20,8,236,2,-1,0,3,0,1,2.0,1,0,0
42,9,1,2,0,2106,1,1,2,14,8,162,2,-1,0,3,0,1,2.0,1,0,2
42,6,1,2,0,5,1,0,2,13,8,853,1,-1,0,3,0,1,1.0,1,1,2
35,0,2,1,0,-67,0,1,0,21,5,84,1,-1,0,3,0,1,1.0,0,0,1
39,7,1,1,0,1438,1,0,2,20,8,212,2,-1,0,3,0,1,2.0,1,0,1
51,2,1,1,1,-2082,0,1,0,28,5,123,6,-1,0,3,0,1,6.0,0,0,3
45,1,1,1,0,39,0,0,2,6,8,241,1,-1,0,3,0,1,1.0,1,0,2
38,1,1,1,0,1116,0,0,2,9,6,80,3,-1,0,3,0,1,3.0,1,0,1
31,0,1,1,0,1331,1,0,0,11,8,927,2,-1,0,3,0,1,2.0,1,1,1
28,0,2,1,0,520,1,0,0,15,6,29,1,-1,0,3,0,1,1.0,1,0,0
31,10,2,2,0,133,1,0,2,9,8,480,2,-1,0,3,0,1,2.0,1,1,1
46,4,1,2,0,229,1,0,2,5,8,197,1,-1,0,3,0,1,1.0,1,0,2
43,4,0,2,0,0,1,0,0,21,5,111,1,-1,0,3,0,1,1.0,0,0,2
33,1,2,0,0,405,1,0,0,14,8,99,4,353,1,0,0,0,2.0,1,0,1
38,7,1,3,0,4644,1,0,1,18,9,55,2,-1,0,3,0,1,2.0,1,0,1
35,4,1,2,0,376,0,0,0,19,9,223,4,-1,0,3,0,1,4.0,1,0,1
48,0,2,1,0,0,1,1,0,8,5,72,1,-1,0,3,0,1,1.0,0,0,2
53,3,1,0,0,5098,1,0,2,6,6,155,3,-1,0,3,0,1,3.0,1,0,3
52,9,0,1,0,5102,0,0,0,8,1,117,2,-1,0,3,0,1,2.0,1,0,3
33,10,1,2,0,3335,0,0,0,15,6,92,1,301,6,0,0,0,0.14285714285714285,1,0,1
42,1,1,0,0,1398,0,0,1,14,8,36,6,-1,0,3,0,1,6.0,1,0,2
33,9,1,1,0,1844,1,1,0,18,8,380,1,-1,0,3,0,1,1.0,1,1,1
46,10,0,1,0,41,1,0,2,12,8,249,4,-1,0,3,0,1,4.0,1,0,2
28,1,2,1,0,339,1,0,0,10,5,353,1,-1,0,3,0,1,1.0,1,1,0
33,0,0,0,0,1416,1,0,2,2,6,239,4,-1,0,3,0,1,4.0,1,0,1
61,3,1,2,0,1389,0,0,0,8,10,92,3,183,1,0,0,0,1.5,1,0,4
54,4,1,2,0,1331,0,0,0,25,1,240,9,-1,0,3,0,1,9.0,1,0,3
22,7,2,1,0,395,1,0,2,13,8,70,1,-1,0,3,0,1,1.0,1,0,0
35,2,0,1,0,-69,1,0,2,5,8,300,1,-1,0,3,0,1,1.0,0,0,1
69,3,1,0,0,1080,0,0,0,18,1,197,2,118,2,0,0,0,0.6666666666666666,1,0,4
41,1,1,1,0,2717,1,1,0,24,5,559,2,-1,0,3,0,1,2.0,1,1,2
32,0,2,2,0,1583,1,0,0,19,9,100,1,182,1,0,0,0,0.5,1,0,1
37,4,1,2,0,1698,1,0,2,6,6,95,2,-1,0,3,0,1,2.0,1,0,1
32,4,1,2,0,578,0,1,0,22,5,29,2,-1,0,3,0,1,2.0,1,0,1
30,0,1,1,0,692,1,0,0,11,8,290,1,-1,0,3,0,1,1.0,1,0,0
32,3,1,1,0,30,1,0,0,17,0,245,5,-1,0,3,0,1,5.0,1,0,1
35,0,1,1,0,2137,1,0,2,20,8,124,1,-1,0,3,0,1,1.0,1,0,1
39,1,2,1,1,0,1,1,0,6,3,14,8,-1,0,3,0,1,8.0,0,0,1
30,1,1,0,0,124,1,0,2,15,8,126,4,-1,0,3,0,1,4.0,1,0,0
26,7,1,1,0,549,0,0,2,3,5,149,1,-1,0,3,0,1,1.0,1,0,0
48,2,1,1,0,2247,1,0,2,2,6,60,9,-1,0,3,0,1,9.0,1,0,2
51,1,1,0,0,565,1,1,0,5,8,157,7,250,3,0,0,0,1.75,1,0,3
58,6,0,1,0,613,1,0,2,8,8,154,2,-1,0,3,0,1,2.0,1,0,3
34,1,2,1,0,68,1,0,2,30,8,192,6,-1,0,3,0,1,6.0,1,0,1
24,1,1,1,0,237,1,0,2,12,8,200,2,-1,0,3,0,1,2.0,1,0,0
26,1,1,0,0,399,1,0,0,22,5,1288,2,-1,0,3,0,1,2.0,1,1,0
31,1,1,1,0,714,1,0,2,23,8,254,1,-1,0,3,0,1,1.0,1,0,1
41,7,0,1,1,-198,0,1,2,14,8,133,1,-1,0,3,0,1,1.0,0,0,2
51,6,0,1,0,1291,1,0,2,3,6,51,2,-1,0,3,0,1,2.0,1,0,3
37,1,1,1,0,103,1,0,0,12,8,153,1,-1,0,3,0,1,1.0,1,0,1
36,4,1,1,0,3,0,0,0,14,1,250,2,-1,0,3,0,1,2.0,1,0,1
37,1,2,1,0,115,1,0,2,12,8,74,1,-1,0,3,0,1,1.0,1,0,1
27,8,2,2,0,24025,0,0,0,21,10,99,1,-1,0,3,0,1,1.0,1,0,0
38,7,1,1,0,780,1,0,0,13,8,262,1,343,5,0,0,0,0.16666666666666666,1,0,1
39,0,0,2,0,1176,0,0,0,22,3,327,1,-1,0,3,0,1,1.0,1,1,1
45,4,1,0,0,2690,0,0,1,29,5,145,4,-1,0,3,0,1,4.0,1,0,2
48,5,2,0,0,119,0,1,0,16,5,177,1,-1,0,3,0,1,1.0,1,0,2
27,1,2,0,0,409,1,0,0,18,8,276,4,301,2,2,0,0,1.3333333333333333,1,0,0
35,1,2,1,0,68,1,0,0,12,8,334,1,347,6,0,0,0,0.14285714285714285,1,1,1
24,8,2,1,0,2726,1,0,2,4,6,283,1,-1,0,3,0,1,1.0,1,0,0
53,4,1,2,0,2578,0,0,0,4,1,958,2,-1,0,3,0,1,2.0,1,1,3
28,9,2,2,0,4513,1,0,2,27,8,167,3,-1,0,3,0,1,3.0,1,0,0
58,4,1,2,0,0,0,0,0,31,5,85,4,-1,0,3,0,1,4.0,0,0,3
40,0,2,1,0,-109,1,1,2,6,8,170,1,-1,0,3,0,1,1.0,0,0,1
52,9,0,1,0,2816,0,0,2,20,6,492,3,-1,0,3,0,1,3.0,1,1,3
42,9,1,1,0,769,0,0,0,6,3,187,2,246,1,0,0,0,1.0,1,0,2
45,1,1,0,0,675,1,0,0,20,0,890,2,-1,0,3,0,1,2.0,1,1,2
30,1,1,1,0,1131,1,1,2,27,6,148,5,-1,0,3,0,1,5.0,1,0,0
32,1,1,0,0,158,1,0,2,16,8,84,4,-1,0,3,0,1,4.0,1,0,1
55,0,1,1,0,865,1,0,0,8,5,105,1,82,2,0,0,0,0.3333333333333333,1,0,3
36,4,1,2,0,618,0,0,0,3,3,280,2,-1,0,3,0,1,2.0,1,0,1
58,5,1,1,0,-324,1,0,0,7,8,229,2,-1,0,3,0,1,2.0,0,0,3
45,4,1,2,1,-577,1,1,0,24,5,204,1,-1,0,3,0,1,1.0,0,0,2
31,6,1,1,0,581,1,0,0,13,10,845,1,152,6,0,0,0,0.14285714285714285,1,1,1
46,1,1,0,0,642,0,0,2,12,6,110,4,-1,0,3,0,1,4.0,1,0,2
31,1,1,0,0,81,1,0,2,13,8,245,4,-1,0,3,0,1,4.0,1,0,1
50,4,1,3,0,8345,0,0,2,11,6,561,1,-1,0,3,0,1,1.0,1,1,2
68,5,1,3,0,3701,0,0,1,8,6,149,1,-1,0,3,0,1,1.0,1,0,4
31,1,1,0,0,55,1,1,0,17,0,340,2,-1,0,3,0,1,2.0,1,1,1
27,0,2,1,0,685,1,0,2,6,6,672,2,-1,0,3,0,1,2.0,1,1,0
52,1,1,1,0,2276,0,0,2,20,6,83,3,-1,0,3,0,1,3.0,1,0,3
41,4,1,1,0,0,0,1,0,7,5,630,3,-1,0,3,0,1,3.0,0,1,2
37,1,1,0,0,1222,1,0,0,6,8,206,1,-1,0,3,0,1,1.0,1,0,1
27,8,2,1,0,980,0,0,0,29,4,503,1,-1,0,3,0,1,1.0,1,1,0
27,7,2,1,0,243,0,1,2,4,5,253,1,-1,0,3,0,1,1.0,1,0,0
36,1,1,3,0,722,1,0,2,20,8,268,2,-1,0,3,0,1,2.0,1,0,1
30,4,1,2,0,1195,0,0,0,18,5,146,2,-1,0,3,0,1,2.0,1,0,0
35,0,1,1,0,788,1,0,2,26,8,223,1,-1,0,3,0,1,1.0,1,0,1
46,1,1,3,0,401,1,0,2,6,8,306,2,-1,0,3,0,1,2.0,1,1,2
36,1,1,1,0,29,1,1,0,31,5,345,1,-1,0,3,0,1,1.0,1,1,1
29,7,0,1,0,161,1,1,0,12,8,286,5,-1,0,3,0,1,5.0,1,0,0
31,4,2,2,0,0,0,0,0,26,1,120,6,-1,0,3,0,1,6.0,0,0,1
56,1,1,0,0,246,1,0,2,23,8,438,1,-1,0,3,0,1,1.0,1,1,3
26,8,2,2,0,5169,1,0,0,20,0,639,2,-1,0,3,0,1,2.0,1,1,0
55,0,1,1,0,865,1,0,0,17,0,85,1,151,1,0,0,0,0.5,1,0,3
36,4,1,2,0,1100,1,0,0,18,9,93,1,-1,0,3,0,1,1.0,1,0,1
40,4,1,2,0,211,1,0,2,30,8,137,3,-1,0,3,0,1,3.0,1,0,1
37,9,1,1,0,494,1,0,0,2,3,247,2,269,3,0,0,0,0.5,1,0,1
53,0,1,1,0,1796,0,0,1,5,6,145,1,-1,0,3,0,1,1.0,1,0,3
35,7,2,1,0,-437,1,0,2,3,6,43,5,-1,0,3,0,1,5.0,0,0,1
45,9,0,1,0,976,1,0,0,17,0,183,1,338,2,0,0,0,0.3333333333333333,1,0,2
26,4,2,2,0,2506,0,0,0,28,8,210,2,100,1,2,0,0,1.0,1,0,0
38,7,1,1,0,611,1,1,2,18,6,61,3,-1,0,3,0,1,3.0,1,0,1
42,1,1,1,0,165,1,0,2,23,8,333,2,-1,0,3,0,1,2.0,1,1,2
44,2,1,2,0,468,1,1,1,15,5,289,2,-1,0,3,0,1,2.0,1,0,2
58,1,1,0,0,73,0,0,2,17,6,116,1,-1,0,3,0,1,1.0,1,0,3
54,4,0,2,0,6410,0,0,0,20,9,101,2,-1,0,3,0,1,2.0,1,0,3
30,1,1,1,0,450,0,0,2,6,8,526,2,-1,0,3,0,1,2.0,1,1,0
30,0,1,1,0,111,0,1,0,21,9,86,3,133,1,0,0,0,1.5,1,0,0
41,0,1,1,0,67,0,0,0,20,0,185,2,150,2,0,0,0,0.6666666666666666,1,0,2
32,1,2,1,0,6337,1,0,0,19,9,126,2,-1,0,3,0,1,2.0,1,0,1
36,9,1,1,0,58,0,0,0,3,3,24,2,-1,0,3,0,1,2.0,1,0,1
32,1,0,0,0,-156,1,0,0,24,5,129,2,-1,0,3,0,1,2.0,0,0,1
49,4,0,2,0,108,1,0,0,12,8,288,2,350,2,0,0,0,0.6666666666666666,1,0,2
35,1,2,1,0,1688,1,0,1,7,5,41,4,-1,0,3,0,1,4.0,1,0,1
31,7,1,1,0,283,1,0,0,19,9,214,2,-1,0,3,0,1,2.0,1,0,1
35,1,1,1,0,0,1,1,0,21,9,113,1,-1,0,3,0,1,1.0,0,0,1
32,4,1,2,0,71,1,0,0,21,5,221,8,-1,0,3,0,1,8.0,1,0,1
31,0,2,1,0,-407,0,1,0,7,5,230,1,-1,0,3,0,1,1.0,0,0,1
44,7,1,1,0,133,0,0,0,29,4,202,3,-1,0,3,0,1,3.0,1,0,2
56,1,1,0,0,373,1,0,2,27,8,269,1,-1,0,3,0,1,1.0,1,0,3
59,1,2,0,0,-86,0,0,0,11,5,16,2,-1,0,3,0,1,2.0,0,0,3
29,10,0,2,0,1718,1,0,0,18,5,579,2,-1,0,3,0,1,2.0,1,1,0
34,1,0,1,0,164,1,0,2,19,8,102,13,-1,0,3,0,1,13.0,1,0,1
39,1,1,0,0,1551,0,0,2,17,6,264,16,-1,0,3,0,1,16.0,1,0,1
39,9,2,2,0,54,1,0,0,3,0,204,2,248,12,0,0,0,0.15384615384615385,1,0,1
26,4,2,2,0,33,0,0,0,23,5,297,1,-1,0,3,0,1,1.0,1,0,0
59,4,2,1,0,181,1,0,2,9,8,485,1,-1,0,3,0,1,1.0,1,1,3
26,11,2,1,0,3247,0,0,1,6,3,341,3,-1,0,3,0,1,3.0,1,1,0
42,1,1,1,0,9359,1,0,2,15,8,197,1,-1,0,3,0,1,1.0,1,0,2
54,3,1,3,0,4789,0,0,2,11,6,83,1,-1,0,3,0,1,1.0,1,0,3
33,1,1,0,0,324,1,0,0,13,8,217,2,-1,0,3,0,1,2.0,1,0,1
35,4,1,2,0,1473,1,0,0,20,0,17,6,322,4,1,0,0,1.2,1,0,1
34,4,2,2,0,1612,0,0,0,27,1,108,22,-1,0,3,0,1,22.0,1,0,1
59,1,2,0,0,96,1,0,2,9,8,123,1,-1,0,3,0,1,1.0,1,0,3
43,7,1,1,0,278,1,0,2,26,8,14,20,-1,0,3,0,1,20.0,1,0,2
40,1,1,0,0,127,1,0,0,17,0,76,1,-1,0,3,0,1,1.0,1,0,1
31,4,1,2,0,2984,0,0,0,22,0,343,5,-1,0,3,0,1,5.0,1,1,1
34,8,2,2,0,873,1,0,0,7,1,267,2,-1,0,3,0,1,2.0,1,0,1
51,0,1,1,0,227,0,0,0,5,1,231,1,-1,0,3,0,1,1.0,1,0,3
52,4,1,2,0,-1112,1,0,0,9,5,94,1,-1,0,3,0,1,1.0,0,0,3
29,0,2,2,0,-197,0,0,2,6,1,47,1,-1,0,3,0,1,1.0,0,0,0
50,1,1,1,0,253,0,0,1,28,4,37,1,-1,0,3,0,1,1.0,1,0,2
35,4,2,2,0,550,1,0,2,6,8,55,2,-1,0,3,0,1,2.0,1,0,1
34,4,1,2,0,4131,1,0,2,27,8,172,7,-1,0,3,0,1,7.0,1,0,1
43,6,1,2,0,3003,0,0,0,8,1,358,3,-1,0,3,0,1,3.0,1,1,2
51,0,1,1,0,-895,1,0,0,20,0,104,5,-1,0,3,0,1,5.0,0,0,3
56,1,1,1,0,2583,0,0,0,21,9,70,1,-1,0,3,0,1,1.0,1,0,3
58,1,1,1,0,144,0,1,0,25,5,71,2,-1,0,3,0,1,2.0,1,0,3
34,0,1,1,0,220,1,0,2,3,6,65,13,-1,0,3,0,1,13.0,1,0,1
35,6,1,1,0,1256,1,0,0,22,1,73,7,-1,0,3,0,1,7.0,1,0,1
51,7,1,0,0,294,0,0,2,16,6,112,2,-1,0,3,0,1,2.0,1,0,3
45,1,1,0,0,789,0,1,0,29,4,79,1,-1,0,3,0,1,1.0,1,0,2
34,4,2,2,0,1350,1,0,2,21,8,68,1,-1,0,3,0,1,1.0,1,0,1
56,10,0,2,0,0,1,0,0,30,5,1259,6,-1,0,3,0,1,6.0,0,1,3
29,1,1,1,0,314,1,1,0,17,0,357,1,-1,0,3,0,1,1.0,1,1,0
33,1,1,0,0,681,1,0,0,20,0,222,1,-1,0,3,0,1,1.0,1,0,1
41,4,1,1,0,218,1,0,2,16,8,247,1,-1,0,3,0,1,1.0,1,0,2
40,7,1,1,0,900,1,1,0,14,5,84,2,-1,0,3,0,1,2.0,1,0,1
26,4,1,2,0,17,0,1,0,11,5,522,1,-1,0,3,0,1,1.0,1,1,0
30,1,1,1,0,514,1,0,0,11,8,102,3,-1,0,3,0,1,3.0,1,0,0
24,9,2,1,0,-540,1,0,0,7,8,190,2,-1,0,3,0,1,2.0,0,0,0
45,9,2,3,0,1077,1,0,1,31,5,6,2,-1,0,3,0,1,2.0,1,0,2
27,1,1,1,0,6196,1,0,2,4,6,355,1,-1,0,3,0,1,1.0,1,1,0
28,1,2,1,0,438,1,0,0,5,3,347,2,-1,0,3,0,1,2.0,1,1,0
42,4,2,2,0,100,0,0,0,7,1,64,2,-1,0,3,0,1,2.0,1,0,2
48,7,2,0,0,1499,1,0,0,12,8,17,7,-1,0,3,0,1,7.0,1,0,2
52,0,0,2,0,0,1,1,0,30,6,122,1,64,1,0,0,0,0.5,0,0,3
31,1,1,1,0,3364,1,0,0,20,9,290,1,-1,0,3,0,1,1.0,1,0,1
36,1,1,1,0,21,1,0,2,28,8,89,1,-1,0,3,0,1,1.0,1,0,1
35,0,2,1,0,128,0,0,2,12,6,46,1,-1,0,3,0,1,1.0,1,0,1
53,9,0,1,0,447,1,1,0,11,5,108,1,-1,0,3,0,1,1.0,1,0,3
38,0,1,1,0,70,0,1,2,2,5,199,1,-1,0,3,0,1,1.0,1,0,1
32,9,2,1,0,801,1,0,0,17,0,637,1,-1,0,3,0,1,1.0,1,1,1
47,1,1,2,0,3745,0,0,0,7,8,113,1,200,1,0,0,0,0.5,1,0,2
45,4,1,2,0,1529,0,0,0,30,6,160,1,-1,0,3,0,1,1.0,1,0,2
27,9,2,1,0,1,1,0,2,2,6,261,8,-1,0,3,0,1,8.0,1,0,0
28,9,2,1,0,1417,1,0,2,28,8,491,1,-1,0,3,0,1,1.0,1,1,0
65,5,1,1,0,3409,0,0,0,15,3,92,2,-1,0,3,0,1,2.0,1,0,4
28,10,2,1,1,-353,1,0,2,12,8,89,3,-1,0,3,0,1,3.0,0,0,0
30,1,1,1,0,579,1,1,2,2,6,381,2,-1,0,3,0,1,2.0,1,1,0
42,9,1,1,0,5,0,0,0,21,1,98,2,-1,0,3,0,1,2.0,1,0,2
72,5,1,0,0,2079,0,0,0,13,1,100,1,191,3,1,0,0,0.25,1,0,4
19,8,2,1,0,4,0,0,0,3,11,114,1,-1,0,3,0,1,1.0,1,0,0
39,6,0,2,0,155,0,0,0,19,9,449,2,-1,0,3,0,1,2.0,1,1,1
49,0,1,1,0,1697,1,0,0,19,9,236,1,-1,0,3,0,1,1.0,1,0,2
55,0,1,1,0,1105,1,1,2,15,8,94,1,-1,0,3,0,1,1.0,1,0,3
37,1,1,1,0,223,1,0,0,11,8,552,2,301,2,0,0,0,0.6666666666666666,1,1,1
26,8,2,1,0,0,0,0,0,17,1,237,1,82,2,0,0,0,0.3333333333333333,0,0,0
43,3,1,0,0,1342,1,1,2,9,8,46,2,-1,0,3,0,1,2.0,1,0,2
52,2,1,0,0,2138,0,0,2,17,6,134,1,-1,0,3,0,1,1.0,1,0,3
29,1,1,0,0,190,0,0,2,7,8,51,1,-1,0,3,0,1,1.0,1,0,0
49,0,1,1,0,2116,0,0,0,8,1,109,3,-1,0,3,0,1,3.0,1,0,2
47,4,0,3,0,582,1,1,2,16,6,123,2,-1,0,3,0,1,2.0,1,0,2
23,8,2,1,0,0,0,0,1,4,8,526,1,-1,0,3,0,1,1.0,0,1,0
46,9,2,1,0,3494,1,0,2,20,6,87,1,-1,0,3,0,1,1.0,1,0,2
34,4,1,2,0,812,0,0,0,27,11,156,2,279,1,0,0,0,1.0,1,0,1
42,1,1,1,0,250,1,0,0,17,0,42,3,-1,0,3,0,1,3.0,1,0,2
36,4,1,2,0,332,1,0,0,22,8,566,7,-1,0,3,0,1,7.0,1,1,1
31,1,1,1,0,2289,1,1,0,20,0,79,1,151,1,0,0,0,0.5,1,0,1
35,4,1,2,0,249,1,0,0,6,1,127,2,-1,0,3,0,1,2.0,1,0,1
57,0,2,1,0,738,0,0,0,4,8,490,3,168,1,0,0,0,1.5,1,1,3
35,7,1,1,0,70,1,1,0,8,8,197,1,350,4,0,0,0,0.2,1,0,1
47,10,1,0,0,122,0,1,2,5,6,240,3,-1,0,3,0,1,3.0,1,0,2
46,4,1,2,0,0,0,0,0,26,8,401,1,-1,0,3,0,1,1.0,0,1,2
61,3,1,0,0,182,0,0,0,9,9,335,1,92,13,0,0,0,0.07142857142857142,1,1,4
39,1,1,1,0,39,1,0,2,18,6,34,6,-1,0,3,0,1,6.0,1,0,1
33,10,1,2,0,3335,0,0,0,18,1,98,6,-1,0,3,0,1,6.0,1,0,1
40,0,2,1,0,419,0,1,0,28,5,100,16,-1,0,3,0,1,16.0,1,0,1
34,0,1,1,0,256,0,0,2,27,8,388,2,-1,0,3,0,1,2.0,1,1,1
46,0,0,2,0,3749,1,0,2,13,8,69,19,-1,0,3,0,1,19.0,1,0,2
32,1,2,1,0,-83,1,0,2,9,8,116,3,-1,0,3,0,1,3.0,0,0,1
50,4,0,2,0,2564,1,0,0,21,9,124,4,113,8,0,0,0,0.4444444444444444,1,0,2
35,4,1,2,0,178,0,0,0,14,1,76,2,-1,0,3,0,1,2.0,1,0,1
33,1,1,0,1,-744,1,0,2,8,8,206,1,-1,0,3,0,1,1.0,0,0,1
55,7,2,1,0,987,0,0,0,18,1,63,4,-1,0,3,0,1,4.0,1,0,3
58,6,1,2,0,6237,1,0,0,20,9,88,2,-1,0,3,0,1,2.0,1,0,3
56,0,1,1,0,382,0,0,0,20,0,275,1,-1,0,3,0,1,1.0,1,0,3
35,4,1,2,0,94,1,0,2,17,9,108,1,-1,0,3,0,1,1.0,1,0,1
42,1,0,1,0,685,1,0,2,30,8,204,4,-1,0,3,0,1,4.0,1,0,2
33,4,2,2,0,8514,0,0,0,16,10,165,1,57,1,0,0,0,0.5,1,0,1
50,1,1,1,0,3988,0,0,2,30,6,165,4,-1,0,3,0,1,4.0,1,0,2
24,7,1,2,0,0,1,0,2,27,8,299,1,-1,0,3,0,1,1.0,0,0,0
28,1,2,1,0,369,1,0,2,23,8,411,3,-1,0,3,0,1,3.0,1,1,0
34,1,1,1,0,563,0,1,0,5,3,384,1,2,2,0,0,0,0.3333333333333333,1,1,1
27,1,1,1,0,245,1,0,0,7,8,121,1,344,2,0,0,0,0.3333333333333333,1,0,0
43,1,2,0,0,189,0,1,1,22,5,97,15,-1,0,3,0,1,15.0,1,0,2
57,0,1,1,0,2518,1,0,0,11,5,82,2,-1,0,3,0,1,2.0,1,0,3
34,4,2,2,0,-2,0,0,0,27,1,57,6,-1,0,3,0,1,6.0,0,0,1
37,6,0,2,0,601,1,0,2,30,8,422,1,-1,0,3,0,1,1.0,1,1,1
33,1,1,1,0,7063,1,0,2,28,8,116,9,-1,0,3,0,1,9.0,1,0,1
32,0,2,1,0,457,0,0,0,26,5,109,3,455,2,0,0,0,1.0,1,0,1
79,5,1,1,0,723,0,0,1,22,6,295,3,-1,0,3,0,1,3.0,1,0,4
27,4,1,2,0,145,0,0,0,29,4,103,1,-1,0,3,0,1,1.0,1,0,0
37,0,2,1,0,310,0,1,0,6,3,179,1,-1,0,3,0,1,1.0,1,0,1
33,0,2,1,0,-15,0,0,1,12,8,326,3,350,2,0,0,0,1.0,0,1,1
39,1,1,0,0,2133,1,1,2,16,8,179,1,-1,0,3,0,1,1.0,1,0,1
35,9,1,1,0,15474,0,0,0,21,9,89,1,92,2,1,0,0,0.3333333333333333,1,0,1
53,9,2,0,0,481,0,0,0,18,9,399,1,-1,0,3,0,1,1.0,1,1,3
46,9,1,2,0,675,1,0,2,8,8,50,1,-1,0,3,0,1,1.0,1,0,2
46,11,1,2,0,5837,0,0,2,17,6,71,1,-1,0,3,0,1,1.0,1,0,2
40,1,2,1,0,0,1,0,2,27,8,59,4,-1,0,3,0,1,4.0,0,0,1
33,4,1,2,0,862,1,0,0,8,1,166,3,-1,0,3,0,1,3.0,1,0,1
44,2,1,1,0,93,0,0,0,7,5,125,2,-1,0,3,0,1,2.0,1,0,2
42,1,1,1,0,-628,1,1,2,15,8,251,1,-1,0,3,0,1,1.0,0,0,2
33,4,2,2,0,7114,1,0,0,5,3,271,2,233,3,1,0,0,0.5,1,0,1
22,9,2,1,0,890,1,0,0,20,0,294,2,-1,0,3,0,1,2.0,1,0,0
40,7,1,1,0,191,1,0,0,18,8,201,2,293,6,1,0,0,0.2857142857142857,1,0,1
44,9,1,1,0,7863,0,0,0,26,1,59,6,-1,0,3,0,1,6.0,1,0,2
27,10,2,1,0,259,1,0,0,18,8,12,2,-1,0,3,0,1,2.0,1,0,0
39,1,1,1,0,98,0,0,0,31,5,119,1,-1,0,3,0,1,1.0,1,0,1
49,9,1,1,0,597,1,1,0,7,1,154,2,-1,0,3,0,1,2.0,1,0,2
39,1,0,1,0,2601,0,0,2,9,6,70,1,-1,0,3,0,1,1.0,1,0,1
43,9,1,1,0,310,1,0,2,29,8,291,1,-1,0,3,0,1,1.0,1,0,2
40,0,2,1,0,664,0,0,0,19,9,188,2,121,2,2,0,0,0.6666666666666666,1,0,1
37,0,0,1,0,796,0,0,2,19,6,104,1,-1,0,3,0,1,1.0,1,0,1
31,1,2,1,1,-535,1,0,0,25,5,163,1,-1,0,3,0,1,1.0,0,0,1
32,9,1,2,0,15,0,0,0,14,8,226,1,346,1,0,0,0,0.5,1,0,1
40,1,1,1,0,498,1,0,0,8,8,55,2,298,4,0,0,0,0.4,1,0,1
41,4,2,2,0,8368,0,0,2,11,6,179,1,-1,0,3,0,1,1.0,1,0,2
35,4,2,2,0,560,1,0,2,6,8,181,1,-1,0,3,0,1,1.0,1,0,1
48,0,1,1,0,844,0,0,0,28,1,12,21,-1,0,3,0,1,21.0,1,0,2
44,10,2,2,0,7822,1,0,1,2,3,20,1,-1,0,3,0,1,1.0,1,0,2
50,9,1,2,0,11804,1,0,2,30,8,83,1,-1,0,3,0,1,1.0,1,0,2
42,9,2,1,0,631,0,0,1,22,5,171,2,413,3,0,0,0,0.5,1,0,2
32,1,0,1,0,0,0,0,1,9,5,49,1,-1,0,3,0,1,1.0,0,0,1
56,1,1,1,0,25,1,0,2,19,8,264,1,-1,0,3,0,1,1.0,1,0,3
40,4,1,2,0,315,0,0,0,19,9,321,1,-1,0,3,0,1,1.0,1,1,1
30,0,2,1,0,211,0,0,0,10,5,473,1,-1,0,3,0,1,1.0,1,1,0
33,4,2,2,0,437,1,0,0,20,0,199,2,150,5,0,0,0,0.3333333333333333,1,0,1
30,9,2,1,0,893,0,0,0,26,1,45,3,-1,0,3,0,1,3.0,1,0,0
46,0,1,1,0,0,1,1,0,20,0,239,2,259,2,0,0,0,0.6666666666666666,0,0,2
47,9,2,3,0,77,1,0,2,9,8,83,4,-1,0,3,0,1,4.0,1,0,2
36,4,2,2,0,832,1,0,0,20,0,237,2,-1,0,3,0,1,2.0,1,0,1
63,9,1,1,0,896,1,0,0,28,4,115,3,91,4,1,0,0,0.6,1,0,4
45,1,1,1,0,103,0,0,2,18,6,48,1,-1,0,3,0,1,1.0,1,0,2
49,1,1,0,0,1050,1,0,2,18,6,84,5,-1,0,3,0,1,5.0,1,0,2
48,4,1,2,0,-1232,1,0,2,6,6,183,1,-1,0,3,0,1,1.0,0,0,2
55,3,1,0,0,1642,0,0,0,13,1,295,2,-1,0,3,0,1,2.0,1,0,3
55,7,1,1,0,1989,0,0,0,28,0,139,2,-1,0,3,0,1,2.0,1,0,3
52,1,1,0,0,994,0,0,0,22,1,109,2,-1,0,3,0,1,2.0,1,0,3
52,1,2,3,0,905,1,0,2,30,8,170,4,-1,0,3,0,1,4.0,1,0,3
34,4,2,2,0,125,1,1,2,5,6,18,31,-1,0,3,0,1,31.0,1,0,1
54,4,1,3,0,831,1,1,1,19,10,208,3,109,3,0,0,0,0.75,1,0,3
42,4,0,2,0,245,0,0,0,14,1,103,2,-1,0,3,0,1,2.0,1,0,2
40,9,1,2,0,483,1,0,2,5,8,168,1,-1,0,3,0,1,1.0,1,0,1
44,9,1,1,0,65,0,0,1,28,1,53,11,-1,0,3,0,1,11.0,1,0,2
32,4,2,2,0,537,0,0,2,29,8,187,3,-1,0,3,0,1,3.0,1,0,1
30,9,2,1,0,853,0,0,0,3,6,343,1,-1,0,3,0,1,1.0,1,1,0
27,1,2,1,0,20,1,0,0,15,8,175,1,364,3,1,0,0,0.25,1,0,0
30,1,1,1,0,8,1,0,0,19,9,473,1,-1,0,3,0,1,1.0,1,1,0
53,2,1,2,0,17410,0,0,0,31,5,59,6,-1,0,3,0,1,6.0,1,0,3
34,4,1,2,0,3064,1,0,0,17,5,324,1,-1,0,3,0,1,1.0,1,1,1
34,0,2,1,0,2677,1,0,0,20,9,259,1,-1,0,3,0,1,1.0,1,0,1
33,1,1,0,0,331,1,0,2,30,8,139,3,-1,0,3,0,1,3.0,1,0,1
54,0,1,3,0,140,0,0,1,27,10,521,2,-1,0,3,0,1,2.0,1,1,3
49,4,1,1,0,0,0,0,0,12,1,138,2,-1,0,3,0,1,2.0,0,0,2
49,6,1,1,0,289,1,0,0,2,3,243,1,-1,0,3,0,1,1.0,1,0,2
39,1,1,0,0,477,1,1,0,21,9,229,2,-1,0,3,0,1,2.0,1,0,1
26,1,2,1,0,428,0,1,0,7,5,575,1,-1,0,3,0,1,1.0,1,1,0
32,6,2,2,0,-359,1,0,0,9,3,122,3,-1,0,3,0,1,3.0,0,0,1
24,0,2,1,0,-507,1,0,2,27,8,446,1,-1,0,3,0,1,1.0,0,1,0
31,9,2,1,0,4028,0,1,0,25,1,139,5,-1,0,3,0,1,5.0,1,0,1
46,7,1,1,0,1381,1,0,0,22,8,115,3,379,1,0,0,0,1.5,1,0,2
37,1,1,1,0,6,1,0,0,12,8,136,2,-1,0,3,0,1,2.0,1,0,1
65,5,0,3,0,300,0,0,0,2,1,245,2,-1,0,3,0,1,2.0,1,0,4
41,1,1,0,0,183,1,1,2,5,8,110,2,-1,0,3,0,1,2.0,1,0,2
58,3,0,0,0,3858,0,0,1,29,5,53,6,-1,0,3,0,1,6.0,1,0,3
36,6,1,2,0,19,0,0,2,5,8,189,2,-1,0,3,0,1,2.0,1,0,1
57,9,1,1,0,2550,0,0,0,29,4,73,2,-1,0,3,0,1,2.0,1,0,3
31,9,1,2,0,22,0,0,0,22,1,122,5,-1,0,3,0,1,5.0,1,0,1
46,10,2,2,0,705,0,0,0,4,3,398,1,-1,0,3,0,1,1.0,1,1,2
37,1,1,0,0,351,0,0,2,9,6,108,1,-1,0,3,0,1,1.0,1,0,1
40,1,1,1,0,5,0,0,0,26,7,86,2,-1,0,3,0,1,2.0,1,0,1
55,3,1,0,0,211,0,0,0,18,1,111,3,-1,0,3,0,1,3.0,1,0,3
36,7,2,2,0,72,1,0,2,8,8,80,1,-1,0,3,0,1,1.0,1,0,1
51,1,0,0,0,0,1,0,0,21,5,322,2,-1,0,3,0,1,2.0,0,1,3
49,0,1,1,0,1629,0,0,0,31,5,57,2,-1,0,3,0,1,2.0,1,0,2
33,4,1,0,0,262,1,0,0,14,8,386,3,-1,0,3,0,1,3.0,1,1,1
24,1,1,1,0,1470,1,0,0,12,8,212,1,-1,0,3,0,1,1.0,1,0,0
41,2,1,1,0,2480,1,0,2,11,6,394,2,-1,0,3,0,1,2.0,1,1,2
53,11,0,2,0,2272,1,0,2,14,8,243,1,-1,0,3,0,1,1.0,1,0,3
59,1,1,1,0,410,1,0,0,2,3,136,1,-1,0,3,0,1,1.0,1,0,3
40,4,1,2,0,143,0,0,0,13,1,832,6,-1,0,3,0,1,6.0,1,1,1
41,7,0,1,0,-170,1,0,0,8,8,125,1,-1,0,3,0,1,1.0,0,0,2
31,7,2,1,0,0,1,0,0,20,0,400,1,-1,0,3,0,1,1.0,0,1,1
37,10,1,0,0,236,1,0,0,4,3,101,1,-1,0,3,0,1,1.0,1,0,1
34,9,1,1,0,222,1,0,2,12,8,149,6,-1,0,3,0,1,6.0,1,0,1
34,4,1,2,0,396,0,1,0,19,1,166,3,-1,0,3,0,1,3.0,1,0,1
28,9,1,2,0,858,1,0,0,17,5,602,1,-1,0,3,0,1,1.0,1,1,0
55,3,1,0,0,136,1,0,2,19,6,15,10,-1,0,3,0,1,10.0,1,0,3
32,10,1,2,0,1364,0,0,0,11,1,104,4,-1,0,3,0,1,4.0,1,0,1
31,10,2,2,0,498,0,0,0,29,4,264,2,-1,0,3,0,1,2.0,1,0,1
34,1,2,1,0,558,1,0,2,21,8,43,1,-1,0,3,0,1,1.0,1,0,1
36,7,2,1,0,165,1,0,0,18,8,182,2,-1,0,3,0,1,2.0,1,0,1
50,4,1,2,0,4278,0,0,0,17,9,53,1,-1,0,3,0,1,1.0,1,0,2
60,9,1,1,0,2041,0,0,1,28,5,108,7,-1,0,3,0,1,7.0,1,0,3
47,1,0,0,0,556,1,0,2,14,8,227,4,-1,0,3,0,1,4.0,1,0,2
41,1,1,0,0,1256,0,0,0,31,5,74,2,-1,0,3,0,1,2.0,1,0,2
55,4,1,0,0,338,1,0,0,14,8,8,4,300,5,0,0,0,0.6666666666666666,1,0,3
28,9,2,1,0,1363,0,0,0,9,6,431,3,102,1,2,0,0,1.5,1,1,0
46,1,1,2,0,1497,1,0,2,19,8,374,6,-1,0,3,0,1,6.0,1,1,2
31,7,1,1,0,395,0,0,0,25,5,174,3,-1,0,3,0,1,3.0,1,0,1
38,9,1,1,0,381,1,0,2,29,8,126,2,-1,0,3,0,1,2.0,1,0,1
28,4,1,2,0,3516,0,0,0,17,5,232,1,-1,0,3,0,1,1.0,1,0,0
31,4,1,2,0,4924,1,0,0,19,9,316,1,182,2,0,0,0,0.3333333333333333,1,1,1
47,9,1,1,0,-54,1,0,0,16,0,172,2,-1,0,3,0,1,2.0,0,0,2
47,1,1,0,0,0,0,0,0,21,5,71,1,-1,0,3,0,1,1.0,0,0,2
32,9,2,1,0,7558,1,0,0,19,9,581,2,-1,0,3,0,1,2.0,1,1,1
45,1,1,1,0,863,1,0,0,14,0,565,2,-1,0,3,0,1,2.0,1,1,2
54,3,1,0,0,3151,0,0,2,18,6,350,7,-1,0,3,0,1,7.0,1,1,3
39,4,2,2,0,968,1,0,0,7,8,59,1,258,6,0,0,0,0.14285714285714285,1,0,1
37,1,2,1,0,197,1,0,2,16,8,251,3,-1,0,3,0,1,3.0,1,0,1
49,9,2,1,0,-97,1,0,2,6,6,92,2,-1,0,3,0,1,2.0,0,0,2
42,1,1,0,0,271,1,0,2,8,8,84,4,-1,0,3,0,1,4.0,1,0,2
32,1,2,1,0,75,1,0,0,15,8,127,1,-1,0,3,0,1,1.0,1,0,1
30,9,1,1,0,2326,0,0,0,22,6,67,1,108,1,2,0,0,0.5,1,0,0
40,4,1,2,0,2471,1,1,0,23,5,206,1,-1,0,3,0,1,1.0,1,0,1
47,9,1,1,0,2283,1,0,0,21,9,170,2,-1,0,3,0,1,2.0,1,0,2
47,4,1,2,0,2475,1,0,0,20,9,1476,4,-1,0,3,0,1,4.0,1,1,2
30,7,1,2,0,523,1,0,2,23,8,253,2,-1,0,3,0,1,2.0,1,0,0
30,9,2,1,0,5,0,0,0,19,1,120,6,-1,0,3,0,1,6.0,1,0,0
63,5,1,1,0,2747,0,0,0,11,11,113,1,80,1,0,0,0,0.5,1,0,4
30,0,2,2,0,726,0,0,0,29,4,103,1,-1,0,3,0,1,1.0,1,0,0
37,7,1,1,0,2132,0,0,2,5,6,232,1,-1,0,3,0,1,1.0,1,0,1
32,4,1,2,0,4,0,0,0,22,1,195,4,-1,0,3,0,1,4.0,1,0,1
42,4,1,2,0,0,1,0,0,9,5,98,1,-1,0,3,0,1,1.0,0,0,2
27,4,2,2,0,321,1,0,0,13,8,173,2,307,1,1,0,0,1.0,1,0,0
54,6,1,3,0,204,0,0,0,27,1,231,5,-1,0,3,0,1,5.0,1,0,3
55,1,1,0,0,137,0,0,1,8,5,377,1,-1,0,3,0,1,1.0,1,1,3
43,1,0,0,0,-97,1,1,0,31,5,747,4,-1,0,3,0,1,4.0,0,1,2
43,4,1,2,0,422,0,0,0,12,1,110,1,-1,0,3,0,1,1.0,1,0,2
36,7,1,2,0,45,0,0,0,19,9,52,3,-1,0,3,0,1,3.0,1,0,1
45,7,1,1,0,567,1,0,1,14,1,234,3,-1,0,3,0,1,3.0,1,0,2
51,1,0,0,0,57,1,1,0,7,8,355,1,-1,0,3,0,1,1.0,1,1,3
48,7,1,1,0,300,0,1,0,16,5,52,8,-1,0,3,0,1,8.0,1,0,2
37,0,1,1,0,-356,0,1,2,9,8,49,1,-1,0,3,0,1,1.0,0,0,1
48,3,0,0,0,2582,0,0,2,18,6,51,4,-1,0,3,0,1,4.0,1,0,2
49,9,1,1,0,0,1,0,0,7,8,190,1,276,1,1,0,0,0.5,0,0,2
28,1,1,1,0,1021,1,0,0,20,0,774,2,326,1,1,0,0,1.0,1,1,0
55,4,1,2,0,685,1,0,2,5,8,174,3,-1,0,3,0,1,3.0,1,0,3
34,1,1,1,0,261,1,0,0,3,3,88,5,251,3,0,0,0,1.25,1,0,1
43,3,1,0,0,18,1,1,2,15,8,192,3,-1,0,3,0,1,3.0,1,0,2
43,1,1,3,1,-715,1,0,2,30,8,67,3,-1,0,3,0,1,3.0,0,0,2
29,1,1,0,0,0,1,0,2,13,8,53,1,-1,0,3,0,1,1.0,0,0,0
33,3,1,0,0,4136,1,0,0,20,0,178,5,-1,0,3,0,1,5.0,1,0,1
48,1,0,0,0,0,0,0,0,11,5,324,2,-1,0,3,0,1,2.0,0,1,2
25,0,2,2,0,1734,0,0,0,19,10,366,1,-1,0,3,0,1,1.0,1,1,0
33,7,0,1,0,437,1,0,0,15,5,184,2,-1,0,3,0,1,2.0,1,0,1
55,0,1,2,0,59,1,0,0,11,8,51,1,305,1,0,0,0,0.5,1,0,3
39,4,1,2,0,45,0,0,0,28,1,148,4,-1,0,3,0,1,4.0,1,0,1
40,7,1,1,0,376,1,1,2,11,6,268,2,-1,0,3,0,1,2.0,1,0,1
54,10,1,2,0,0,0,1,2,3,5,188,1,-1,0,3,0,1,1.0,0,0,3
41,6,2,2,0,0,0,0,0,7,1,408,1,-1,0,3,0,1,1.0,0,1,2
38,3,0,1,0,216,0,0,0,7,5,97,3,-1,0,3,0,1,3.0,1,0,1
30,9,2,2,0,987,0,0,0,9,0,98,6,-1,0,3,0,1,6.0,1,0,0
32,7,2,0,0,1806,0,1,0,21,5,126,4,-1,0,3,0,1,4.0,1,0,1
29,0,1,1,0,396,1,0,2,30,8,205,2,-1,0,3,0,1,2.0,1,0,0
32,1,2,1,0,1036,1,1,2,30,8,62,2,-1,0,3,0,1,2.0,1,0,1
35,1,2,1,0,11671,0,0,2,6,6,190,1,-1,0,3,0,1,1.0,1,0,1
40,9,1,2,0,397,0,0,2,18,6,50,1,-1,0,3,0,1,1.0,1,0,1
43,4,0,2,0,38,1,0,0,25,5,197,6,-1,0,3,0,1,6.0,1,0,2
31,9,2,2,0,645,1,0,0,6,8,14,6,-1,0,3,0,1,6.0,1,0,1
28,2,1,1,0,8,1,0,2,27,8,1297,1,-1,0,3,0,1,1.0,1,1,0
56,1,1,0,0,-85,1,1,2,26,8,118,1,-1,0,3,0,1,1.0,0,0,3
26,1,2,1,0,-5,0,0,2,19,8,260,1,-1,0,3,0,1,1.0,0,0,0
54,0,0,1,0,0,1,1,0,4,3,330,1,182,3,2,0,0,0.25,0,1,3
25,8,2,2,0,0,1,0,0,7,8,178,1,-1,0,3,0,1,1.0,0,0,0
35,1,1,1,0,-100,1,0,1,9,3,13,7,272,9,0,0,0,0.7,0,0,1
39,0,2,1,0,238,1,0,0,15,0,417,1,-1,0,3,0,1,1.0,1,1,1
57,5,1,2,0,815,0,0,0,8,1,385,2,-1,0,3,0,1,2.0,1,1,3
34,4,1,2,0,395,1,0,0,19,9,202,2,-1,0,3,0,1,2.0,1,0,1
46,2,1,3,0,676,1,1,2,15,8,106,3,-1,0,3,0,1,3.0,1,0,2
29,4,2,2,0,2907,1,0,0,26,8,150,1,-1,0,3,0,1,1.0,1,0,0
26,9,1,1,0,415,0,0,0,24,5,92,2,-1,0,3,0,1,2.0,1,0,0
33,0,1,1,0,519,1,0,1,6,8,175,1,-1,0,3,0,1,1.0,1,0,1
42,1,1,1,0,505,1,0,0,15,8,117,1,-1,0,3,0,1,1.0,1,0,2
51,0,1,1,0,884,0,0,2,19,6,50,1,-1,0,3,0,1,1.0,1,0,3
44,1,1,0,0,148,1,0,2,6,8,211,1,-1,0,3,0,1,1.0,1,0,2
29,7,0,1,0,92,1,0,0,7,8,240,1,-1,0,3,0,1,1.0,1,0,0
45,1,1,0,0,2958,1,0,0,16,0,580,1,317,2,0,0,0,0.3333333333333333,1,1,2
35,1,1,1,0,592,1,0,2,21,8,74,1,-1,0,3,0,1,1.0,1,0,1
38,9,2,1,0,50,0,0,0,29,1,98,2,-1,0,3,0,1,2.0,1,0,1
32,7,1,1,0,207,1,0,2,23,8,360,1,-1,0,3,0,1,1.0,1,1,1
32,4,2,2,0,1169,1,0,2,21,8,322,2,-1,0,3,0,1,2.0,1,1,1
53,9,1,1,0,230,0,1,0,13,1,112,2,-1,0,3,0,1,2.0,1,0,3
53,1,2,3,0,160,1,0,0,7,8,589,2,-1,0,3,0,1,2.0,1,1,3
53,2,1,3,0,28,0,0,0,31,5,117,2,-1,0,3,0,1,2.0,1,0,3
35,6,2,2,0,4294,0,0,2,26,6,529,4,-1,0,3,0,1,4.0,1,1,1
32,0,2,2,0,594,1,0,2,13,8,134,2,-1,0,3,0,1,2.0,1,0,1
51,0,1,1,0,1415,1,0,2,2,6,151,3,-1,0,3,0,1,3.0,1,0,3
26,9,2,1,0,75,1,0,2,27,8,337,2,-1,0,3,0,1,2.0,1,1,0
45,1,1,1,0,90,1,0,2,29,8,744,6,-1,0,3,0,1,6.0,1,1,2
51,1,0,1,0,113,0,0,0,15,8,71,3,-1,0,3,0,1,3.0,1,0,3
34,4,1,2,0,1433,0,0,0,8,1,170,3,-1,0,3,0,1,3.0,1,0,1
58,0,2,1,0,2223,0,0,0,4,2,1139,2,114,1,2,0,0,1.0,1,1,3
32,1,1,0,0,233,1,0,0,15,8,391,2,-1,0,3,0,1,2.0,1,1,1
45,0,1,1,0,597,1,1,0,18,9,188,2,-1,0,3,0,1,2.0,1,0,2
32,1,0,1,0,880,1,1,2,4,6,112,1,-1,0,3,0,1,1.0,1,0,1
30,9,2,1,0,9645,0,1,0,26,1,130,10,-1,0,3,0,1,10.0,1,0,0
39,4,1,2,0,0,1,0,0,11,8,112,1,-1,0,3,0,1,1.0,0,0,1
31,1,2,1,0,770,1,0,0,16,0,178,1,-1,0,3,0,1,1.0,1,0,1
49,7,1,1,0,314,0,0,0,20,1,30,2,-1,0,3,0,1,2.0,1,0,2
54,0,1,1,0,4943,0,0,0,12,1,145,11,-1,0,3,0,1,11.0,1,0,3
49,5,2,0,0,25824,0,0,2,17,6,94,1,-1,0,3,0,1,1.0,1,0,2
57,9,1,3,0,206,1,0,2,5,8,216,3,-1,0,3,0,1,3.0,1,0,3
47,2,1,1,0,1375,1,0,1,16,0,272,2,321,7,0,0,0,0.25,1,0,2
38,4,1,2,0,465,1,1,0,15,5,156,4,-1,0,3,0,1,4.0,1,0,1
31,4,2,2,0,0,1,0,0,7,8,45,1,22,2,0,0,0,0.3333333333333333,0,0,1
33,7,2,2,0,-104,0,1,0,14,5,231,2,-1,0,3,0,1,2.0,0,0,1
37,7,2,1,0,54,1,0,0,10,5,118,1,-1,0,3,0,1,1.0,1,0,1
46,3,1,0,0,1175,0,0,0,7,1,181,2,-1,0,3,0,1,2.0,1,0,2
28,4,1,2,0,22,1,0,0,31,5,59,3,-1,0,3,0,1,3.0,1,0,0
37,4,1,2,0,566,0,0,0,25,1,463,4,-1,0,3,0,1,4.0,1,1,1
41,4,1,1,0,0,0,0,0,21,9,624,1,-1,0,3,0,1,1.0,0,1,2
47,9,1,1,0,-107,0,0,0,8,5,236,2,-1,0,3,0,1,2.0,0,0,2
50,6,0,1,0,985,1,1,1,21,9,167,1,-1,0,3,0,1,1.0,1,0,2
26,8,2,3,0,2020,0,0,1,28,4,42,3,-1,0,3,0,1,3.0,1,0,0
39,4,1,2,0,1241,1,0,0,5,6,138,2,-1,0,3,0,1,2.0,1,0,1
50,4,1,2,0,2629,1,0,1,15,5,59,4,-1,0,3,0,1,4.0,1,0,2
41,2,1,0,0,0,1,1,0,18,9,311,1,-1,0,3,0,1,1.0,0,1,2
32,4,1,2,0,1544,1,0,0,7,8,265,1,-1,0,3,0,1,1.0,1,0,1
42,4,1,1,0,1042,1,0,0,11,8,465,1,364,3,1,0,0,0.25,1,1,2
38,2,1,1,0,680,1,0,2,19,8,144,2,-1,0,3,0,1,2.0,1,0,1
29,0,2,1,0,2768,1,0,0,29,4,69,1,241,4,0,0,0,0.2,1,0,0
35,1,2,0,0,398,1,0,2,8,8,34,1,-1,0,3,0,1,1.0,1,0,1
56,7,1,1,0,144,0,0,0,6,1,184,2,-1,0,3,0,1,2.0,1,0,3
45,7,1,1,0,3638,1,1,2,3,6,313,7,-1,0,3,0,1,7.0,1,1,2
41,1,1,0,0,1820,1,0,1,21,9,25,3,-1,0,3,0,1,3.0,1,0,2
40,3,0,1,0,4328,0,0,0,20,1,133,2,-1,0,3,0,1,2.0,1,0,1
43,1,1,1,0,0,1,1,2,29,8,242,1,-1,0,3,0,1,1.0,0,0,2
41,1,1,0,0,96,1,1,0,17,0,165,3,-1,0,3,0,1,3.0,1,0,2
52,7,1,1,0,660,0,0,2,6,8,201,2,-1,0,3,0,1,2.0,1,0,3
46,7,1,1,0,74,1,0,2,15,8,101,4,-1,0,3,0,1,4.0,1,0,2
49,6,0,2,0,3293,0,0,0,8,7,111,3,585,6,1,0,0,0.42857142857142855,1,0,2
36,8,2,1,0,624,0,0,0,5,3,518,2,8,1,1,0,0,1.0,1,1,1
53,0,0,1,0,-394,1,0,2,15,8,599,2,-1,0,3,0,1,2.0,0,1,3
47,10,1,1,0,1108,0,0,0,8,1,169,2,-1,0,3,0,1,2.0,1,0,2
49,1,1,0,0,1,0,1,0,5,3,98,1,210,1,1,0,0,0.5,1,0,2
50,0,1,1,0,0,0,0,0,4,1,86,4,-1,0,3,0,1,4.0,0,0,2
40,9,2,2,0,39,0,0,0,5,1,130,2,-1,0,3,0,1,2.0,1,0,1
36,1,1,1,0,1949,1,0,0,17,0,48,2,319,3,0,0,0,0.5,1,0,1
37,7,1,1,0,0,0,0,2,20,6,12,14,-1,0,3,0,1,14.0,0,0,1
48,3,1,1,0,3570,0,0,0,5,6,58,2,-1,0,3,0,1,2.0,1,0,2
36,1,1,1,0,1409,0,0,2,17,6,235,2,-1,0,3,0,1,2.0,1,0,1
34,4,1,2,0,1310,0,0,1,30,4,521,3,158,7,1,0,0,0.375,1,1,1
73,5,1,0,0,542,0,0,1,29,0,107,5,-1,0,3,0,1,5.0,1,0,4
36,9,1,1,0,146,1,1,2,15,8,284,2,-1,0,3,0,1,2.0,1,0,1
75,5,0,0,0,18,0,0,0,24,0,222,4,-1,0,3,0,1,4.0,1,0,4
40,1,1,1,0,632,0,0,0,5,3,611,2,-1,0,3,0,1,2.0,1,1,1
77,5,1,0,0,680,0,0,1,25,1,103,3,-1,0,3,0,1,3.0,1,0,4
35,1,1,1,0,876,1,0,0,20,0,318,1,-1,0,3,0,1,1.0,1,1,1
55,4,1,2,0,171,1,0,0,8,1,73,6,-1,0,3,0,1,6.0,1,0,3
35,1,1,0,0,767,1,0,2,16,8,1408,2,-1,0,3,0,1,2.0,1,1,1
32,4,2,2,1,-3,1,0,2,13,8,500,2,-1,0,3,0,1,2.0,0,1,1
39,1,1,1,1,-931,1,0,2,28,8,92,5,-1,0,3,0,1,5.0,0,0,1
35,9,1,1,0,688,0,0,0,14,1,137,2,-1,0,3,0,1,2.0,1,0,1
40,2,0,3,0,2418,1,1,2,2,6,181,16,-1,0,3,0,1,16.0,1,0,1
34,9,1,1,0,508,0,0,0,30,4,795,1,-1,0,3,0,1,1.0,1,1,1
32,1,1,1,0,-249,1,1,0,21,5,189,3,-1,0,3,0,1,3.0,0,0,1
30,0,2,2,0,5,0,1,0,11,5,58,1,-1,0,3,0,1,1.0,1,0,0
55,10,1,2,0,4809,1,0,0,21,9,223,2,186,3,1,0,0,0.5,1,0,3
44,1,2,1,0,641,0,0,2,15,8,257,1,-1,0,3,0,1,1.0,1,0,2
45,3,1,1,0,4068,0,0,0,30,11,314,1,41,1,2,0,0,0.5,1,1,2
39,0,1,1,0,1388,1,0,0,15,5,150,5,-1,0,3,0,1,5.0,1,0,1
36,6,1,2,0,16430,1,0,0,19,9,234,1,166,3,0,0,0,0.25,1,0,1
47,1,1,0,0,469,0,0,1,22,1,208,6,-1,0,3,0,1,6.0,1,0,2
42,4,1,2,0,744,0,0,2,6,8,157,1,-1,0,3,0,1,1.0,1,0,2
28,0,1,1,0,22,1,1,0,14,8,523,2,-1,0,3,0,1,2.0,1,1,0
45,5,0,1,0,1735,0,1,2,17,6,306,1,-1,0,3,0,1,1.0,1,1,2
36,0,1,2,0,1145,1,0,0,29,7,198,2,181,3,0,0,0,0.5,1,0,1
53,9,1,0,0,311,0,0,1,28,4,82,3,-1,0,3,0,1,3.0,1,0,3
35,6,1,2,0,7990,1,0,0,4,3,357,1,-1,0,3,0,1,1.0,1,1,1
50,6,1,1,0,111,0,0,0,11,1,277,3,-1,0,3,0,1,3.0,1,0,2
38,2,1,1,0,157,0,1,0,15,8,57,11,366,1,1,0,0,5.5,1,0,1
36,1,0,1,0,625,1,0,2,21,8,265,2,-1,0,3,0,1,2.0,1,0,1
46,0,1,1,0,466,1,0,0,29,4,169,1,-1,0,3,0,1,1.0,1,0,2
36,4,1,2,0,549,1,0,0,18,9,72,2,-1,0,3,0,1,2.0,1,0,1
72,5,1,1,0,676,0,0,0,25,1,188,3,-1,0,3,0,1,3.0,1,0,4
35,4,1,2,0,1383,0,0,0,12,1,143,2,-1,0,3,0,1,2.0,1,0,1
34,6,1,2,0,263,0,0,0,4,8,203,1,78,8,1,0,0,0.1111111111111111,1,0,1
42,1,1,1,0,4900,1,0,1,11,8,231,1,284,2,0,0,0,0.3333333333333333,1,0,2
36,1,2,3,0,185,1,1,0,17,0,301,2,-1,0,3,0,1,2.0,1,1,1
34,1,1,1,0,250,1,0,2,29,8,193,6,-1,0,3,0,1,6.0,1,0,1
52,9,1,1,0,470,0,0,0,27,1,60,8,-1,0,3,0,1,8.0,1,0,3
36,1,1,1,0,2357,1,0,2,17,6,228,2,-1,0,3,0,1,2.0,1,0,1
52,7,1,1,0,91,1,0,2,5,6,175,4,-1,0,3,0,1,4.0,1,0,3
35,6,2,2,0,0,1,1,0,18,8,185,1,-1,0,3,0,1,1.0,0,0,1
46,1,0,0,1,-17,0,1,0,4,3,81,2,-1,0,3,0,1,2.0,0,0,2
48,1,1,1,0,238,1,1,0,2,6,118,2,81,1,2,0,0,1.0,1,0,2
32,0,0,1,0,714,0,0,0,2,3,221,1,-1,0,3,0,1,1.0,1,0,1
46,6,1,0,0,2295,1,0,2,11,6,138,1,-1,0,3,0,1,1.0,1,0,2
34,9,1,1,0,5266,0,0,0,8,1,140,4,-1,0,3,0,1,4.0,1,0,1
32,1,1,1,0,883,1,1,2,30,8,59,1,-1,0,3,0,1,1.0,1,0,1
30,9,1,1,0,-280,1,0,0,17,0,609,2,266,2,0,0,0,0.6666666666666666,0,1,0
40,7,1,1,0,22,1,1,1,9,5,145,2,-1,0,3,0,1,2.0,1,0,1
30,0,2,2,0,2351,0,1,0,28,5,91,13,-1,0,3,0,1,13.0,1,0,0
41,1,2,3,0,961,1,0,2,29,8,117,1,-1,0,3,0,1,1.0,1,0,2
56,4,0,2,0,982,0,0,2,5,6,152,1,-1,0,3,0,1,1.0,1,0,3
32,0,1,1,0,0,1,0,0,16,5,524,4,-1,0,3,0,1,4.0,0,1,1
38,1,1,0,0,0,1,0,2,8,8,732,2,-1,0,3,0,1,2.0,0,1,1
39,4,1,2,0,947,0,0,0,8,1,124,2,-1,0,3,0,1,2.0,1,0,1
38,6,0,1,0,0,0,0,2,6,6,261,2,-1,0,3,0,1,2.0,0,0,1
52,1,1,1,0,555,1,0,0,12,8,314,2,-1,0,3,0,1,2.0,1,1,3
34,4,0,2,0,140,0,0,0,22,1,80,4,-1,0,3,0,1,4.0,1,0,1
43,1,1,1,0,597,1,0,0,2,3,87,1,263,1,0,0,0,0.5,1,0,2
41,4,1,2,0,1254,0,0,0,4,1,272,1,-1,0,3,0,1,1.0,1,0,2
25,1,1,1,0,2307,1,0,0,31,5,104,5,-1,0,3,0,1,5.0,1,0,0
59,1,1,0,0,460,0,0,0,5,1,224,1,-1,0,3,0,1,1.0,1,0,3
25,7,2,1,0,79,0,1,0,21,5,24,28,-1,0,3,0,1,28.0,1,0,0
38,9,2,2,0,0,0,0,0,6,1,89,2,-1,0,3,0,1,2.0,0,0,1
34,0,1,2,0,35,1,0,0,7,1,88,2,-1,0,3,0,1,2.0,1,0,1
47,3,1,0,0,0,0,0,0,10,1,1225,2,-1,0,3,0,1,2.0,0,1,2
49,9,0,2,0,0,0,0,0,19,1,68,2,-1,0,3,0,1,2.0,0,0,2
60,5,1,1,0,1339,0,1,0,22,5,137,1,-1,0,3,0,1,1.0,1,0,3
26,7,2,1,0,-224,1,1,2,3,6,189,1,-1,0,3,0,1,1.0,0,0,0
35,0,2,1,0,0,0,1,0,7,5,480,1,-1,0,3,0,1,1.0,0,1,1
35,9,2,1,0,5059,0,1,0,7,1,115,2,-1,0,3,0,1,2.0,1,0,1
45,0,1,1,0,137,1,0,2,14,8,427,1,-1,0,3,0,1,1.0,1,1,2
39,7,0,1,0,892,1,0,0,20,9,34,1,171,1,0,0,0,0.5,1,0,1
34,4,2,2,0,1049,1,0,0,17,9,101,2,129,1,0,0,0,1.0,1,0,1
42,9,1,2,0,644,1,0,2,7,8,19,1,-1,0,3,0,1,1.0,1,0,2
39,4,1,2,0,-409,1,0,0,29,5,590,23,-1,0,3,0,1,23.0,0,1,1
29,9,1,2,0,1535,1,0,0,17,5,134,2,-1,0,3,0,1,2.0,1,0,0
30,6,2,2,0,800,0,0,2,6,8,95,2,-1,0,3,0,1,2.0,1,0,0
39,1,2,1,0,277,1,0,2,3,6,20,8,-1,0,3,0,1,8.0,1,0,1
40,1,1,1,0,95,0,1,2,20,6,61,4,-1,0,3,0,1,4.0,1,0,1
43,0,1,3,0,350,0,0,2,6,8,437,1,-1,0,3,0,1,1.0,1,1,2
33,9,2,2,0,8097,0,1,0,21,1,500,2,-1,0,3,0,1,2.0,1,1,1
39,4,1,0,0,0,0,0,2,11,6,308,7,-1,0,3,0,1,7.0,0,1,1
32,4,2,2,0,1613,0,0,0,21,9,24,5,-1,0,3,0,1,5.0,1,0,1
46,4,1,2,0,39,1,1,0,21,9,64,1,-1,0,3,0,1,1.0,1,0,2
52,2,1,0,0,657,0,0,1,7,2,91,2,217,1,1,0,0,1.0,1,0,3
59,3,1,0,0,1071,0,0,2,19,6,140,1,-1,0,3,0,1,1.0,1,0,3
31,1,2,1,0,-745,1,0,2,13,8,227,1,-1,0,3,0,1,1.0,0,0,1
29,0,2,1,0,543,1,1,0,18,8,166,1,349,5,1,0,0,0.16666666666666666,1,0,0
45,7,1,0,0,132,0,0,0,14,5,179,2,-1,0,3,0,1,2.0,1,0,2
24,9,2,1,0,81,1,0,0,18,8,333,1,-1,0,3,0,1,1.0,1,1,0
53,2,0,2,0,196,1,0,2,16,6,178,7,-1,0,3,0,1,7.0,1,0,3
33,9,2,1,0,3806,1,0,0,8,8,95,3,-1,0,3,0,1,3.0,1,0,1
33,2,1,0,0,2339,1,1,0,20,9,220,1,-1,0,3,0,1,1.0,1,0,1
42,1,2,0,0,1628,1,0,0,5,3,119,1,195,8,2,0,0,0.1111111111111111,1,0,2
39,1,1,1,0,284,1,1,0,17,0,1426,2,318,6,0,0,0,0.2857142857142857,1,1,1
46,0,1,1,0,15,0,0,1,3,6,218,5,-1,0,3,0,1,5.0,1,0,2
31,7,2,2,0,1025,0,0,0,29,4,93,1,254,3,0,0,0,0.25,1,0,1
34,9,0,1,0,347,0,0,0,29,1,15,14,-1,0,3,0,1,14.0,1,0,1
32,0,1,1,0,342,0,0,0,29,4,179,1,-1,0,3,0,1,1.0,1,0,1
34,0,1,1,0,2,1,0,0,25,5,137,11,-1,0,3,0,1,11.0,1,0,1
70,5,1,1,0,616,0,0,0,27,0,149,2,182,1,0,0,0,1.0,1,0,4
35,1,2,1,0,448,0,1,0,20,9,1031,6,-1,0,3,0,1,6.0,1,1,1
35,0,1,1,0,214,1,1,2,5,6,247,1,-1,0,3,0,1,1.0,1,0,1
42,10,0,0,0,148,1,0,0,4,3,102,1,-1,0,3,0,1,1.0,1,0,2
36,7,2,1,0,590,1,0,0,12,8,170,3,-1,0,3,0,1,3.0,1,0,1
50,1,1,0,0,-454,1,0,1,25,5,241,1,-1,0,3,0,1,1.0,0,0,2
51,9,0,1,0,1,1,0,2,5,6,290,1,-1,0,3,0,1,1.0,1,0,3
51,9,1,1,0,58,1,0,0,11,5,128,2,-1,0,3,0,1,2.0,1,0,3
41,1,1,0,0,3140,1,0,2,13,8,87,9,-1,0,3,0,1,9.0,1,0,2
51,9,1,1,0,2242,0,0,0,18,1,498,3,-1,0,3,0,1,3.0,1,1,3
35,9,2,1,0,-196,1,0,0,18,8,45,2,-1,0,3,0,1,2.0,0,0,1
52,0,1,1,0,-462,1,0,0,9,3,172,5,-1,0,3,0,1,5.0,0,0,3
41,4,1,0,0,-4,1,1,2,13,8,181,3,-1,0,3,0,1,3.0,0,0,2
30,4,1,2,0,2451,1,0,0,19,9,191,2,175,1,0,0,0,1.0,1,0,0
29,9,1,1,0,0,0,0,2,12,8,33,2,-1,0,3,0,1,2.0,0,0,0
35,7,1,2,0,0,1,0,2,2,6,312,2,-1,0,3,0,1,2.0,0,1,1
44,7,1,1,0,742,0,0,1,30,5,77,5,-1,0,3,0,1,5.0,1,0,2
35,9,1,1,0,-499,1,0,0,28,5,488,4,-1,0,3,0,1,4.0,0,1,1
32,4,2,2,0,752,1,0,0,15,5,256,5,-1,0,3,0,1,5.0,1,0,1
29,0,1,0,0,624,1,0,2,12,8,246,1,-1,0,3,0,1,1.0,1,0,0
52,1,1,0,0,967,0,0,0,29,4,153,2,-1,0,3,0,1,2.0,1,0,3
38,1,1,1,0,530,1,0,0,20,0,59,3,-1,0,3,0,1,3.0,1,0,1
58,5,1,0,0,235,1,0,2,5,8,167,1,-1,0,3,0,1,1.0,1,0,3
28,1,1,1,0,8,1,0,0,15,8,196,1,-1,0,3,0,1,1.0,1,0,0
35,1,2,0,0,1284,1,0,1,14,8,13,5,-1,0,3,0,1,5.0,1,0,1
42,1,1,1,0,117,1,0,2,9,8,147,1,-1,0,3,0,1,1.0,1,0,2
27,9,1,1,0,31,0,0,0,13,8,136,2,-1,0,3,0,1,2.0,1,0,0
37,4,1,2,0,2364,0,0,1,18,5,662,4,-1,0,3,0,1,4.0,1,1,1
33,0,1,1,0,471,1,0,2,2,6,214,2,-1,0,3,0,1,2.0,1,0,1
48,6,1,1,0,-817,1,0,0,11,5,175,1,-1,0,3,0,1,1.0,0,0,2
52,9,1,2,0,1785,0,0,0,10,9,133,3,89,1,0,0,0,1.5,1,0,3
42,0,2,0,0,629,1,0,2,29,8,164,3,-1,0,3,0,1,3.0,1,0,2
27,4,2,2,0,1623,0,0,0,9,2,161,1,190,1,2,0,0,0.5,1,0,0
33,0,1,1,0,7,1,0,0,17,0,612,1,148,1,0,0,0,0.5,1,1,1
29,9,1,1,0,492,1,0,0,9,5,259,1,-1,0,3,0,1,1.0,1,0,0
51,2,1,2,0,5403,0,0,2,6,6,42,1,-1,0,3,0,1,1.0,1,0,3
28,9,2,1,0,216,1,0,2,13,8,66,1,-1,0,3,0,1,1.0,1,0,0
27,10,2,1,0,0,1,0,0,21,5,53,6,-1,0,3,0,1,6.0,0,0,0
31,7,0,1,0,1222,1,0,2,20,8,532,1,-1,0,3,0,1,1.0,1,1,1
39,0,1,1,0,201,1,0,0,13,0,263,3,-1,0,3,0,1,3.0,1,0,1
32,0,1,2,0,233,1,0,0,2,0,77,2,133,4,0,0,0,0.4,1,0,1
32,1,2,1,0,706,1,0,2,20,8,152,1,-1,0,3,0,1,1.0,1,0,1
40,4,1,2,0,194,0,1,0,29,1,189,2,-1,0,3,0,1,2.0,1,0,1
53,10,1,0,0,142,0,0,0,30,0,168,2,-1,0,3,0,1,2.0,1,0,3
53,1,1,1,0,1103,1,1,2,30,8,163,4,-1,0,3,0,1,4.0,1,0,3
31,0,1,1,0,439,0,0,2,28,8,233,4,-1,0,3,0,1,4.0,1,0,1
28,9,2,2,0,183,1,1,2,28,8,62,2,-1,0,3,0,1,2.0,1,0,0
40,1,2,3,0,4370,1,0,2,14,8,232,2,-1,0,3,0,1,2.0,1,0,1
35,0,1,1,0,348,1,1,0,15,5,323,3,-1,0,3,0,1,3.0,1,1,1
31,4,2,2,0,86,0,0,0,12,1,150,4,-1,0,3,0,1,4.0,1,0,1
46,4,0,2,0,25,0,0,2,17,6,564,2,-1,0,3,0,1,2.0,1,1,2
26,6,0,1,0,165,1,0,0,29,5,162,4,-1,0,3,0,1,4.0,1,0,0
30,0,0,1,0,1320,1,1,0,5,8,122,3,362,1,0,0,0,1.5,1,0,0
30,4,1,2,0,350,0,0,0,29,4,328,2,-1,0,3,0,1,2.0,1,1,0
30,9,1,2,0,1103,1,1,0,29,5,148,15,-1,0,3,0,1,15.0,1,0,0
44,1,1,1,0,1025,1,0,0,21,2,116,2,202,1,0,0,0,1.0,1,0,2
43,9,1,1,0,0,1,1,0,4,3,539,8,204,5,0,0,0,1.3333333333333333,0,1,2
52,9,1,3,0,2709,1,0,1,9,3,48,7,-1,0,3,0,1,7.0,1,0,3
30,6,1,2,0,1596,1,0,0,19,1,195,2,-1,0,3,0,1,2.0,1,0,0
58,4,1,2,0,1394,0,0,0,17,1,628,1,83,1,1,0,0,0.5,1,1,3
37,9,2,2,0,1661,0,0,0,19,1,199,5,-1,0,3,0,1,5.0,1,0,1
33,7,1,1,0,0,1,0,0,14,5,163,2,-1,0,3,0,1,2.0,0,0,1
39,1,1,1,0,94,1,1,0,19,9,181,1,-1,0,3,0,1,1.0,1,0,1
60,5,0,1,0,0,0,0,0,18,5,91,10,-1,0,3,0,1,10.0,0,0,3
74,5,1,0,0,2894,0,0,1,1,11,97,5,204,2,1,0,0,1.6666666666666667,1,0,4
84,5,1,0,0,1791,0,0,1,30,10,62,3,-1,0,3,0,1,3.0,1,0,4
39,4,2,1,0,-490,0,1,0,21,9,141,2,-1,0,3,0,1,2.0,0,0,1
37,11,1,0,0,808,0,0,2,5,6,228,2,-1,0,3,0,1,2.0,1,0,1
50,1,2,1,0,708,1,0,2,15,8,104,1,-1,0,3,0,1,1.0,1,0,2
51,0,0,1,0,115,1,1,2,8,8,136,1,-1,0,3,0,1,1.0,1,0,3
26,9,2,1,0,2087,0,0,2,8,8,151,1,-1,0,3,0,1,1.0,1,0,0
43,1,0,1,0,47,1,1,0,13,8,163,2,370,1,0,0,0,1.0,1,0,2
32,9,2,2,0,360,0,0,0,19,9,164,2,-1,0,3,0,1,2.0,1,0,1
38,1,1,0,0,7944,0,0,2,17,6,116,3,-1,0,3,0,1,3.0,1,0,1
41,1,1,1,0,641,1,0,2,13,8,161,1,-1,0,3,0,1,1.0,1,0,2
37,4,1,2,0,355,0,0,0,4,1,340,1,-1,0,3,0,1,1.0,1,1,1
39,1,2,0,0,-100,1,0,0,14,8,159,1,358,2,0,0,0,0.3333333333333333,0,0,1
47,9,1,1,0,-149,0,1,2,3,5,504,1,-1,0,3,0,1,1.0,0,1,2
33,4,2,2,0,3770,0,0,0,28,4,757,2,-1,0,3,0,1,2.0,1,1,1
48,7,1,1,0,51,1,1,0,2,3,90,1,262,1,0,0,0,0.5,1,0,2
34,0,1,1,0,255,0,1,1,17,5,344,10,-1,0,3,0,1,10.0,1,1,1
57,0,0,0,0,987,0,0,2,16,6,295,2,-1,0,3,0,1,2.0,1,0,3
46,1,1,1,1,-319,0,1,0,10,5,502,2,-1,0,3,0,1,2.0,0,1,2
26,0,2,1,0,0,1,0,0,13,8,204,3,-1,0,3,0,1,3.0,0,0,0
30,7,2,1,0,117,0,0,0,28,4,135,1,-1,0,3,0,1,1.0,1,0,0
30,9,1,2,0,2283,0,0,0,7,1,74,2,-1,0,3,0,1,2.0,1,0,0
44,7,1,1,0,-618,0,1,2,27,6,198,2,-1,0,3,0,1,2.0,0,0,2
25,7,2,1,0,199,0,0,0,15,3,101,2,-1,0,3,0,1,2.0,1,0,0
30,9,2,1,0,710,0,0,0,14,1,306,8,-1,0,3,0,1,8.0,1,1,0
59,9,1,1,0,925,1,0,1,10,5,96,1,-1,0,3,0,1,1.0,1,0,3
46,9,1,1,0,329,1,0,0,20,0,78,1,-1,0,3,0,1,1.0,1,0,2
46,1,1,0,0,147,1,0,0,6,8,116,2,169,3,0,0,0,0.5,1,0,2
23,1,2,0,0,8627,1,0,2,3,6,281,1,-1,0,3,0,1,1.0,1,0,0
43,9,1,1,0,1650,0,0,0,4,3,154,1,-1,0,3,0,1,1.0,1,0,2
41,1,1,0,0,0,1,1,2,6,8,238,1,-1,0,3,0,1,1.0,0,0,2
40,10,0,1,0,452,0,0,0,20,9,98,1,-1,0,3,0,1,1.0,1,0,1
25,1,2,0,0,147,1,0,0,20,0,59,2,322,2,0,0,0,0.6666666666666666,1,0,0
39,4,2,2,0,86,1,0,0,21,1,140,4,-1,0,3,0,1,4.0,1,0,1
32,1,2,1,0,228,0,0,1,5,3,176,1,288,3,0,0,0,0.25,1,0,1
39,1,1,1,0,0,1,0,0,15,5,103,4,-1,0,3,0,1,4.0,0,0,1
34,1,1,1,0,577,0,0,2,14,8,337,1,-1,0,3,0,1,1.0,1,1,1
34,7,1,1,0,0,1,0,0,21,0,95,1,-1,0,3,0,1,1.0,0,0,1
64,4,1,0,0,0,1,0,0,16,3,65,1,-1,0,3,0,1,1.0,0,0,4
46,0,0,1,0,660,1,0,0,29,4,1026,1,259,2,0,0,0,0.3333333333333333,1,1,2
46,4,2,1,0,295,1,0,2,23,8,141,6,-1,0,3,0,1,6.0,1,0,2
50,10,1,1,0,49,1,0,0,21,5,237,1,-1,0,3,0,1,1.0,1,0,2
36,9,1,1,0,-342,1,0,0,28,5,170,3,-1,0,3,0,1,3.0,0,0,1
27,3,1,0,0,275,1,0,0,14,8,196,2,-1,0,3,0,1,2.0,1,0,0
59,0,1,1,0,1675,0,1,0,7,1,113,2,-1,0,3,0,1,2.0,1,0,3
50,1,1,1,0,6288,0,0,0,28,1,20,14,-1,0,3,0,1,14.0,1,0,2
41,7,1,1,0,205,1,0,2,8,8,91,1,-1,0,3,0,1,1.0,1,0,2
44,4,1,2,0,0,1,0,0,20,1,141,3,-1,0,3,0,1,3.0,0,0,2
52,9,0,0,0,1500,0,0,2,15,8,148,3,-1,0,3,0,1,3.0,1,0,3
57,2,1,2,0,958,0,0,2,6,6,250,2,-1,0,3,0,1,2.0,1,0,3
30,1,2,1,0,0,1,0,2,5,8,5,2,-1,0,3,0,1,2.0,0,0,0
32,4,2,2,0,3050,1,0,2,23,8,298,1,-1,0,3,0,1,1.0,1,0,1
24,1,2,1,0,327,1,0,2,28,8,333,2,-1,0,3,0,1,2.0,1,1,0
48,4,2,2,0,648,1,0,0,31,5,462,2,-1,0,3,0,1,2.0,1,1,2
43,0,0,1,0,57,0,0,2,11,6,46,1,-1,0,3,0,1,1.0,1,0,2
38,1,1,1,0,757,1,0,2,6,8,133,1,-1,0,3,0,1,1.0,1,0,1
44,1,1,0,0,-14,1,1,2,19,8,179,4,-1,0,3,0,1,4.0,0,0,2
45,0,1,1,0,171,1,0,2,12,8,539,1,-1,0,3,0,1,1.0,1,1,2
52,0,1,1,0,5122,0,1,0,7,1,218,7,-1,0,3,0,1,7.0,1,0,3
59,5,1,0,0,474,0,0,0,13,1,139,3,-1,0,3,0,1,3.0,1,0,3
56,0,1,1,0,3554,0,0,0,3,6,151,1,-1,0,3,0,1,1.0,1,0,3
26,7,1,1,0,-16,1,0,0,24,5,1036,1,-1,0,3,0,1,1.0,0,1,0
42,9,2,2,0,24,0,0,0,8,5,262,1,-1,0,3,0,1,1.0,1,0,2
37,0,2,1,0,-332,1,0,2,23,8,284,2,-1,0,3,0,1,2.0,0,0,1
52,0,1,1,0,70,1,0,2,3,6,68,2,-1,0,3,0,1,2.0,1,0,3
32,0,1,1,0,0,0,0,0,16,5,141,7,-1,0,3,0,1,7.0,0,0,1
27,10,2,1,0,1972,0,0,0,6,0,97,1,-1,0,3,0,1,1.0,1,0,0
29,1,0,3,0,17,1,0,2,13,8,31,2,-1,0,3,0,1,2.0,1,0,0
54,1,1,1,0,143,1,0,0,12,8,278,2,309,5,0,0,0,0.3333333333333333,1,0,3
48,9,1,3,0,5176,0,0,0,29,5,162,2,-1,0,3,0,1,2.0,1,0,2
54,6,1,2,0,368,0,0,1,31,5,7,4,-1,0,3,0,1,4.0,1,0,3
35,1,1,1,0,807,1,0,2,29,8,1185,3,-1,0,3,0,1,3.0,1,1,1
33,6,1,1,0,47,0,0,0,19,1,168,2,-1,0,3,0,1,2.0,1,0,1
59,5,1,2,0,2512,0,0,0,29,5,167,4,-1,0,3,0,1,4.0,1,0,3
25,6,2,2,0,557,0,0,1,5,1,813,2,-1,0,3,0,1,2.0,1,1,0
55,1,1,1,0,1358,0,0,0,8,0,149,1,-1,0,3,0,1,1.0,1,0,3
32,0,2,1,0,294,1,0,2,28,8,97,2,-1,0,3,0,1,2.0,1,0,1
53,5,0,0,0,-24,0,1,0,14,5,319,3,-1,0,3,0,1,3.0,0,1,3
55,4,0,2,0,277,0,0,0,12,1,101,3,-1,0,3,0,1,3.0,1,0,3
59,3,1,0,0,235,0,0,0,13,1,119,2,-1,0,3,0,1,2.0,1,0,3
53,4,1,0,0,-139,0,0,0,9,5,328,3,-1,0,3,0,1,3.0,0,1,3
28,9,2,1,0,525,0,0,0,3,3,176,2,-1,0,3,0,1,2.0,1,0,0
50,1,1,0,0,4121,1,1,0,20,0,184,2,151,1,0,0,0,1.0,1,0,2
55,0,1,1,0,1102,1,0,0,20,9,195,1,189,2,0,0,0,0.3333333333333333,1,0,3
28,1,2,1,0,0,0,1,0,31,5,11,21,-1,0,3,0,1,21.0,0,0,0
30,1,2,1,0,144,1,0,2,21,8,202,3,-1,0,3,0,1,3.0,1,0,0
30,9,2,2,0,2832,0,0,0,18,1,350,6,-1,0,3,0,1,6.0,1,1,0
54,1,1,0,0,7073,0,0,0,26,1,479,6,-1,0,3,0,1,6.0,1,1,3
39,2,1,0,0,13930,1,0,0,25,5,337,2,-1,0,3,0,1,2.0,1,1,1
31,1,2,1,0,17,1,0,0,12,8,296,1,-1,0,3,0,1,1.0,1,0,1
38,9,1,1,0,2000,1,0,0,7,8,198,2,-1,0,3,0,1,2.0,1,0,1
52,9,1,3,0,7,0,0,2,6,8,203,2,-1,0,3,0,1,2.0,1,0,3
34,1,1,1,0,1650,1,1,1,22,5,351,11,-1,0,3,0,1,11.0,1,1,1
42,1,1,0,0,-181,1,0,2,15,8,297,3,-1,0,3,0,1,3.0,0,0,2
43,1,0,0,0,-57,1,0,2,16,8,221,2,-1,0,3,0,1,2.0,0,0,2
30,8,2,3,0,809,0,0,2,2,6,91,2,-1,0,3,0,1,2.0,1,0,0
28,0,1,1,0,172,1,0,0,29,4,282,1,248,2,1,0,0,0.3333333333333333,1,0,0
45,1,1,1,0,1778,1,0,0,4,3,41,1,251,5,0,0,0,0.16666666666666666,1,0,2
45,1,1,1,0,-149,1,0,2,15,8,644,2,-1,0,3,0,1,2.0,0,1,2
35,9,0,1,0,-94,1,0,2,26,8,114,2,-1,0,3,0,1,2.0,0,0,1
31,7,0,1,0,62,1,0,0,12,8,56,3,351,3,1,0,0,0.75,1,0,1
39,9,1,1,0,49,1,0,0,20,1,379,4,-1,0,3,0,1,4.0,1,1,1
56,7,1,3,0,628,0,0,0,29,1,96,2,-1,0,3,0,1,2.0,1,0,3
54,9,1,1,0,0,1,0,1,12,8,11,6,-1,0,3,0,1,6.0,0,0,3
37,10,2,1,0,1354,1,0,2,4,6,207,4,-1,0,3,0,1,4.0,1,0,1
22,7,1,1,0,83,1,0,2,13,8,101,1,-1,0,3,0,1,1.0,1,0,0
41,1,1,0,0,3658,1,0,0,9,0,268,1,330,1,0,0,0,0.5,1,0,2
35,4,1,2,0,482,0,0,2,6,6,129,2,-1,0,3,0,1,2.0,1,0,1
51,0,2,1,0,3132,0,0,1,5,9,449,1,176,1,0,0,0,0.5,1,1,3
52,0,1,1,0,422,0,0,2,19,6,559,1,-1,0,3,0,1,1.0,1,1,3
51,1,0,0,0,1236,1,0,0,10,5,613,1,-1,0,3,0,1,1.0,1,1,3
40,9,1,1,0,17,0,0,1,17,9,192,1,-1,0,3,0,1,1.0,1,0,1
54,1,1,1,0,466,0,0,0,29,1,436,4,-1,0,3,0,1,4.0,1,1,3
36,2,0,2,0,299,1,0,0,18,9,583,2,-1,0,3,0,1,2.0,1,1,1
33,1,2,1,0,-14,1,0,0,14,8,223,2,-1,0,3,0,1,2.0,0,0,1
39,7,1,1,0,823,1,1,0,28,5,780,2,-1,0,3,0,1,2.0,1,1,1
38,0,2,1,0,77,0,0,0,20,9,441,4,-1,0,3,0,1,4.0,1,1,1
57,9,0,1,0,77,1,1,0,29,4,168,3,246,2,0,0,0,1.0,1,0,3
62,4,1,2,0,10373,0,0,0,17,9,140,3,97,3,0,0,0,0.75,1,0,4
45,2,0,1,0,44,0,1,0,30,4,250,2,2,1,1,0,0,1.0,1,0,2
28,7,0,1,0,356,0,0,0,28,4,296,1,-1,0,3,0,1,1.0,1,0,0
53,1,1,0,0,436,1,0,2,29,8,154,1,-1,0,3,0,1,1.0,1,0,3
47,3,1,1,0,3940,1,0,0,30,0,211,1,87,1,1,0,0,0.5,1,0,2
59,4,1,2,0,1857,0,0,0,29,4,386,1,168,4,0,0,0,0.2,1,1,3
32,0,2,1,0,2817,1,0,0,21,9,195,1,-1,0,3,0,1,1.0,1,0,1
38,7,1,1,0,434,1,0,2,20,8,411,1,-1,0,3,0,1,1.0,1,1,1
54,5,2,1,0,515,1,0,0,6,3,115,2,234,1,0,0,0,1.0,1,0,3
30,7,2,1,0,9720,0,1,0,20,9,255,2,-1,0,3,0,1,2.0,1,0,0
32,4,1,2,0,141,1,1,0,22,1,10,13,-1,0,3,0,1,13.0,1,0,1
52,4,1,2,0,1147,0,0,2,18,6,43,1,-1,0,3,0,1,1.0,1,0,3
35,4,1,2,0,2801,1,0,0,31,5,184,2,-1,0,3,0,1,2.0,1,0,1
26,7,2,1,0,335,0,0,1,29,4,393,2,-1,0,3,0,1,2.0,1,1,0
43,1,0,1,0,110,1,1,2,6,8,448,1,-1,0,3,0,1,1.0,1,1,2
42,0,1,2,0,1536,0,0,0,5,3,132,1,182,3,2,0,0,0.25,1,0,2
53,1,1,1,0,0,0,0,2,6,6,650,1,-1,0,3,0,1,1.0,0,1,3
44,1,2,1,0,25,1,0,0,12,8,244,3,-1,0,3,0,1,3.0,1,0,2
31,9,1,1,0,671,0,0,0,2,3,119,2,175,2,0,0,0,0.6666666666666666,1,0,1
46,2,1,3,0,1481,1,0,2,7,8,49,3,-1,0,3,0,1,3.0,1,0,2
31,9,2,2,0,-749,1,1,0,29,5,82,4,-1,0,3,0,1,4.0,0,0,1
34,1,1,0,0,-703,1,0,0,18,8,160,2,-1,0,3,0,1,2.0,0,0,1
28,1,2,1,0,475,0,0,1,10,5,30,2,-1,0,3,0,1,2.0,1,0,0
69,5,1,1,0,148,0,0,1,4,11,101,1,-1,0,3,0,1,1.0,1,0,4
53,9,0,3,0,629,1,0,0,8,8,298,1,-1,0,3,0,1,1.0,1,0,3
34,10,1,1,0,-16,1,0,0,15,8,212,3,364,2,1,0,0,1.0,0,0,1
32,4,2,2,0,2280,1,0,0,19,9,206,2,-1,0,3,0,1,2.0,1,0,1
50,4,1,2,0,4,0,0,0,17,9,223,1,96,2,0,0,0,0.3333333333333333,1,0,2
37,1,1,1,0,3420,1,0,0,12,8,77,1,301,2,0,0,0,0.3333333333333333,1,0,1
48,4,0,2,0,1010,1,0,0,20,1,65,1,-1,0,3,0,1,1.0,1,0,2
57,9,1,2,0,121,0,0,0,21,1,135,2,-1,0,3,0,1,2.0,1,0,3
34,4,1,2,0,160,1,1,0,15,5,130,1,-1,0,3,0,1,1.0,1,0,1
50,1,1,0,0,71,1,0,2,6,8,678,1,-1,0,3,0,1,1.0,1,1,2
36,1,1,1,0,56,1,0,0,9,5,183,1,-1,0,3,0,1,1.0,1,0,1
31,1,2,3,0,461,1,0,0,7,8,462,1,-1,0,3,0,1,1.0,1,1,1
37,9,0,1,0,23,0,0,0,20,1,289,2,-1,0,3,0,1,2.0,1,0,1
45,2,0,2,0,1273,1,1,2,11,6,197,3,-1,0,3,0,1,3.0,1,0,2
41,1,2,0,0,74,0,0,2,9,5,193,4,-1,0,3,0,1,4.0,1,0,2
51,2,1,0,0,4711,0,0,2,19,6,253,1,-1,0,3,0,1,1.0,1,0,3
31,3,1,1,0,0,1,0,0,21,5,171,1,-1,0,3,0,1,1.0,0,0,1
50,4,1,1,0,-187,1,0,2,29,8,31,2,-1,0,3,0,1,2.0,0,0,2
30,9,1,1,0,776,0,0,0,7,1,72,1,99,2,2,0,0,0.3333333333333333,1,0,0
26,1,2,0,0,318,1,0,2,8,8,101,1,-1,0,3,0,1,1.0,1,0,0
41,0,2,1,0,3895,1,0,0,14,8,305,3,296,11,1,0,0,0.25,1,1,2
32,7,2,1,0,808,1,0,0,20,0,322,1,-1,0,3,0,1,1.0,1,1,1
31,9,2,2,0,-167,1,0,2,2,6,41,5,-1,0,3,0,1,5.0,0,0,1
27,1,1,1,0,379,1,1,2,6,6,252,4,-1,0,3,0,1,4.0,1,0,0
26,4,2,2,0,4683,1,0,1,5,9,5,1,-1,0,3,0,1,1.0,1,0,0
38,4,1,2,0,500,1,1,0,16,5,81,7,-1,0,3,0,1,7.0,1,0,1
57,1,1,1,0,1316,0,0,0,28,4,221,2,182,5,0,0,0,0.3333333333333333,1,0,3
77,5,1,2,0,0,0,0,0,6,0,190,1,-1,0,3,0,1,1.0,0,0,4
37,4,0,2,0,199,1,0,2,18,10,50,1,-1,0,3,0,1,1.0,1,0,1
35,4,1,2,0,2387,1,1,2,2,6,289,2,-1,0,3,0,1,2.0,1,0,1
33,7,1,1,0,1397,1,0,0,16,0,370,1,146,3,0,0,0,0.25,1,1,1
56,4,0,3,0,854,0,0,0,27,8,121,1,-1,0,3,0,1,1.0,1,0,3
43,1,2,0,0,13620,1,0,0,20,9,128,1,-1,0,3,0,1,1.0,1,0,2
25,0,2,1,0,120,1,0,2,3,6,542,1,-1,0,3,0,1,1.0,1,1,0
34,6,1,2,0,865,1,0,0,21,5,51,7,-1,0,3,0,1,7.0,1,0,1
35,1,2,0,0,3751,0,0,2,16,6,193,1,-1,0,3,0,1,1.0,1,0,1
41,3,0,2,0,9767,1,0,2,29,8,162,2,-1,0,3,0,1,2.0,1,0,2
33,11,2,3,0,1,0,0,2,5,8,198,1,-1,0,3,0,1,1.0,1,0,1
34,4,1,2,0,16649,1,0,0,20,9,155,2,-1,0,3,0,1,2.0,1,0,1
57,10,1,1,0,7357,0,0,0,5,3,604,1,-1,0,3,0,1,1.0,1,1,3
33,1,1,0,0,329,1,0,2,9,8,44,1,-1,0,3,0,1,1.0,1,0,1
31,4,1,2,0,233,1,0,0,14,8,241,2,365,10,0,0,0,0.18181818181818182,1,0,1
26,7,1,1,0,0,1,0,0,18,8,130,4,-1,0,3,0,1,4.0,0,0,0
38,4,1,1,0,124,0,0,0,20,1,202,2,-1,0,3,0,1,2.0,1,0,1
37,0,2,1,0,-296,1,0,0,20,0,81,1,-1,0,3,0,1,1.0,0,0,1
31,4,2,1,0,1310,1,0,0,18,8,12,2,-1,0,3,0,1,2.0,1,0,1
44,1,1,0,0,4581,1,0,0,15,0,520,3,146,2,0,0,0,1.0,1,1,2
55,4,1,2,0,6880,0,0,0,8,1,353,2,-1,0,3,0,1,2.0,1,1,3
33,2,1,2,0,-886,1,1,0,25,1,103,6,-1,0,3,0,1,6.0,0,0,1
26,1,2,1,0,277,0,0,2,14,8,514,2,-1,0,3,0,1,2.0,1,1,0
32,8,2,1,0,5836,0,0,0,2,11,281,2,493,2,0,0,0,0.6666666666666666,1,0,1
47,0,1,3,0,66,0,0,0,26,3,297,1,203,1,2,0,0,0.5,1,0,2
55,1,1,0,0,400,0,0,0,21,1,137,4,-1,0,3,0,1,4.0,1,0,3
31,0,2,1,0,1129,1,0,0,18,8,145,3,-1,0,3,0,1,3.0,1,0,1
54,6,1,1,0,77,0,0,0,21,1,180,4,-1,0,3,0,1,4.0,1,0,3
44,6,0,2,0,2938,0,0,0,6,3,107,2,-1,0,3,0,1,2.0,1,0,2
55,9,2,2,0,-703,1,0,0,8,8,123,3,-1,0,3,0,1,3.0,0,0,3
26,8,2,1,0,766,0,0,0,9,0,125,6,-1,0,3,0,1,6.0,1,0,0
41,0,1,1,0,1597,1,0,0,16,0,461,2,321,1,0,0,0,1.0,1,1,2
46,4,1,2,0,0,0,0,2,7,8,70,2,-1,0,3,0,1,2.0,0,0,2
35,9,2,1,0,663,0,1,0,14,1,215,2,-1,0,3,0,1,2.0,1,0,1
57,9,1,1,0,16063,1,0,2,30,8,352,3,-1,0,3,0,1,3.0,1,1,3
39,1,1,1,1,-16,0,0,2,29,8,285,2,-1,0,3,0,1,2.0,0,0,1
43,1,1,1,0,130,1,0,0,9,3,146,3,256,1,0,0,0,1.5,1,0,2
54,7,1,0,0,198,1,0,0,31,5,69,3,-1,0,3,0,1,3.0,1,0,3
58,3,1,2,0,0,1,0,0,21,5,111,1,-1,0,3,0,1,1.0,0,0,3
41,4,1,2,1,-1176,1,1,0,31,5,81,1,-1,0,3,0,1,1.0,0,0,2
33,9,2,1,0,930,1,0,0,15,8,163,5,359,1,0,0,0,2.5,1,0,1
38,0,1,1,0,0,1,0,1,16,5,264,5,-1,0,3,0,1,5.0,0,0,1
58,1,1,0,0,76,1,0,2,5,8,156,2,-1,0,3,0,1,2.0,1,0,3
35,0,1,1,1,0,0,1,2,4,5,105,3,-1,0,3,0,1,3.0,0,0,1
48,4,1,0,0,606,0,0,0,7,11,589,3,186,6,0,0,0,0.42857142857142855,1,1,2
52,10,1,1,0,0,0,0,2,16,6,18,7,-1,0,3,0,1,7.0,0,0,3
41,9,2,1,0,28,0,0,2,16,8,51,1,-1,0,3,0,1,1.0,1,0,2
37,9,2,1,0,-59,1,0,0,22,5,70,1,-1,0,3,0,1,1.0,0,0,1
22,1,2,0,0,-168,1,0,2,13,8,160,3,-1,0,3,0,1,3.0,0,0,0
32,0,0,1,0,43,1,0,2,9,8,218,2,-1,0,3,0,1,2.0,1,0,1
51,1,1,0,0,0,1,0,1,14,5,120,3,-1,0,3,0,1,3.0,0,0,3
60,5,1,2,0,2196,0,0,0,15,6,318,3,-1,0,3,0,1,3.0,1,1,3
70,5,1,2,0,15834,0,0,1,1,10,90,1,-1,0,3,0,1,1.0,1,0,4
31,1,1,1,0,-720,1,1,2,15,8,112,2,-1,0,3,0,1,2.0,0,0,1
24,0,1,1,0,262,1,0,2,4,6,69,3,-1,0,3,0,1,3.0,1,0,0
32,0,2,2,0,3188,0,0,0,5,3,65,2,242,1,1,0,0,1.0,1,0,1
72,5,1,1,0,6253,0,0,1,7,11,456,1,-1,0,3,0,1,1.0,1,1,4
35,4,2,1,0,3384,1,0,0,31,5,372,2,-1,0,3,0,1,2.0,1,1,1
39,9,1,1,0,-475,1,0,0,7,8,168,3,301,1,0,0,0,1.5,0,0,1
31,9,2,2,0,3222,1,0,0,28,4,175,1,-1,0,3,0,1,1.0,1,0,1
31,0,1,1,0,1246,1,0,0,17,9,111,2,-1,0,3,0,1,2.0,1,0,1
32,4,2,2,0,0,0,0,0,29,1,255,2,-1,0,3,0,1,2.0,0,0,1
49,7,1,1,0,1345,1,0,0,20,0,254,1,-1,0,3,0,1,1.0,1,0,2
49,1,1,1,0,171,0,0,0,4,3,19,3,175,2,1,0,0,1.0,1,0,2
49,0,1,1,0,359,1,0,0,2,3,231,2,271,1,0,0,0,1.0,1,0,2
36,4,1,2,0,2957,1,1,0,30,0,193,2,265,3,2,0,0,0.5,1,0,1
34,4,1,0,0,6,1,0,2,8,8,125,3,-1,0,3,0,1,3.0,1,0,1
30,8,2,2,0,3094,0,0,0,2,6,116,2,-1,0,3,0,1,2.0,1,0,0
46,1,1,1,0,182,0,0,0,4,3,56,1,-1,0,3,0,1,1.0,1,0,2
39,0,1,1,0,1101,1,0,0,6,8,128,3,-1,0,3,0,1,3.0,1,0,1
53,10,1,2,0,240,0,0,0,29,1,106,3,-1,0,3,0,1,3.0,1,0,3
33,0,2,1,0,892,1,0,2,21,8,151,1,-1,0,3,0,1,1.0,1,0,1
36,9,1,1,0,300,0,0,2,9,6,287,1,-1,0,3,0,1,1.0,1,0,1
38,9,1,1,0,79,1,0,0,20,1,209,2,-1,0,3,0,1,2.0,1,0,1
49,7,0,1,0,3250,0,0,2,16,6,32,3,-1,0,3,0,1,3.0,1,0,2
57,4,1,1,0,1502,0,0,1,17,9,340,2,109,11,0,0,0,0.16666666666666666,1,1,3
37,4,2,2,0,600,1,0,2,5,8,152,1,-1,0,3,0,1,1.0,1,0,1
45,4,0,2,0,-96,0,1,0,20,1,95,2,-1,0,3,0,1,2.0,0,0,2
39,9,1,1,0,116,0,0,0,24,1,79,2,94,2,2,0,0,0.6666666666666666,1,0,1
31,7,2,1,0,124,1,0,2,3,6,154,4,-1,0,3,0,1,4.0,1,0,1
41,9,1,1,0,-804,1,1,2,27,8,269,11,-1,0,3,0,1,11.0,0,0,2
33,7,1,1,0,39,1,0,2,4,6,66,4,-1,0,3,0,1,4.0,1,0,1
32,3,1,2,0,357,1,0,0,18,9,175,2,-1,0,3,0,1,2.0,1,0,1
62,5,1,2,0,0,0,0,0,17,2,188,2,-1,0,3,0,1,2.0,0,0,4
37,3,1,0,0,254,1,0,1,18,8,16,6,-1,0,3,0,1,6.0,1,0,1
35,9,1,1,0,1144,0,0,0,20,1,197,13,-1,0,3,0,1,13.0,1,0,1
26,8,2,1,0,119,0,0,0,3,3,247,3,-1,0,3,0,1,3.0,1,0,0
55,1,0,0,0,39,1,0,2,13,8,343,1,-1,0,3,0,1,1.0,1,1,3
48,4,1,3,0,54,1,0,2,16,8,293,7,-1,0,3,0,1,7.0,1,0,2
28,1,2,1,0,2486,1,0,1,18,8,26,5,354,1,2,0,0,2.5,1,0,0
32,1,2,1,0,70,1,0,2,26,8,118,6,-1,0,3,0,1,6.0,1,0,1
44,4,2,1,0,813,0,0,0,26,1,358,2,-1,0,3,0,1,2.0,1,1,2
49,1,2,0,0,1164,1,0,2,8,8,72,1,-1,0,3,0,1,1.0,1,0,2
53,4,0,1,0,28,1,0,0,6,8,135,2,289,1,0,0,0,1.0,1,0,3
26,9,2,1,0,33,0,0,0,23,5,91,7,-1,0,3,0,1,7.0,1,0,0
38,9,2,1,0,28,1,1,0,20,0,131,3,-1,0,3,0,1,3.0,1,0,1
51,7,1,3,0,6451,0,0,1,19,9,66,2,-1,0,3,0,1,2.0,1,0,3
34,0,1,1,0,641,1,1,2,16,8,467,1,-1,0,3,0,1,1.0,1,1,1
45,4,2,2,0,871,0,0,0,17,5,230,5,-1,0,3,0,1,5.0,1,0,2
42,1,1,3,0,452,1,0,0,17,9,359,2,-1,0,3,0,1,2.0,1,1,2
42,9,0,1,0,-106,1,0,2,29,8,95,1,-1,0,3,0,1,1.0,0,0,2
25,9,1,1,0,691,1,0,0,15,8,333,1,330,2,0,0,0,0.3333333333333333,1,1,0
55,4,0,2,0,26306,1,0,0,23,11,84,1,589,4,0,0,0,0.2,1,0,3
33,9,2,1,0,1500,0,0,0,7,1,133,4,-1,0,3,0,1,4.0,1,0,1
39,7,1,3,0,-516,1,0,2,9,8,86,2,-1,0,3,0,1,2.0,0,0,1
40,7,1,1,0,683,1,0,0,2,3,299,2,-1,0,3,0,1,2.0,1,0,1
49,7,1,0,0,468,0,0,0,5,1,608,2,-1,0,3,0,1,2.0,1,1,2
35,1,2,1,0,8040,1,0,0,13,8,173,2,-1,0,3,0,1,2.0,1,0,1
36,10,2,1,0,115,0,0,0,9,3,71,2,-1,0,3,0,1,2.0,1,0,1
27,9,1,1,0,1577,1,1,2,28,8,266,2,-1,0,3,0,1,2.0,1,0,0
45,3,1,2,0,0,1,0,1,7,8,309,1,-1,0,3,0,1,1.0,0,1,2
55,1,1,0,0,284,0,1,1,14,5,252,4,-1,0,3,0,1,4.0,1,0,3
51,3,1,0,0,1337,0,0,1,30,5,74,6,-1,0,3,0,1,6.0,1,0,3
34,9,1,1,0,65,1,0,2,8,8,63,3,-1,0,3,0,1,3.0,1,0,1
53,4,1,2,0,32464,0,0,0,19,9,135,4,-1,0,3,0,1,4.0,1,0,3
35,10,1,1,0,315,1,0,1,19,9,70,1,-1,0,3,0,1,1.0,1,0,1
59,1,1,1,0,1376,0,1,2,9,8,61,4,-1,0,3,0,1,4.0,1,0,3
32,1,1,1,0,944,0,0,0,13,8,231,2,362,1,1,0,0,1.0,1,0,1
46,4,0,1,0,270,0,0,2,12,6,125,1,-1,0,3,0,1,1.0,1,0,2
29,4,0,2,0,607,1,1,2,8,8,240,3,-1,0,3,0,1,3.0,1,0,0
29,1,1,0,0,57,0,1,0,7,5,461,1,-1,0,3,0,1,1.0,1,1,0
26,8,2,3,0,198,0,0,0,5,3,161,1,-1,0,3,0,1,1.0,1,0,0
33,4,2,2,0,4409,0,0,0,20,9,92,2,-1,0,3,0,1,2.0,1,0,1
55,9,1,1,0,2760,1,0,2,30,8,267,14,-1,0,3,0,1,14.0,1,0,3
37,9,1,1,0,318,0,0,0,2,3,167,1,187,2,0,0,0,0.3333333333333333,1,0,1
45,9,0,1,0,146,0,0,0,8,5,216,1,-1,0,3,0,1,1.0,1,0,2
46,7,1,1,0,216,1,0,2,6,8,524,2,-1,0,3,0,1,2.0,1,1,2
51,4,2,2,0,2242,0,0,1,9,3,11,8,-1,0,3,0,1,8.0,1,0,3
37,7,1,1,0,1,0,0,2,15,8,395,2,-1,0,3,0,1,2.0,1,1,1
23,8,2,1,0,287,0,0,1,3,7,700,3,180,1,1,0,0,1.5,1,1,0
40,4,0,2,0,69,1,0,0,30,5,149,2,-1,0,3,0,1,2.0,1,0,1
45,7,1,3,0,9,1,0,1,29,5,186,2,-1,0,3,0,1,2.0,1,0,2
26,8,2,1,0,620,0,0,0,26,1,76,1,96,2,2,0,0,0.3333333333333333,1,0,0
37,1,1,0,0,175,1,1,0,4,3,430,2,272,3,1,0,0,0.5,1,1,1
45,1,1,0,0,678,0,0,0,5,1,104,3,-1,0,3,0,1,3.0,1,0,2
30,3,1,0,0,462,0,1,0,30,5,274,3,-1,0,3,0,1,3.0,1,0,0
54,9,1,2,0,417,1,0,2,16,6,375,2,-1,0,3,0,1,2.0,1,1,3
46,2,0,1,0,1187,0,1,0,13,10,92,1,327,1,0,0,0,0.5,1,0,2
51,10,1,1,0,2439,0,0,0,19,9,118,1,-1,0,3,0,1,1.0,1,0,3
33,0,1,1,0,0,1,1,0,9,5,160,1,-1,0,3,0,1,1.0,0,0,1
43,9,2,1,0,257,1,0,0,2,3,64,2,-1,0,3,0,1,2.0,1,0,2
32,4,2,2,0,0,0,0,0,22,1,148,2,-1,0,3,0,1,2.0,0,0,1
42,9,2,1,0,568,1,0,0,6,8,311,2,341,2,0,0,0,0.6666666666666666,1,1,2
55,6,1,0,0,0,0,0,0,8,1,138,2,-1,0,3,0,1,2.0,0,0,3
33,4,1,2,0,483,1,0,2,14,8,738,2,-1,0,3,0,1,2.0,1,1,1
52,7,1,0,0,911,0,0,2,20,6,29,2,-1,0,3,0,1,2.0,1,0,3
30,1,1,0,0,2607,1,0,2,28,8,158,10,-1,0,3,0,1,10.0,1,0,0
34,7,1,1,0,305,1,0,0,20,0,212,2,-1,0,3,0,1,2.0,1,0,1
44,7,1,1,0,-230,1,1,0,20,9,352,1,177,1,0,0,0,0.5,0,1,2
45,0,1,2,0,2552,0,0,0,12,1,149,7,-1,0,3,0,1,7.0,1,0,2
31,0,1,1,0,89,0,0,2,7,8,297,3,-1,0,3,0,1,3.0,1,0,1
31,7,2,1,0,85,0,0,0,16,5,151,1,-1,0,3,0,1,1.0,1,0,1
27,7,1,1,0,311,1,0,0,15,8,50,1,352,1,0,0,0,0.5,1,0,0
43,4,1,2,0,344,1,1,0,28,4,282,1,238,2,0,0,0,0.3333333333333333,1,0,2
32,9,2,2,0,-311,0,0,0,18,9,218,2,-1,0,3,0,1,2.0,0,0,1
42,1,1,1,0,2256,1,0,2,16,6,315,1,-1,0,3,0,1,1.0,1,1,2
44,1,1,1,0,594,0,0,2,11,6,340,1,-1,0,3,0,1,1.0,1,1,2
51,4,2,2,0,4305,1,0,0,4,8,126,1,-1,0,3,0,1,1.0,1,0,3
44,7,0,1,0,7,1,1,2,7,8,238,3,-1,0,3,0,1,3.0,1,0,2
41,9,2,1,0,3023,0,0,0,31,5,616,3,-1,0,3,0,1,3.0,1,1,2
33,1,2,1,0,1036,1,1,0,16,0,323,2,321,2,0,0,0,0.6666666666666666,1,1,1
29,11,2,1,0,1288,0,0,0,3,3,266,1,-1,0,3,0,1,1.0,1,0,0
43,0,2,1,0,2527,1,0,2,7,8,276,4,-1,0,3,0,1,4.0,1,0,2
45,4,1,2,0,6945,0,0,0,5,1,131,5,356,3,0,0,0,1.25,1,0,2
31,9,2,3,0,460,1,0,0,7,8,189,2,-1,0,3,0,1,2.0,1,0,1
36,1,1,0,0,-79,0,0,2,7,8,159,3,-1,0,3,0,1,3.0,0,0,1
53,4,0,2,0,269,0,0,0,6,1,347,2,-1,0,3,0,1,2.0,1,1,3
38,10,1,0,0,447,1,0,2,7,8,365,4,-1,0,3,0,1,4.0,1,1,1
59,1,1,0,0,0,0,0,0,18,9,167,2,-1,0,3,0,1,2.0,0,0,3
30,9,2,1,0,516,1,0,0,6,8,66,2,-1,0,3,0,1,2.0,1,0,0
43,1,1,1,0,314,1,1,0,20,0,247,3,339,2,0,0,0,1.0,1,0,2
38,7,2,0,0,556,1,0,2,12,6,113,1,-1,0,3,0,1,1.0,1,0,1
39,7,1,1,0,1970,1,0,2,8,6,30,1,404,2,2,0,0,0.3333333333333333,1,0,1
45,4,1,2,0,1493,0,0,2,16,6,140,3,-1,0,3,0,1,3.0,1,0,2
49,4,1,2,0,0,0,0,0,27,1,56,6,-1,0,3,0,1,6.0,0,0,2
30,4,2,1,0,18,1,0,0,17,9,294,1,-1,0,3,0,1,1.0,1,0,0
35,9,1,1,0,451,1,1,0,12,8,247,1,-1,0,3,0,1,1.0,1,0,1
31,9,2,1,0,7567,0,0,0,11,1,70,2,-1,0,3,0,1,2.0,1,0,1
40,1,2,0,0,2226,1,0,1,14,8,7,7,-1,0,3,0,1,7.0,1,0,1
40,4,0,2,0,99,0,0,0,11,1,275,2,-1,0,3,0,1,2.0,1,0,1
44,9,1,1,0,682,0,0,0,27,1,85,3,-1,0,3,0,1,3.0,1,0,2
56,4,1,2,0,67,0,1,0,29,1,88,2,-1,0,3,0,1,2.0,1,0,3
37,0,2,1,0,0,0,0,2,28,8,17,13,-1,0,3,0,1,13.0,0,0,1
58,9,0,1,0,-147,1,1,0,28,5,95,3,-1,0,3,0,1,3.0,0,0,3
60,9,1,2,0,6573,1,0,0,6,9,126,2,87,2,0,0,0,0.6666666666666666,1,0,3
45,1,1,0,0,408,0,0,2,9,6,253,2,-1,0,3,0,1,2.0,1,0,2
39,1,1,1,0,281,0,0,2,20,6,78,7,-1,0,3,0,1,7.0,1,0,1
41,4,1,1,0,3018,1,0,0,17,9,536,2,-1,0,3,0,1,2.0,1,1,2
46,1,1,0,0,0,1,1,2,8,8,390,3,-1,0,3,0,1,3.0,0,1,2
40,1,1,0,0,-335,1,0,2,27,8,260,1,-1,0,3,0,1,1.0,0,0,1
36,1,2,1,0,340,0,1,2,16,6,559,3,-1,0,3,0,1,3.0,1,1,1
22,8,2,1,0,280,1,0,2,2,5,63,4,-1,0,3,0,1,4.0,1,0,0
30,1,1,1,0,5903,1,0,0,6,8,231,1,363,1,0,0,0,0.5,1,0,0
38,1,2,0,0,-5,1,0,2,21,8,30,12,-1,0,3,0,1,12.0,0,0,1
33,1,1,0,0,-3,1,0,1,17,0,114,2,-1,0,3,0,1,2.0,0,0,1
28,0,2,1,0,19,0,0,0,8,5,78,4,-1,0,3,0,1,4.0,1,0,0
31,0,2,1,0,554,1,0,0,11,3,80,1,6,1,0,0,0,0.5,1,0,1
45,9,1,1,0,2403,0,0,0,21,9,207,1,-1,0,3,0,1,1.0,1,0,2
56,7,0,1,0,140,0,0,0,10,5,173,1,-1,0,3,0,1,1.0,1,0,3
38,10,2,1,0,2470,1,0,0,4,3,131,1,230,1,1,0,0,0.5,1,0,1
27,8,2,2,0,1013,0,0,0,28,4,965,3,-1,0,3,0,1,3.0,1,1,0
45,4,2,2,0,1269,0,0,2,20,6,55,7,-1,0,3,0,1,7.0,1,0,2
49,4,1,3,0,0,0,0,0,19,9,99,2,-1,0,3,0,1,2.0,0,0,2
39,4,2,2,0,416,0,0,0,9,5,427,1,-1,0,3,0,1,1.0,1,1,1
22,9,2,1,0,0,1,0,2,27,8,394,1,-1,0,3,0,1,1.0,0,1,0
45,7,1,1,0,1306,0,0,2,11,6,125,3,-1,0,3,0,1,3.0,1,0,2
44,1,2,1,0,-210,1,0,0,11,8,73,4,-1,0,3,0,1,4.0,0,0,2
36,7,2,1,0,5315,1,0,0,3,3,43,4,-1,0,3,0,1,4.0,1,0,1
40,1,1,1,0,6536,0,0,2,5,6,647,1,-1,0,3,0,1,1.0,1,1,1
60,1,1,1,0,576,0,0,0,22,8,190,1,-1,0,3,0,1,1.0,1,0,3
42,9,1,1,0,525,0,0,0,17,9,172,3,-1,0,3,0,1,3.0,1,0,2
30,9,2,1,0,53,1,0,0,18,5,352,5,-1,0,3,0,1,5.0,1,1,0
35,4,1,2,0,2088,1,0,0,22,6,457,3,-1,0,3,0,1,3.0,1,1,1
46,2,1,2,0,4726,1,0,0,8,0,405,1,-1,0,3,0,1,1.0,1,1,2
40,0,2,1,0,-227,1,0,2,7,8,161,3,-1,0,3,0,1,3.0,0,0,1
28,4,2,2,0,207,0,0,0,28,1,129,1,94,4,0,0,0,0.2,1,0,0
50,4,1,2,0,346,0,0,0,4,8,76,2,87,1,2,0,0,1.0,1,0,2
30,9,1,1,0,764,0,0,2,26,8,150,2,-1,0,3,0,1,2.0,1,0,0
30,0,1,1,0,457,1,0,2,3,6,384,5,-1,0,3,0,1,5.0,1,1,0
46,9,1,1,0,1740,1,0,0,11,8,333,1,-1,0,3,0,1,1.0,1,1,2
29,7,1,1,0,340,1,1,2,26,8,297,1,-1,0,3,0,1,1.0,1,0,0
34,4,1,2,0,0,0,0,0,11,1,331,2,-1,0,3,0,1,2.0,0,1,1
29,2,1,1,0,926,1,0,0,15,5,169,2,-1,0,3,0,1,2.0,1,0,0
44,7,0,1,0,396,1,1,2,7,8,396,4,-1,0,3,0,1,4.0,1,1,2
34,4,1,2,0,573,0,0,0,10,1,122,1,-1,0,3,0,1,1.0,1,0,1
42,1,1,1,0,-972,1,0,2,29,8,146,1,-1,0,3,0,1,1.0,0,0,2
57,9,1,1,0,1158,0,0,2,17,9,204,2,109,21,1,0,0,0.09090909090909091,1,0,3
53,1,1,0,0,1409,1,0,0,2,0,464,1,287,1,0,0,0,0.5,1,1,3
40,9,1,1,0,7313,1,0,0,18,9,241,2,182,1,0,0,0,1.0,1,0,1
31,1,0,1,0,15187,0,0,0,12,6,127,2,-1,0,3,0,1,2.0,1,0,1
34,1,1,1,0,2076,1,0,0,20,0,257,1,-1,0,3,0,1,1.0,1,0,1
31,4,2,2,0,284,0,0,0,21,1,45,4,-1,0,3,0,1,4.0,1,0,1
40,9,1,2,0,677,1,0,0,15,0,110,3,-1,0,3,0,1,3.0,1,0,1
38,1,1,0,0,476,1,0,2,28,8,212,4,-1,0,3,0,1,4.0,1,0,1
36,4,2,2,0,688,0,0,0,2,6,126,1,120,1,0,0,0,0.5,1,0,1
44,1,1,0,0,617,1,0,2,13,8,227,2,-1,0,3,0,1,2.0,1,0,2
45,4,1,2,0,4877,1,0,0,8,1,172,2,-1,0,3,0,1,2.0,1,0,2
40,1,1,1,0,563,1,0,2,7,8,615,1,-1,0,3,0,1,1.0,1,1,1
33,9,2,1,0,49,0,0,2,21,8,151,1,-1,0,3,0,1,1.0,1,0,1
33,0,2,1,0,32,0,0,0,11,5,43,1,-1,0,3,0,1,1.0,1,0,1
56,4,1,2,0,-45,1,0,2,30,8,116,6,-1,0,3,0,1,6.0,0,0,3
49,3,1,1,0,905,0,0,0,25,1,102,4,-1,0,3,0,1,4.0,1,0,2
46,1,1,1,0,1733,1,0,2,14,8,546,1,-1,0,3,0,1,1.0,1,1,2
29,1,1,1,0,457,1,0,0,20,0,72,3,341,1,1,0,0,1.5,1,0,0
46,2,0,2,0,91,0,1,0,23,5,182,1,-1,0,3,0,1,1.0,1,0,2
35,8,2,3,0,0,0,0,1,28,4,122,3,-1,0,3,0,1,3.0,0,0,1
53,0,1,0,0,234,1,0,1,13,8,53,7,-1,0,3,0,1,7.0,1,0,3
39,1,1,1,0,-99,0,0,0,17,5,260,1,-1,0,3,0,1,1.0,0,0,1
44,4,2,2,0,780,1,0,0,30,4,511,2,-1,0,3,0,1,2.0,1,1,2
32,0,2,1,0,641,1,0,0,12,8,148,1,-1,0,3,0,1,1.0,1,0,1
31,0,2,1,0,626,1,0,2,21,8,211,1,-1,0,3,0,1,1.0,1,0,1
53,7,0,1,1,0,0,1,2,3,5,172,10,-1,0,3,0,1,10.0,0,0,3
32,1,1,1,0,428,1,0,0,7,8,93,1,363,1,0,0,0,0.5,1,0,1
55,1,1,1,0,840,1,0,2,6,8,310,2,-1,0,3,0,1,2.0,1,1,3
41,1,1,0,0,246,0,0,2,19,6,683,3,-1,0,3,1,1,3.0,1,1,2
35,4,0,2,0,859,1,1,0,19,9,1554,1,-1,0,3,1,1,1.0,1,1,1
42,4,1,2,0,1435,1,0,0,7,8,1148,1,-1,0,3,1,1,1.0,1,1,2
50,0,1,1,0,3608,1,0,0,14,8,196,8,182,4,2,1,0,1.6,1,0,2
34,0,1,1,0,247,0,0,0,8,10,401,2,-1,0,3,1,1,2.0,1,1,1
52,10,1,0,0,959,0,0,1,30,5,694,2,-1,0,3,1,1,2.0,1,1,3
28,1,2,1,0,524,1,0,0,6,8,554,2,-1,0,3,1,1,2.0,1,1,0
59,4,1,2,0,3342,0,0,0,18,7,467,2,188,6,1,1,0,0.2857142857142857,1,1,3
26,7,2,2,0,12,0,0,0,14,6,563,1,181,10,0,1,0,0.09090909090909091,1,1,0
37,4,0,2,0,1775,0,0,0,15,5,514,5,-1,0,3,1,1,5.0,1,1,1
41,9,1,1,0,4004,0,0,0,17,0,314,2,-1,0,3,1,1,2.0,1,1,2
31,7,2,1,0,181,0,0,0,30,0,325,1,-1,0,3,1,1,1.0,1,1,1
23,7,2,1,0,425,1,0,2,3,6,768,1,-1,0,3,1,1,1.0,1,1,0
35,9,0,1,0,84,1,1,0,6,8,954,1,-1,0,3,1,1,1.0,1,1,1
31,1,1,1,0,136,0,0,0,12,8,228,2,267,1,0,1,0,1.0,1,0,1
43,4,0,2,0,481,1,0,0,3,6,187,1,20,1,1,1,0,0.5,1,0,2
48,4,1,2,0,1093,1,1,0,13,10,1226,2,-1,0,3,1,1,2.0,1,1,2
60,10,1,1,0,1047,0,0,0,27,8,173,3,279,4,2,1,0,0.6,1,0,3
39,9,2,3,0,45248,1,0,2,6,8,1623,1,-1,0,3,1,1,1.0,1,1,1
53,1,0,0,0,4401,0,0,1,11,9,241,1,92,1,2,1,0,0.5,1,0,3
34,4,1,2,0,3301,1,0,0,17,11,164,5,92,6,2,1,0,0.7142857142857143,1,0,1
38,2,1,2,0,0,0,0,0,23,5,532,2,-1,0,3,1,1,2.0,0,1,1
61,4,1,2,0,267,0,0,0,20,0,190,1,-1,0,3,1,1,1.0,1,0,4
47,1,1,1,0,238,1,1,0,13,7,3076,1,-1,0,3,1,1,1.0,1,1,2
30,6,1,2,0,543,1,1,2,4,6,1449,6,-1,0,3,1,1,6.0,1,1,0
24,1,2,1,1,-203,1,0,2,12,6,465,3,-1,0,3,1,1,3.0,0,1,0
45,9,2,2,0,0,0,0,0,18,1,773,4,-1,0,3,1,1,4.0,0,1,2
39,9,2,2,0,393,0,0,0,26,7,281,1,-1,0,3,1,1,1.0,1,0,1
56,5,1,0,0,9367,0,0,0,13,1,320,2,101,2,2,1,0,0.6666666666666666,1,1,3
29,9,2,1,0,706,1,0,0,18,8,1340,1,-1,0,3,1,1,1.0,1,1,0
69,5,1,0,0,2346,0,0,0,11,3,354,2,-1,0,3,1,1,2.0,1,1,4
24,8,2,1,0,125,0,0,0,9,9,263,1,90,1,0,1,0,0.5,1,0,0
37,0,2,1,0,245,1,1,2,7,8,732,2,-1,0,3,1,1,2.0,1,1,1
39,4,2,2,0,307,0,0,0,22,8,182,2,-1,0,3,1,1,2.0,1,0,1
31,4,0,2,0,883,1,0,0,5,7,112,2,106,1,0,1,0,1.0,1,0,1
65,3,1,0,0,715,0,0,0,11,7,323,1,-1,0,3,1,1,1.0,1,1,4
42,7,2,2,0,94,1,0,0,11,1,176,2,90,4,0,1,0,0.4,1,0,2
45,0,1,1,0,476,0,0,0,6,1,356,1,364,1,1,1,0,0.5,1,1,2
43,10,0,1,0,1854,0,0,0,30,0,323,1,-1,0,3,1,1,1.0,1,1,2
50,4,1,2,0,469,0,0,0,16,10,170,1,183,1,2,1,0,0.5,1,0,2
45,2,1,1,0,781,0,1,0,17,9,652,2,126,2,0,1,0,0.6666666666666666,1,1,2
44,10,2,0,1,-4,0,1,0,30,5,788,2,-1,0,3,1,1,2.0,0,1,2
55,1,0,0,0,8180,0,0,0,14,8,854,2,360,1,0,1,0,1.0,1,1,3
33,4,1,2,0,5878,0,0,0,23,10,438,1,430,2,0,1,0,0.3333333333333333,1,1,1
39,1,1,0,0,70,0,0,2,8,8,813,1,-1,0,3,1,1,1.0,1,1,1
67,5,0,1,0,704,0,0,0,3,9,537,1,-1,0,3,1,1,1.0,1,1,4
55,4,1,2,0,3848,1,0,0,8,0,222,2,-1,0,3,1,1,2.0,1,0,3
54,1,0,0,0,4401,0,0,1,13,8,414,1,183,2,2,1,0,0.3333333333333333,1,1,3
38,4,1,2,0,4174,0,0,0,23,10,336,2,184,5,0,1,0,0.3333333333333333,1,1,1
32,1,1,1,0,889,1,0,0,10,11,185,1,99,5,2,1,0,0.16666666666666666,1,0,1
56,1,2,1,0,663,0,1,0,8,5,819,3,-1,0,3,1,1,3.0,1,1,3
33,0,1,1,0,920,0,0,0,30,0,344,1,-1,0,3,1,1,1.0,1,1,1
22,1,2,1,0,682,0,0,0,5,6,126,2,91,1,2,1,0,1.0,1,0,0
35,1,1,3,0,1201,0,0,2,18,6,537,1,-1,0,3,1,1,1.0,1,1,1
76,3,0,0,0,1411,0,0,1,19,10,233,2,187,3,2,1,0,0.5,1,0,4
44,1,1,3,0,146,1,0,2,15,8,483,1,-1,0,3,1,1,1.0,1,1,2
35,4,2,2,0,538,0,0,0,22,2,410,3,165,2,1,1,0,1.0,1,1,1
64,5,1,2,0,1644,0,0,1,5,7,341,4,179,4,2,1,0,0.8,1,1,4
29,1,0,1,0,-19,1,0,0,20,0,712,4,-1,0,3,1,1,4.0,0,1,0
34,9,2,1,0,1279,1,0,0,22,5,174,2,160,8,1,1,0,0.2222222222222222,1,0,1
46,4,0,1,0,0,0,0,0,27,1,763,5,-1,0,3,1,1,5.0,0,1,2
65,5,1,1,0,2,0,0,0,14,0,450,1,-1,0,3,1,1,1.0,1,1,4
36,0,1,2,0,29,0,0,0,12,1,576,1,-1,0,3,1,1,1.0,1,1,1
80,5,0,0,0,235,0,0,0,31,7,577,1,223,3,1,1,0,0.25,1,1,4
60,5,0,1,0,496,1,0,0,15,8,655,2,-1,0,3,1,1,2.0,1,1,3
27,9,2,2,0,4661,0,0,0,8,0,114,1,-1,0,3,1,1,1.0,1,0,0
29,4,2,2,0,224,1,0,0,24,0,65,2,81,3,0,1,0,0.5,1,0,0
36,7,1,1,0,30,0,1,0,8,5,716,5,-1,0,3,1,1,5.0,1,1,1
34,7,1,1,0,1076,0,0,0,12,8,152,1,182,6,2,1,0,0.14285714285714285,1,0,1
44,9,2,1,0,250,0,0,1,2,7,382,2,-1,0,3,1,1,2.0,1,1,2
36,4,1,2,0,393,1,0,0,30,0,555,2,-1,0,3,1,1,2.0,1,1,1
45,0,1,1,0,149,1,0,2,23,8,893,3,-1,0,3,1,1,3.0,1,1,2
27,0,1,1,0,1293,1,0,0,8,0,1665,3,-1,0,3,1,1,3.0,1,1,0
39,0,1,1,0,607,1,0,0,12,8,454,2,364,3,0,1,0,0.5,1,1,1
53,7,0,1,0,765,1,0,0,14,8,959,3,174,7,1,1,0,0.375,1,1,3
51,3,1,3,0,2337,1,0,0,16,0,251,2,266,3,1,1,0,0.5,1,0,3
42,10,0,1,0,1713,1,0,2,30,8,855,2,-1,0,3,1,1,2.0,1,1,2
55,0,1,1,0,1662,0,0,0,4,6,94,2,-1,0,3,1,1,2.0,1,0,3
76,5,1,1,0,4112,0,0,1,23,10,282,2,-1,0,3,1,1,2.0,1,0,4
31,6,2,2,0,1815,0,0,1,9,3,1541,1,-1,0,3,1,1,1.0,1,1,1
34,9,1,1,0,1035,0,0,0,25,1,1374,10,-1,0,3,1,1,10.0,1,1,1
71,5,0,1,0,5584,0,0,0,21,1,534,3,-1,0,3,1,1,3.0,1,1,4
31,4,1,2,0,1331,0,0,2,5,9,268,1,-1,0,3,1,1,1.0,1,0,1
26,0,2,1,0,255,0,0,0,30,0,457,1,80,1,2,1,0,0.5,1,1,0
33,1,1,1,0,1464,1,0,2,23,8,588,3,-1,0,3,1,1,3.0,1,1,1
44,1,2,0,0,1593,1,0,2,29,8,828,3,-1,0,3,1,1,3.0,1,1,2
35,4,0,2,0,146,0,0,0,6,1,720,2,-1,0,3,1,1,2.0,1,1,1
45,1,1,1,0,1144,1,0,2,22,10,676,1,-1,0,3,1,1,1.0,1,1,2
34,4,1,2,0,1778,0,0,0,4,9,358,1,162,2,0,1,0,0.3333333333333333,1,1,1
37,0,2,1,0,728,0,0,0,3,3,129,1,174,2,1,1,0,0.3333333333333333,1,0,1
28,6,2,2,0,4579,0,0,0,12,4,409,2,-1,0,3,1,1,2.0,1,1,0
47,9,2,1,0,-239,1,1,0,7,5,973,3,-1,0,3,1,1,3.0,0,1,2
35,9,1,1,0,518,1,0,0,30,0,616,1,-1,0,3,1,1,1.0,1,1,1
47,1,1,1,0,820,0,0,0,19,10,98,1,-1,0,3,1,1,1.0,1,0,2
46,2,1,2,0,1920,0,0,0,22,1,604,6,-1,0,3,1,1,6.0,1,1,2
35,4,1,1,0,724,1,0,0,14,5,287,2,415,1,0,1,0,1.0,1,0,1
27,9,2,2,0,11862,0,0,0,20,1,217,1,87,6,0,1,0,0.14285714285714285,1,0,0
59,5,1,0,0,2074,0,0,0,21,2,467,1,186,2,2,1,0,0.3333333333333333,1,1,3
23,8,2,1,0,922,0,0,0,28,8,538,2,184,9,0,1,0,0.2,1,1,0
30,6,2,2,0,251,0,0,0,12,5,537,1,-1,0,3,1,1,1.0,1,1,0
29,1,2,0,0,213,1,0,2,6,6,2653,3,-1,0,3,1,1,3.0,1,1,0
42,7,1,2,0,4216,0,0,0,12,6,186,2,-1,0,3,1,1,2.0,1,0,2
42,4,1,2,0,27696,0,0,0,12,8,176,2,89,5,2,1,0,0.3333333333333333,1,0,2
42,4,1,2,0,3713,0,0,0,19,9,709,2,-1,0,3,1,1,2.0,1,1,2
57,0,1,1,0,169,0,0,0,3,3,369,1,-1,0,3,1,1,1.0,1,1,3
29,8,2,1,0,459,0,0,0,15,2,279,3,189,19,1,1,0,0.15,1,0,0
57,0,2,1,0,2223,0,0,0,12,1,1064,1,-1,0,3,1,1,1.0,1,1,3
41,1,1,1,0,1384,1,0,2,15,8,1162,4,-1,0,3,1,1,4.0,1,1,2
57,3,1,2,0,2326,0,0,0,28,10,207,1,194,1,2,1,0,0.5,1,0,3
48,4,1,1,0,0,1,1,0,3,9,1233,1,351,2,0,1,0,0.3333333333333333,0,1,2
46,4,1,2,0,273,1,0,0,18,7,910,2,184,4,2,1,0,0.4,1,1,2
32,1,2,0,0,121,1,0,0,20,9,758,1,-1,0,3,1,1,1.0,1,1,1
46,0,1,1,0,556,1,1,2,15,8,646,3,-1,0,3,1,1,3.0,1,1,2
49,7,1,1,0,7019,1,0,0,2,6,263,1,368,3,0,1,0,0.25,1,0,2
29,4,1,2,0,8103,0,0,0,28,8,473,3,-1,0,3,1,1,3.0,1,1,0
62,4,1,2,0,7458,0,0,0,30,10,212,2,-1,0,3,1,1,2.0,1,0,4
54,4,1,2,0,1464,0,0,0,2,10,194,2,94,1,2,1,0,1.0,1,0,3
32,4,2,2,0,3283,0,0,0,12,1,623,2,191,2,2,1,0,0.6666666666666666,1,1,1
38,1,0,1,0,1817,1,0,0,28,5,1096,4,-1,0,3,1,1,4.0,1,1,1
49,1,1,0,0,-157,1,0,0,7,5,491,3,-1,0,3,1,1,3.0,0,1,2
22,8,2,1,0,948,0,0,1,25,3,169,1,191,3,2,1,0,0.25,1,0,0
46,9,1,1,0,9299,0,0,0,19,5,1148,1,276,2,1,1,0,0.3333333333333333,1,1,2
42,7,1,1,0,1376,1,0,0,2,7,712,4,-1,0,3,1,1,4.0,1,1,2
46,9,1,1,0,3,1,1,0,12,8,614,3,-1,0,3,1,1,3.0,1,1,2
29,4,2,2,0,1377,0,0,0,8,0,548,2,-1,0,3,1,1,2.0,1,1,0
56,1,1,0,0,8163,0,0,0,14,1,1231,4,-1,0,3,1,1,4.0,1,1,3
37,9,2,1,0,-242,1,0,0,13,1,1149,6,-1,0,3,1,1,6.0,0,1,1
37,4,2,2,0,72,1,1,0,20,0,885,5,150,7,0,1,0,0.625,1,1,1
28,1,1,1,0,61,1,0,0,11,3,253,1,174,4,2,1,0,0.2,1,0,0
25,4,2,2,0,808,0,0,0,18,11,267,2,114,2,0,1,0,0.6666666666666666,1,0,0
42,2,0,1,0,335,1,0,0,12,8,580,1,-1,0,3,1,1,1.0,1,1,2
68,5,1,2,0,2812,0,0,0,3,1,392,4,181,3,2,1,0,1.0,1,1,4
53,4,1,2,0,1624,0,0,0,11,9,166,3,97,7,2,1,0,0.375,1,0,3
36,4,2,2,0,4,1,0,0,7,8,855,2,342,1,0,1,0,1.0,1,1,1
38,4,0,2,0,6368,1,0,0,4,8,922,4,-1,0,3,1,1,4.0,1,1,1
46,9,2,2,0,4414,0,0,0,18,1,504,7,-1,0,3,1,1,7.0,1,1,2
35,4,1,2,0,62,0,0,0,7,8,226,2,88,4,2,1,0,0.4,1,0,1
53,5,0,2,0,-309,1,0,0,21,1,343,2,428,2,2,1,0,0.6666666666666666,0,1,3
38,9,0,2,0,1805,0,0,2,9,6,952,2,-1,0,3,1,1,2.0,1,1,1
35,7,1,1,0,2918,0,1,0,16,5,815,2,407,3,2,1,0,0.5,1,1,1
28,0,0,1,0,785,1,0,2,8,8,442,2,-1,0,3,1,1,2.0,1,1,0
45,4,1,2,0,2671,0,0,0,14,1,94,4,-1,0,3,1,1,4.0,1,0,2
32,9,1,1,0,1547,0,0,0,26,10,289,1,805,4,1,1,0,0.2,1,0,1
69,5,1,1,0,2473,0,0,0,8,5,967,3,-1,0,3,1,1,3.0,1,1,4
60,9,1,1,0,316,0,0,0,4,8,545,2,263,4,0,1,0,0.4,1,1,3
63,5,1,1,0,1612,0,0,1,17,3,233,2,-1,0,3,1,1,2.0,1,0,4
27,7,2,1,0,1820,1,0,0,17,5,1027,1,-1,0,3,1,1,1.0,1,1,0
59,1,1,0,0,-546,0,0,0,25,1,1152,6,-1,0,3,1,1,6.0,0,1,3
63,5,1,0,0,48,0,0,0,9,6,251,1,-1,0,3,1,1,1.0,1,0,4
37,4,1,2,0,0,0,0,0,16,5,268,2,182,3,2,1,0,0.5,0,0,1
53,4,0,1,0,1004,0,1,1,22,2,119,1,-1,0,3,1,1,1.0,1,0,3
37,4,2,2,0,1027,1,0,0,2,7,313,1,152,2,2,1,0,0.3333333333333333,1,1,1
41,2,2,1,0,663,0,0,0,24,5,1204,1,-1,0,3,1,1,1.0,1,1,2
55,9,1,2,0,1320,0,0,0,28,0,387,2,-1,0,3,1,1,2.0,1,1,3
46,1,1,0,0,1085,1,1,0,15,8,523,2,353,58,1,1,0,0.03389830508474576,1,1,2
48,7,0,1,0,-361,1,0,0,12,8,1062,3,349,3,1,1,0,0.75,0,1,2
59,5,0,1,0,5845,0,0,0,14,8,1060,2,-1,0,3,1,1,2.0,1,1,3
24,8,2,1,0,382,0,0,0,13,9,256,2,92,3,0,1,0,0.5,1,0,0
41,1,0,0,0,664,0,1,0,15,5,955,5,-1,0,3,1,1,5.0,1,1,2
42,1,0,0,0,213,1,0,0,7,5,434,3,-1,0,3,1,1,3.0,1,1,2
46,3,1,1,0,38,0,0,0,27,8,181,3,183,1,2,1,0,1.5,1,0,2
30,0,0,1,0,10,1,0,0,18,5,658,2,-1,0,3,1,1,2.0,1,1,0
45,9,1,1,0,1831,0,0,0,27,8,275,2,-1,0,3,1,1,2.0,1,0,2
29,0,2,1,0,163,1,1,2,16,8,803,1,-1,0,3,1,1,1.0,1,1,0
56,1,1,0,0,3498,0,0,0,15,0,264,2,-1,0,3,1,1,2.0,1,0,3
36,1,1,0,0,403,1,0,2,4,6,920,1,-1,0,3,1,1,1.0,1,1,1
29,1,1,1,0,8,1,1,0,10,5,627,1,-1,0,3,1,1,1.0,1,1,0
21,1,2,1,0,2265,0,0,0,17,3,92,2,-1,0,3,1,1,2.0,1,0,0
35,1,1,0,0,102,1,0,2,20,8,1334,1,-1,0,3,1,1,1.0,1,1,1
44,9,2,2,0,2033,0,0,0,3,11,444,1,99,1,0,1,0,0.5,1,1,2
33,0,2,2,0,146,0,0,0,22,10,380,1,91,3,2,1,0,0.25,1,1,1
55,5,1,0,0,3334,0,0,0,14,1,632,4,-1,0,3,1,1,4.0,1,1,3
29,4,1,2,0,1387,1,0,0,18,8,256,2,-1,0,3,1,1,2.0,1,0,0
37,10,1,2,0,7620,0,0,1,23,3,367,1,176,6,0,1,0,0.14285714285714285,1,1,1
35,6,1,1,0,5613,1,0,0,28,5,699,3,-1,0,3,1,1,3.0,1,1,1
25,0,2,1,0,483,0,1,0,3,3,189,1,-1,0,3,1,1,1.0,1,0,0
50,7,1,1,0,3169,0,0,0,13,1,399,1,430,1,0,1,0,0.5,1,1,2
38,4,1,2,0,1722,1,0,0,10,5,500,1,-1,0,3,1,1,1.0,1,1,1
28,0,2,1,0,0,1,1,0,18,8,390,5,-1,0,3,1,1,5.0,0,1,0
46,4,0,2,0,-130,1,0,0,24,7,144,2,-1,0,3,1,1,2.0,0,0,2
34,7,2,1,0,-374,1,0,0,11,8,672,1,-1,0,3,1,1,1.0,0,1,1
28,8,2,1,0,1925,0,0,0,25,9,487,1,97,2,0,1,0,0.3333333333333333,1,1,0
28,9,2,2,0,4987,0,0,0,9,3,253,21,-1,0,3,1,1,21.0,1,0,0
41,9,1,2,0,1517,0,0,0,8,1,193,3,-1,0,3,1,1,3.0,1,0,2
37,9,2,1,0,3326,1,0,2,21,8,799,1,-1,0,3,1,1,1.0,1,1,1
53,9,0,0,0,1443,1,0,2,14,8,476,1,-1,0,3,1,1,1.0,1,1,3
23,7,2,1,0,488,0,0,0,30,7,236,1,92,2,1,1,0,0.3333333333333333,1,0,0
42,9,1,1,0,994,1,0,0,12,9,227,3,93,6,2,1,0,0.42857142857142855,1,0,2
59,10,1,1,0,1047,0,0,0,18,3,83,3,-1,0,3,1,1,3.0,1,0,3
31,0,2,1,0,4198,0,0,0,25,9,234,1,-1,0,3,1,1,1.0,1,0,1
30,9,2,2,0,53,0,0,0,29,0,375,1,-1,0,3,1,1,1.0,1,1,0
30,6,1,2,0,2666,0,0,0,5,1,475,2,93,4,2,1,0,0.4,1,1,0
53,0,0,1,0,0,1,1,0,6,1,1452,1,98,2,0,1,0,0.3333333333333333,0,1,3
42,0,0,1,0,936,0,0,0,30,4,931,1,-1,0,3,1,1,1.0,1,1,2
29,4,1,2,0,0,1,0,0,6,8,667,2,-1,0,3,1,1,2.0,0,1,0
45,0,1,1,0,153,0,0,0,5,1,277,1,-1,0,3,1,1,1.0,1,0,2
49,2,1,0,0,6188,0,0,0,18,9,453,1,-1,0,3,1,1,1.0,1,1,2
25,1,2,1,0,1857,1,0,0,13,0,295,4,187,6,2,1,0,0.5714285714285714,1,0,0
50,4,1,2,0,3463,0,1,0,28,10,96,1,-1,0,3,1,1,1.0,1,0,2
41,0,2,1,0,812,0,1,2,11,6,583,4,-1,0,3,1,1,4.0,1,1,2
42,9,0,2,0,2611,1,0,0,25,6,300,1,389,3,0,1,0,0.25,1,0,2
36,9,1,2,0,911,1,1,0,25,8,117,2,21,3,0,1,0,0.5,1,0,1
57,1,1,0,0,2112,0,0,0,12,1,1134,2,-1,0,3,1,1,2.0,1,1,3
39,7,2,1,0,7066,1,0,0,15,8,667,3,357,3,1,1,0,0.75,1,1,1
51,4,1,2,0,4917,0,0,0,23,0,113,1,-1,0,3,1,1,1.0,1,0,3
31,4,1,2,0,141,1,0,0,4,3,572,2,238,7,1,1,0,0.25,1,1,1
27,7,2,1,0,195,1,0,0,25,3,416,3,-1,0,3,1,1,3.0,1,1,0
34,0,0,1,0,-251,0,0,0,18,5,641,1,-1,0,3,1,1,1.0,0,1,1
63,3,1,0,0,91,0,0,1,26,1,128,3,-1,0,3,1,1,3.0,1,0,4
61,5,0,0,0,3624,0,0,0,25,9,342,1,-1,0,3,1,1,1.0,1,1,4
51,4,1,2,0,2635,0,0,0,1,11,181,1,98,2,0,1,0,0.3333333333333333,1,0,3
45,1,1,1,0,96,1,0,0,13,0,348,3,256,2,0,1,0,1.0,1,1,2
23,8,2,2,0,113,0,0,0,17,9,266,1,-1,0,3,1,1,1.0,1,0,0
30,0,2,1,0,523,0,1,0,3,7,83,1,-1,0,3,1,1,1.0,1,0,0
24,7,2,1,0,638,1,1,0,7,8,792,3,-1,0,3,1,1,3.0,1,1,0
35,9,2,1,0,1693,1,0,0,10,3,515,1,-1,0,3,1,1,1.0,1,1,1
33,7,1,1,0,386,0,0,0,12,9,253,1,92,4,0,1,0,0.2,1,0,1
54,9,0,1,0,2156,1,0,0,30,0,258,1,86,5,2,1,0,0.16666666666666666,1,0,3
61,0,1,3,0,4629,1,0,0,27,4,181,1,92,1,2,1,0,0.5,1,0,4
23,3,1,2,0,66,1,0,0,7,8,1391,2,-1,0,3,1,1,2.0,1,1,0
32,9,2,2,0,2684,1,0,0,18,8,542,2,-1,0,3,1,1,2.0,1,1,1
31,4,2,2,0,825,1,0,2,21,8,506,2,-1,0,3,1,1,2.0,1,1,1
49,4,0,2,0,914,0,0,0,4,1,185,1,-1,0,3,1,1,1.0,1,0,2
37,10,2,1,0,381,1,0,2,8,8,985,2,-1,0,3,1,1,2.0,1,1,1
32,0,1,1,0,684,1,0,0,14,8,607,3,-1,0,3,1,1,3.0,1,1,1
33,8,2,3,0,1170,0,0,0,30,0,352,1,-1,0,3,1,1,1.0,1,1,1
82,5,1,0,0,8603,0,0,0,22,10,306,3,107,1,2,1,0,1.5,1,1,4
40,7,1,0,0,1082,1,0,2,30,8,854,2,-1,0,3,1,1,2.0,1,1,1
39,1,1,3,0,1181,1,0,0,30,5,650,2,-1,0,3,1,1,2.0,1,1,1
42,9,0,1,0,19,0,0,0,20,1,875,4,-1,0,3,1,1,4.0,1,1,2
46,4,1,2,0,0,0,0,0,18,9,716,2,110,3,1,1,0,0.5,0,1,2
60,4,1,2,0,2222,1,0,0,11,5,1120,2,-1,0,3,1,1,2.0,1,1,3
25,10,2,0,0,129,0,0,0,12,0,176,3,-1,0,3,1,1,3.0,1,0,0
43,4,1,2,0,2383,0,0,0,13,1,379,6,-1,0,3,1,1,6.0,1,1,2
26,10,2,2,0,3466,0,0,0,6,10,275,2,-1,0,3,1,1,2.0,1,0,0
28,7,1,1,0,510,1,1,0,8,5,1767,2,-1,0,3,1,1,2.0,1,1,0
39,1,1,1,0,2467,0,0,0,19,5,207,2,276,3,1,1,0,0.5,1,0,1
31,10,2,2,0,302,0,0,0,3,3,349,1,357,3,2,1,0,0.25,1,1,1
41,1,0,1,0,3622,0,0,2,19,6,1135,4,-1,0,3,1,1,4.0,1,1,2
39,0,1,1,0,130,1,1,0,4,3,1290,2,-1,0,3,1,1,2.0,1,1,1
39,0,1,1,0,0,0,0,0,27,4,366,1,436,10,0,1,0,0.09090909090909091,0,1,1
27,8,2,2,0,311,0,0,0,28,5,462,1,148,4,2,1,0,0.2,1,1,0
72,5,1,0,0,2600,0,0,0,3,3,443,2,82,3,2,1,0,0.5,1,1,4
36,9,2,1,1,12,0,0,0,12,1,587,2,-1,0,3,1,1,2.0,1,1,1
63,5,0,0,0,109,0,0,0,10,9,406,2,-1,0,3,1,1,2.0,1,1,4
60,5,1,1,0,1690,0,0,2,20,6,1467,4,-1,0,3,1,1,4.0,1,1,3
35,0,1,1,0,2374,1,0,0,11,1,765,2,183,5,2,1,0,0.3333333333333333,1,1,1
21,8,2,1,0,123,0,0,1,12,3,379,5,93,2,2,1,0,1.6666666666666667,1,1,0
46,0,0,1,0,2232,0,0,0,13,3,121,1,-1,0,3,1,1,1.0,1,0,2
47,4,1,2,0,3663,0,0,0,30,7,364,3,-1,0,3,1,1,3.0,1,1,2
28,8,2,1,0,1925,0,0,0,25,8,252,1,88,4,0,1,0,0.2,1,0,0
30,7,0,0,0,459,1,0,0,18,5,494,1,-1,0,3,1,1,1.0,1,1,0
33,4,2,2,0,3552,0,0,0,13,3,158,2,85,3,0,1,0,0.5,1,0,1
31,4,2,2,0,3340,0,0,0,15,11,213,2,469,3,2,1,0,0.5,1,0,1
46,4,2,2,0,2904,1,0,2,30,8,984,2,-1,0,3,1,1,2.0,1,1,2
21,8,2,1,0,2488,0,0,0,12,10,180,1,-1,0,3,1,1,1.0,1,0,0
29,9,1,1,0,2326,0,0,0,6,7,195,1,-1,0,3,1,1,1.0,1,0,0
47,0,1,1,0,3070,0,0,0,7,1,663,4,-1,0,3,1,1,4.0,1,1,2
35,4,1,2,0,0,1,0,0,11,3,391,2,92,5,2,1,0,0.3333333333333333,0,1,1
38,4,0,2,0,4692,1,0,2,29,8,1363,2,-1,0,3,1,1,2.0,1,1,1
34,4,2,2,0,2633,1,0,0,21,9,705,6,-1,0,3,1,1,6.0,1,1,1
72,5,1,2,0,2,0,0,0,7,1,147,2,-1,0,3,1,1,2.0,1,0,4
66,5,1,2,0,1948,0,0,0,28,4,216,1,91,4,2,1,0,0.2,1,0,4
36,8,2,3,0,417,0,0,0,10,1,304,1,181,1,2,1,0,0.5,1,1,1
29,9,2,1,0,938,0,0,0,3,9,358,1,-1,0,3,1,1,1.0,1,1,0
40,1,1,1,0,188,1,1,2,20,6,570,2,-1,0,3,1,1,2.0,1,1,1
60,4,1,2,0,3401,0,0,0,30,10,294,1,270,1,0,1,0,0.5,1,0,3
63,2,1,1,0,3904,0,0,1,8,9,360,1,96,4,2,1,0,0.2,1,1,4
65,5,1,0,0,1004,0,0,0,28,10,371,1,-1,0,3,1,1,1.0,1,1,4
31,4,0,2,0,71,0,0,0,12,7,119,1,-1,0,3,1,1,1.0,1,0,1
56,1,1,0,0,827,1,0,1,15,8,462,4,-1,0,3,1,1,4.0,1,1,3
49,9,1,2,0,1071,0,0,0,17,6,169,1,-1,0,3,1,1,1.0,1,0,2
28,8,2,1,0,67,0,0,0,20,1,329,3,199,2,1,1,0,1.0,1,1,0
27,9,2,2,0,667,0,0,0,29,4,866,2,-1,0,3,1,1,2.0,1,1,0
54,9,1,2,0,876,0,0,0,27,10,269,3,541,3,2,1,0,0.75,1,0,3
29,7,2,1,0,-271,1,0,2,4,6,578,1,-1,0,3,1,1,1.0,0,1,0
44,4,1,2,0,423,0,0,0,12,7,2330,5,-1,0,3,1,1,5.0,1,1,2
30,4,2,2,0,4808,0,0,0,10,7,272,1,-1,0,3,1,1,1.0,1,0,0
47,9,1,1,0,1219,0,0,0,18,1,697,4,-1,0,3,1,1,4.0,1,1,2
76,4,1,3,0,1780,1,0,1,23,0,413,3,-1,0,3,1,1,3.0,1,1,4
85,5,0,0,0,7613,0,0,0,18,3,355,3,-1,0,3,1,1,3.0,1,1,4
34,0,0,1,0,1085,0,0,0,11,7,101,7,-1,0,3,1,1,7.0,1,0,1
43,4,1,2,0,1429,1,0,0,19,9,1015,1,198,2,1,1,0,0.3333333333333333,1,1,2
60,4,1,2,0,2281,0,0,0,5,3,230,2,-1,0,3,1,1,2.0,1,0,3
34,4,1,2,0,520,1,0,0,12,1,1307,4,-1,0,3,1,1,4.0,1,1,1
45,0,0,2,0,1506,0,0,0,28,5,365,4,-1,0,3,1,1,4.0,1,1,2
60,5,0,1,0,4243,0,0,0,30,10,416,2,-1,0,3,1,1,2.0,1,1,3
40,1,1,1,0,5060,0,0,0,10,3,154,2,93,1,2,1,0,1.0,1,0,1
36,4,1,2,0,1352,0,0,2,19,6,2028,1,-1,0,3,1,1,1.0,1,1,1
32,4,2,2,0,2360,0,0,0,3,3,152,2,160,5,1,1,0,0.3333333333333333,1,0,1
32,0,2,1,0,212,0,0,0,7,5,830,5,-1,0,3,1,1,5.0,1,1,1
47,6,1,1,0,4420,1,1,0,20,9,454,1,-1,0,3,1,1,1.0,1,1,2
40,10,2,2,0,79,0,0,0,15,10,570,1,135,1,0,1,0,0.5,1,1,1
68,5,1,1,0,2469,1,0,1,15,5,552,2,-1,0,3,1,1,2.0,1,1,4
57,4,1,2,0,830,1,1,0,8,8,662,1,367,1,2,1,0,0.5,1,1,3
36,7,1,1,0,4721,0,0,0,9,6,150,1,92,5,2,1,0,0.16666666666666666,1,0,1
30,1,1,0,0,201,1,0,0,31,1,219,1,157,12,0,1,0,0.07692307692307693,1,0,0
31,1,1,1,0,92,1,0,2,16,8,688,1,-1,0,3,1,1,1.0,1,1,1
49,4,0,2,0,300,0,0,0,21,5,316,1,-1,0,3,1,1,1.0,1,1,2
29,3,2,2,0,19,0,0,0,4,8,268,1,88,4,2,1,0,0.2,1,0,0
47,9,1,1,0,834,0,1,0,21,9,902,1,133,2,1,1,0,0.3333333333333333,1,1,2
43,9,1,2,0,0,0,0,0,4,1,1488,2,-1,0,3,1,1,2.0,0,1,2
39,1,1,0,0,2303,1,0,2,17,6,775,3,-1,0,3,1,1,3.0,1,1,1
29,9,2,1,0,674,0,0,0,30,0,483,1,13,5,2,1,0,0.16666666666666666,1,1,0
51,9,1,1,0,100,0,0,0,2,3,467,2,-1,0,3,1,1,2.0,1,1,3
39,9,0,1,0,385,0,0,0,13,10,242,1,48,2,0,1,0,0.3333333333333333,1,0,1
33,7,1,1,0,210,1,0,0,13,8,1207,2,-1,0,3,1,1,2.0,1,1,1
32,2,2,2,0,-34,1,0,0,11,7,101,1,-1,0,3,1,1,1.0,0,0,1
45,4,1,1,0,446,0,0,0,6,1,304,3,-1,0,3,1,1,3.0,1,1,2
61,4,1,2,0,997,0,0,0,10,7,106,1,-1,0,3,1,1,1.0,1,0,4
38,9,1,1,0,10596,0,0,0,19,1,195,1,197,4,1,1,0,0.2,1,0,1
37,4,1,2,0,0,0,0,0,15,4,426,2,196,1,1,1,0,1.0,0,1,1
29,8,2,2,0,5,0,0,0,15,5,889,5,-1,0,3,1,1,5.0,1,1,0
50,0,1,1,0,706,1,0,0,6,1,1250,4,-1,0,3,1,1,4.0,1,1,2
37,4,0,2,0,488,1,0,0,17,11,328,1,854,2,0,1,0,0.3333333333333333,1,1,1
29,7,2,0,0,339,0,0,2,4,5,1576,3,-1,0,3,1,1,3.0,1,1,0
61,4,1,3,0,264,0,0,1,29,5,270,1,178,1,2,1,0,0.5,1,0,4
35,4,2,2,0,5958,1,0,0,22,7,215,1,-1,0,3,1,1,1.0,1,0,1
31,10,2,0,0,163,0,0,0,30,4,707,2,2,1,1,1,0,1.0,1,1,1
28,6,2,2,0,0,1,0,2,26,8,1560,2,-1,0,3,1,1,2.0,0,1,0
54,9,1,1,0,114,0,0,0,30,5,458,3,-1,0,3,1,1,3.0,1,1,3
64,5,1,1,0,4787,0,0,0,28,10,501,1,-1,0,3,1,1,1.0,1,1,4
33,4,2,2,0,224,0,0,0,23,6,342,2,107,2,2,1,0,0.6666666666666666,1,1,1
33,4,1,1,0,369,0,0,0,11,3,446,1,-1,0,3,1,1,1.0,1,1,1
58,9,1,1,0,3399,0,0,1,30,9,1628,2,188,8,2,1,0,0.2222222222222222,1,1,3
54,9,1,1,0,3994,0,1,0,20,10,595,2,187,2,2,1,0,0.6666666666666666,1,1,3
37,9,2,1,0,1130,0,0,0,26,3,152,1,-1,0,3,1,1,1.0,1,0,1
80,5,1,0,0,997,0,0,0,28,4,151,1,91,3,2,1,0,0.25,1,0,4
31,9,1,1,0,180,0,0,0,17,7,299,2,-1,0,3,1,1,2.0,1,0,1
34,7,0,1,0,89,1,0,0,15,8,1871,4,-1,0,3,1,1,4.0,1,1,1
37,0,1,1,0,597,0,0,0,2,6,395,1,-1,0,3,1,1,1.0,1,1,1
55,2,1,1,0,27624,0,0,1,3,6,437,1,-1,0,3,1,1,1.0,1,1,3
46,9,1,1,0,1353,0,0,0,18,1,528,5,-1,0,3,1,1,5.0,1,1,2
46,10,0,1,0,3354,1,0,0,19,9,522,1,174,1,2,1,0,0.5,1,1,2
32,1,2,1,0,2093,0,0,0,24,11,224,2,444,1,0,1,0,1.0,1,0,1
34,4,1,2,0,73,0,0,0,4,3,426,2,-1,0,3,1,1,2.0,1,1,1
36,7,1,1,0,11462,1,0,0,20,9,993,1,-1,0,3,1,1,1.0,1,1,1
23,8,2,1,0,431,0,0,0,13,1,496,2,-1,0,3,1,1,2.0,1,1,0
36,1,1,0,0,378,1,0,0,5,8,1240,1,-1,0,3,1,1,1.0,1,1,1
36,4,1,2,0,673,1,0,0,16,5,689,1,-1,0,3,1,1,1.0,1,1,1
34,2,1,2,0,1076,1,0,0,5,3,136,10,-1,0,3,1,1,10.0,1,0,1
42,4,1,2,0,372,1,0,0,4,1,153,3,1,2,2,1,0,1.0,1,0,2
45,4,2,2,0,2067,1,0,0,13,1,393,2,462,1,2,1,0,1.0,1,1,2
33,6,1,1,0,409,0,0,0,8,11,165,1,97,4,2,1,0,0.2,1,0,1
31,9,1,2,0,3382,0,0,0,30,0,739,1,-1,0,3,1,1,1.0,1,1,1
26,1,2,1,0,-29,1,0,0,10,5,998,4,-1,0,3,1,1,4.0,0,1,0
35,9,2,1,0,344,0,0,0,27,1,519,16,-1,0,3,1,1,16.0,1,1,1
34,10,2,2,0,1974,0,0,0,22,5,355,1,342,3,2,1,0,0.25,1,1,1
24,4,2,2,0,2845,0,0,0,30,0,779,2,-1,0,3,1,1,2.0,1,1,0
43,1,1,0,0,3064,1,0,0,20,9,2453,2,-1,0,3,1,1,2.0,1,1,2
53,7,1,1,0,6170,0,0,0,13,1,838,4,-1,0,3,1,1,4.0,1,1,3
61,5,1,1,0,523,0,0,0,13,1,211,3,183,4,2,1,0,0.6,1,0,4
64,10,0,1,0,588,0,0,0,8,7,409,1,-1,0,3,1,1,1.0,1,1,4
29,10,2,2,0,70,0,0,0,25,8,393,1,-1,0,3,1,1,1.0,1,1,0
36,1,1,0,0,1925,1,0,0,20,0,904,2,-1,0,3,1,1,2.0,1,1,1
72,5,1,1,0,951,0,1,0,12,7,229,3,339,1,0,1,0,1.5,1,0,4
44,4,2,2,0,1090,0,0,0,20,10,178,4,93,6,2,1,0,0.5714285714285714,1,0,2
27,1,2,1,0,513,1,1,0,18,8,351,1,-1,0,3,1,1,1.0,1,1,0
35,4,1,2,0,82,0,0,0,8,1,507,4,-1,0,3,1,1,4.0,1,1,1
57,4,1,2,0,2845,1,0,1,19,0,1143,5,-1,0,3,1,1,5.0,1,1,3
35,7,2,0,0,167,0,1,0,11,5,614,2,-1,0,3,1,1,2.0,1,1,1
39,9,2,1,0,506,1,0,0,7,5,718,2,-1,0,3,1,1,2.0,1,1,1
35,9,1,1,0,1368,0,0,0,27,8,329,1,41,2,1,1,0,0.3333333333333333,1,1,1
43,4,1,2,0,2987,0,0,0,4,6,156,1,85,3,0,1,0,0.25,1,0,2
30,4,0,2,0,415,1,1,0,6,8,984,1,343,4,0,1,0,0.2,1,1,0
45,9,1,1,0,6993,1,0,0,20,9,283,1,-1,0,3,1,1,1.0,1,0,2
34,4,2,2,0,549,0,0,0,6,10,1246,2,-1,0,3,1,1,2.0,1,1,1
20,1,2,1,0,423,1,0,0,16,0,498,1,-1,0,3,1,1,1.0,1,1,0
31,0,2,1,0,3950,1,0,0,21,9,529,1,-1,0,3,1,1,1.0,1,1,1
60,5,1,1,0,5267,0,0,0,4,11,520,1,-1,0,3,1,1,1.0,1,1,3
43,7,1,0,0,2557,1,0,1,15,0,165,2,327,3,0,1,0,0.5,1,0,2
60,5,1,1,0,523,0,0,0,11,3,467,1,182,3,2,1,0,0.25,1,1,3
31,10,0,0,0,0,1,0,2,30,8,745,12,-1,0,3,1,1,12.0,0,1,1
33,7,2,2,0,-452,0,0,0,29,4,692,2,-1,0,3,1,1,2.0,0,1,1
38,4,1,2,0,1199,0,0,0,3,1,482,1,-1,0,3,1,1,1.0,1,1,1
54,9,1,1,0,10185,0,0,0,10,1,559,1,70,2,1,1,0,0.3333333333333333,1,1,3
32,9,1,2,0,2976,1,0,0,5,3,783,1,175,5,0,1,0,0.16666666666666666,1,1,1
51,4,1,2,0,3463,0,1,0,13,5,371,2,166,3,1,1,0,0.5,1,1,3
56,9,1,1,0,6619,1,0,1,4,9,465,1,-1,0,3,1,1,1.0,1,1,3
54,3,1,2,0,2473,0,0,0,5,7,607,2,-1,0,3,1,1,2.0,1,1,3
77,5,1,1,0,4112,0,0,1,29,5,426,1,184,3,2,1,0,0.25,1,1,4
58,5,1,2,0,0,0,0,0,13,1,641,4,-1,0,3,1,1,4.0,0,1,3
57,4,1,2,0,256,0,0,0,6,7,227,1,-1,0,3,1,1,1.0,1,0,3
38,9,2,2,0,508,1,1,0,12,1,1103,2,-1,0,3,1,1,2.0,1,1,1
32,4,2,2,0,41,0,0,0,21,1,686,5,-1,0,3,1,1,5.0,1,1,1
59,5,1,0,0,1115,0,0,2,19,6,834,1,-1,0,3,1,1,1.0,1,1,3
47,9,1,1,0,1167,1,0,0,4,1,505,1,96,6,2,1,0,0.14285714285714285,1,1,2
30,4,2,1,0,4642,1,0,0,21,9,528,1,-1,0,3,1,1,1.0,1,1,0
44,7,0,1,0,51,1,1,2,27,8,3094,2,-1,0,3,1,1,2.0,1,1,2
79,5,0,0,0,79,0,0,0,9,10,1106,2,-1,0,3,1,1,2.0,1,1,4
44,4,1,3,0,2724,0,0,0,28,2,893,1,-1,0,3,1,1,1.0,1,1,2
31,10,0,2,0,756,0,0,0,20,5,355,2,-1,0,3,1,1,2.0,1,1,1
33,4,1,2,0,0,1,0,0,17,0,378,1,-1,0,3,1,1,1.0,0,1,1
23,7,2,1,0,488,0,0,0,29,6,205,1,91,3,2,1,0,0.25,1,0,0
34,4,0,2,0,2885,0,0,0,10,3,314,2,156,4,1,1,0,0.4,1,1,1
29,4,2,2,0,2955,0,0,0,29,0,226,2,-1,0,3,1,1,2.0,1,0,0
57,5,1,1,0,1841,0,0,1,5,6,302,1,-1,0,3,1,1,1.0,1,1,3
24,1,1,1,0,272,0,0,0,16,9,105,2,94,2,2,1,0,0.6666666666666666,1,0,0
33,0,0,1,0,294,1,0,0,8,8,763,1,-1,0,3,1,1,1.0,1,1,1
32,9,2,1,0,324,0,1,0,23,3,432,1,-1,0,3,1,1,1.0,1,1,1
41,6,2,2,0,-94,1,0,0,4,3,1164,1,203,1,0,1,0,0.5,0,1,2
45,0,0,1,0,0,0,0,0,29,10,264,1,-1,0,3,1,1,1.0,0,0,2
50,1,1,0,0,82,0,0,1,5,0,456,1,-1,0,3,1,1,1.0,1,1,2
37,8,2,3,0,444,0,0,0,4,8,1063,5,-1,0,3,1,1,5.0,1,1,1
64,4,1,3,0,2352,0,0,0,3,9,181,4,183,7,2,1,0,0.5,1,0,4
38,4,1,2,0,1199,0,0,0,4,1,178,1,1,1,2,1,0,0.5,1,0,1
25,1,2,1,0,303,0,0,0,18,6,252,1,92,1,2,1,0,0.5,1,0,0
46,9,1,2,0,0,0,0,0,20,9,531,1,167,1,0,1,0,0.5,0,1,2
27,0,2,2,0,138,0,0,0,15,6,89,2,-1,0,3,1,1,2.0,1,0,0
31,4,2,2,0,12857,1,0,1,4,8,483,4,87,2,2,1,0,1.3333333333333333,1,1,1
27,9,2,2,0,-67,1,0,0,6,0,604,3,236,2,0,1,0,1.0,0,1,0
34,0,1,1,0,124,1,0,1,14,8,604,4,366,2,1,1,0,1.3333333333333333,1,1,1
37,4,1,2,0,3236,0,0,0,20,8,291,2,202,5,1,1,0,0.3333333333333333,1,0,1
41,4,1,2,0,1468,1,0,0,31,7,237,3,-1,0,3,1,1,3.0,1,0,2
34,1,1,0,0,1031,1,0,2,29,8,751,3,-1,0,3,1,1,3.0,1,1,1
25,9,2,1,0,4718,0,0,0,24,5,709,1,-1,0,3,1,1,1.0,1,1,0
32,1,1,1,0,759,1,0,0,9,0,317,5,-1,0,3,1,1,5.0,1,1,1
34,0,2,2,0,18,1,1,0,30,0,359,1,-1,0,3,1,1,1.0,1,1,1
29,6,2,2,0,1579,0,0,0,13,5,178,1,181,4,2,1,0,0.2,1,0,0
52,1,1,1,0,955,0,1,0,17,6,301,2,134,4,2,1,0,0.4,1,1,3
32,9,1,2,0,636,1,0,0,28,1,370,1,116,4,2,1,0,0.2,1,1,1
43,0,2,1,0,1707,1,0,0,6,11,369,3,504,5,1,1,0,0.5,1,1,2
34,1,1,1,0,800,0,0,0,5,0,144,1,-1,0,3,1,1,1.0,1,0,1
54,4,1,2,0,534,0,0,0,1,6,177,2,-1,0,3,1,1,2.0,1,0,3
31,4,1,2,0,792,0,0,0,20,1,763,14,-1,0,3,1,1,14.0,1,1,1
33,9,2,1,0,66,0,0,0,5,6,157,2,-1,0,3,1,1,2.0,1,0,1
44,4,2,2,0,483,0,0,0,6,7,207,2,199,6,2,1,0,0.2857142857142857,1,0,2
37,9,1,3,0,189,0,0,0,1,10,238,1,107,2,2,1,0,0.3333333333333333,1,0,1
36,9,2,1,0,4136,1,0,2,30,8,812,3,-1,0,3,1,1,3.0,1,1,1
33,7,2,3,0,523,1,0,2,28,8,86,1,-1,0,3,1,1,1.0,1,0,1
38,7,2,1,0,2253,1,0,0,13,8,937,3,-1,0,3,1,1,3.0,1,1,1
32,0,1,2,0,284,1,0,0,29,0,717,3,-1,0,3,1,1,3.0,1,1,1
34,4,2,2,0,1228,0,0,0,5,3,263,8,-1,0,3,1,1,8.0,1,0,1
58,4,0,2,0,5701,0,0,0,30,0,354,1,87,1,2,1,0,0.5,1,1,3
37,0,2,1,0,1097,1,0,0,21,9,1555,2,-1,0,3,1,1,2.0,1,1,1
32,9,1,1,0,348,1,0,0,17,5,926,1,-1,0,3,1,1,1.0,1,1,1
32,7,1,1,0,983,1,0,0,20,9,500,2,133,1,0,1,0,1.0,1,1,1
47,4,2,2,0,255,0,1,0,30,5,802,4,-1,0,3,1,1,4.0,1,1,2
29,3,2,2,0,2196,0,0,0,5,1,215,1,-1,0,3,1,1,1.0,1,0,0
25,4,1,3,0,448,0,0,0,5,3,151,1,297,1,2,1,0,0.5,1,0,0
33,9,2,1,0,1429,1,0,0,31,1,268,8,-1,0,3,1,1,8.0,1,0,1
43,4,1,2,0,240,1,0,0,16,0,453,1,-1,0,3,1,1,1.0,1,1,2
35,8,2,1,0,188,1,0,0,16,3,75,3,200,5,0,1,0,0.5,1,0,1
29,9,2,2,0,2489,1,0,0,3,7,355,1,86,5,0,1,0,0.16666666666666666,1,1,0
47,9,1,1,0,335,0,0,0,4,8,417,1,76,1,2,1,0,0.5,1,1,2
54,10,1,1,0,1561,0,0,0,25,8,352,3,186,2,0,1,0,1.0,1,1,3
45,1,1,1,0,7895,1,0,0,4,3,872,1,-1,0,3,1,1,1.0,1,1,2
63,4,1,2,0,5112,0,0,1,13,9,2184,2,95,3,0,1,0,0.5,1,1,4
39,10,1,2,0,201,0,0,0,3,6,699,1,119,1,0,1,0,0.5,1,1,1
57,9,0,1,0,470,0,0,0,5,1,480,3,-1,0,3,1,1,3.0,1,1,3
54,9,1,1,0,3994,0,1,0,16,0,299,2,-1,0,3,1,1,2.0,1,0,3
36,4,1,2,0,96,0,0,0,30,5,729,4,-1,0,3,1,1,4.0,1,1,1
44,9,0,1,0,14,0,0,0,13,1,234,1,-1,0,3,1,1,1.0,1,0,2
25,1,2,1,0,-247,1,0,0,23,5,633,1,-1,0,3,1,1,1.0,0,1,0
35,4,1,2,0,2957,1,1,0,8,1,733,3,-1,0,3,1,1,3.0,1,1,1
38,9,1,1,0,557,1,0,0,16,9,1556,4,-1,0,3,1,1,4.0,1,1,1
40,7,1,0,0,-9,1,0,2,15,8,920,2,-1,0,3,1,1,2.0,0,1,1
33,7,2,1,0,489,1,0,0,4,8,297,4,334,1,1,1,0,2.0,1,0,1
27,9,2,1,1,0,0,1,0,8,5,732,1,-1,0,3,1,1,1.0,0,1,0
33,4,2,2,0,935,0,0,0,9,3,385,2,92,8,2,1,0,0.2222222222222222,1,1,1
56,9,1,2,0,1181,0,0,0,28,4,186,1,433,1,0,1,0,0.5,1,0,3
49,9,1,1,0,412,0,0,0,19,1,1293,8,-1,0,3,1,1,8.0,1,1,2
67,5,1,2,0,701,0,0,0,6,1,254,2,-1,0,3,1,1,2.0,1,0,4
41,9,2,2,0,1646,1,0,0,5,1,172,3,92,8,2,1,0,0.3333333333333333,1,0,2
34,4,0,2,0,2240,0,0,0,8,11,220,2,184,3,2,1,0,0.5,1,0,1
47,4,1,2,0,3505,0,0,0,17,9,434,2,-1,0,3,1,1,2.0,1,1,2
73,5,1,0,0,796,0,0,0,23,0,888,1,182,3,2,1,0,0.25,1,1,4
33,0,2,2,0,475,1,0,0,7,8,1046,1,-1,0,3,1,1,1.0,1,1,1
29,1,2,2,0,455,0,0,1,21,0,403,1,-1,0,3,1,1,1.0,1,1,0
34,1,1,1,0,1207,1,0,2,21,8,905,1,-1,0,3,1,1,1.0,1,1,1
31,3,2,0,0,26965,0,0,0,21,0,654,2,-1,0,3,1,1,2.0,1,1,1
34,4,1,2,0,0,1,0,0,3,3,251,1,-1,0,3,1,1,1.0,0,0,1
29,6,1,1,0,425,1,0,2,5,6,562,15,-1,0,3,1,1,15.0,1,1,0
28,8,2,1,0,205,0,0,0,14,5,87,3,184,2,1,1,0,1.0,1,0,0
43,9,1,1,0,3288,1,0,0,21,9,775,3,-1,0,3,1,1,3.0,1,1,2
45,1,1,0,0,803,1,0,0,4,8,742,4,-1,0,3,1,1,4.0,1,1,2
46,9,1,3,0,3308,0,0,0,28,5,219,2,-1,0,3,1,1,2.0,1,0,2
36,4,1,2,0,203,0,0,0,29,10,139,1,-1,0,3,1,1,1.0,1,0,1
54,10,2,1,0,380,0,0,0,17,9,696,2,-1,0,3,1,1,2.0,1,1,3
24,4,2,2,0,507,0,0,0,3,5,257,1,-1,0,3,1,1,1.0,1,0,0
32,1,1,1,0,136,0,0,0,16,9,206,1,188,3,2,1,0,0.25,1,0,1
31,4,2,2,0,12857,1,0,0,6,3,158,1,92,1,2,1,0,0.5,1,0,1
40,0,2,1,0,985,1,0,0,4,6,592,3,50,8,0,1,0,0.3333333333333333,1,1,1
61,6,0,2,0,6,1,0,0,13,10,210,1,182,2,2,1,0,0.3333333333333333,1,0,4
34,1,0,3,0,172,0,0,0,15,6,177,1,-1,0,3,1,1,1.0,1,0,1
30,0,2,2,0,305,0,0,0,4,3,227,2,-1,0,3,1,1,2.0,1,0,0
35,9,2,1,0,1227,0,0,0,18,7,593,4,90,6,1,1,0,0.5714285714285714,1,1,1
60,5,1,1,0,975,0,0,0,16,11,303,1,792,1,0,1,0,0.5,1,1,3
30,2,1,0,0,2686,1,0,0,15,5,808,3,-1,0,3,1,1,3.0,1,1,0
49,4,1,2,0,2881,0,0,0,2,7,120,3,-1,0,3,1,1,3.0,1,0,2
30,9,2,1,0,2567,0,0,0,18,6,813,4,-1,0,3,1,1,4.0,1,1,0
31,4,0,2,0,373,0,0,0,10,3,132,6,-1,0,3,1,1,6.0,1,0,1
46,4,1,2,0,4,0,0,0,8,1,1206,4,-1,0,3,1,1,4.0,1,1,2
48,1,1,1,0,1730,1,0,0,4,3,489,1,178,2,0,1,0,0.3333333333333333,1,1,2
70,3,0,0,0,1311,0,0,0,11,1,651,1,-1,0,3,1,1,1.0,1,1,4
27,9,2,2,0,15161,0,0,0,2,6,74,1,120,1,2,1,0,0.5,1,0,0
32,4,2,2,0,2536,1,0,0,26,1,958,6,-1,0,3,1,1,6.0,1,1,1
48,1,1,1,0,1230,1,0,0,12,9,169,1,196,2,2,1,0,0.3333333333333333,1,0,2
86,5,2,1,0,614,0,0,1,9,2,595,1,-1,0,3,1,1,1.0,1,1,4
23,8,2,1,0,794,0,0,0,26,5,607,3,171,3,1,1,0,0.75,1,1,0
20,8,2,3,0,829,0,0,0,27,4,196,3,202,2,2,1,0,1.0,1,0,0
37,4,1,2,0,2283,0,0,0,6,8,243,2,98,2,0,1,0,0.6666666666666666,1,0,1
34,6,2,2,0,5462,0,0,0,30,0,430,1,-1,0,3,1,1,1.0,1,1,1
67,5,1,0,0,4416,0,0,0,29,11,245,3,-1,0,3,1,1,3.0,1,0,4
33,4,1,2,0,273,1,0,2,16,8,803,1,-1,0,3,1,1,1.0,1,1,1
40,4,1,2,0,0,0,0,0,6,1,131,2,98,6,2,1,0,0.2857142857142857,0,0,1
46,4,1,2,0,699,0,0,0,30,0,970,1,87,1,0,1,0,0.5,1,1,2
49,0,1,1,0,0,0,0,0,1,6,1460,1,-1,0,3,1,1,1.0,0,1,2
42,4,1,2,0,4,1,0,0,17,5,795,1,-1,0,3,1,1,1.0,1,1,2
40,4,1,1,0,754,0,1,0,6,0,635,1,-1,0,3,1,1,1.0,1,1,1
20,8,2,3,0,829,0,0,0,9,5,253,2,-1,0,3,1,1,2.0,1,0,0
33,7,2,3,0,2297,0,0,0,27,5,527,1,-1,0,3,1,1,1.0,1,1,1
51,0,1,2,0,0,1,1,0,8,7,124,2,-1,0,3,1,1,2.0,0,0,3
44,2,2,3,0,323,0,0,0,28,5,332,2,181,2,0,1,0,0.6666666666666666,1,1,2
34,9,0,2,0,674,1,0,0,7,1,587,2,-1,0,3,1,1,2.0,1,1,1
45,9,1,1,0,2776,1,0,0,27,5,287,2,181,1,2,1,0,1.0,1,0,2
37,7,0,1,0,49,1,0,2,16,8,619,2,-1,0,3,1,1,2.0,1,1,1
36,4,1,2,0,203,0,0,0,25,4,255,1,88,1,2,1,0,0.5,1,0,1
40,1,1,0,0,57,1,0,0,31,5,1007,9,-1,0,3,1,1,9.0,1,1,1
67,5,1,0,0,1430,0,0,1,26,8,283,2,135,5,2,1,0,0.3333333333333333,1,0,4
36,0,0,1,0,-811,1,0,0,12,8,365,2,-1,0,3,1,1,2.0,0,1,1
53,10,1,0,0,980,1,0,0,3,2,352,1,-1,0,3,1,1,1.0,1,1,3
48,4,1,2,0,157,0,0,0,28,4,417,4,-1,0,3,1,1,4.0,1,1,2
37,9,2,2,0,3943,0,0,0,6,0,1138,2,138,1,0,1,0,1.0,1,1,1
37,4,1,2,0,1113,0,0,0,2,7,229,1,182,1,2,1,0,0.5,1,0,1
58,1,1,0,0,5188,1,0,0,25,1,606,6,-1,0,3,1,1,6.0,1,1,3
34,9,1,1,0,0,1,0,0,5,1,231,2,2,3,2,1,0,0.5,0,0,1
49,0,2,2,0,228,1,0,0,3,11,252,2,93,2,2,1,0,0.6666666666666666,1,0,2
60,1,1,3,0,2090,1,0,0,7,8,957,2,-1,0,3,1,1,2.0,1,1,3
29,4,1,2,0,247,0,0,0,16,11,143,2,587,3,0,1,0,0.5,1,0,0
25,4,1,2,0,-242,1,1,0,18,8,600,4,332,4,1,1,0,0.8,0,1,0
36,9,1,2,0,341,0,0,0,13,1,282,1,-1,0,3,1,1,1.0,1,0,1
30,0,1,1,0,4457,1,0,0,21,9,566,4,-1,0,3,1,1,4.0,1,1,0
52,4,1,2,0,193,0,0,0,30,0,381,1,269,1,0,1,0,0.5,1,1,3
43,1,2,1,0,318,1,0,2,5,6,736,2,-1,0,3,1,1,2.0,1,1,2
49,7,1,1,0,388,0,0,1,31,5,1032,4,-1,0,3,1,1,4.0,1,1,2
79,5,1,0,0,429,0,0,1,8,5,1006,2,-1,0,3,1,1,2.0,1,1,4
26,1,2,0,0,941,0,0,0,29,4,1165,1,-1,0,3,1,1,1.0,1,1,0
24,8,2,2,0,235,0,0,0,9,3,98,1,92,1,2,1,0,0.5,1,0,0
34,10,1,1,0,978,0,0,0,24,7,132,1,-1,0,3,1,1,1.0,1,0,1
28,7,2,1,0,341,1,0,0,15,8,437,3,347,3,1,1,0,0.75,1,1,0
41,9,2,3,0,5372,1,0,0,13,4,248,3,-1,0,3,1,1,3.0,1,0,2
45,11,0,3,0,0,0,0,0,21,0,278,3,-1,0,3,1,1,3.0,0,0,2
46,4,2,2,0,0,0,0,0,22,1,686,2,-1,0,3,1,1,2.0,0,1,2
85,5,1,0,0,98,0,0,0,30,0,416,1,-1,0,3,1,1,1.0,1,1,4
33,4,2,2,0,4176,0,0,0,26,7,288,3,-1,0,3,1,1,3.0,1,0,1
26,4,2,2,0,1623,0,0,0,2,6,479,1,-1,0,3,1,1,1.0,1,1,0
61,5,1,1,0,2801,1,1,0,10,7,239,1,-1,0,3,1,1,1.0,1,0,4
25,8,2,1,0,108,0,0,0,29,0,305,3,-1,0,3,1,1,3.0,1,1,0
34,3,1,1,0,0,1,0,2,30,10,154,1,-1,0,3,1,1,1.0,0,0,1
41,9,2,1,0,650,1,0,0,20,9,2420,3,-1,0,3,1,1,3.0,1,1,2
34,6,2,2,0,462,0,0,0,21,1,1877,3,-1,0,3,1,1,3.0,1,1,1
64,5,1,1,0,588,0,0,0,16,5,574,1,179,3,2,1,0,0.25,1,1,4
60,0,1,1,0,106,0,0,0,24,3,137,1,187,4,2,1,0,0.2,1,0,3
57,1,1,1,0,1540,1,0,0,17,9,564,1,-1,0,3,1,1,1.0,1,1,3
59,9,1,1,0,116,0,0,0,11,3,268,1,183,7,2,1,0,0.125,1,0,3
57,4,1,2,0,-92,1,1,2,20,6,1617,1,-1,0,3,1,1,1.0,0,1,3
35,4,1,2,0,8000,0,0,0,13,8,331,1,90,3,2,1,0,0.25,1,1,1
66,5,1,0,0,206,0,0,0,9,3,479,1,-1,0,3,1,1,1.0,1,1,4
42,4,1,2,0,2187,1,0,0,17,9,525,3,-1,0,3,1,1,3.0,1,1,2
83,5,1,0,0,425,0,0,1,22,6,883,1,140,1,0,1,0,0.5,1,1,4
54,4,0,2,0,487,1,0,2,21,8,828,4,-1,0,3,1,1,4.0,1,1,3
44,2,1,2,0,121,0,0,0,10,1,412,1,-1,0,3,1,1,1.0,1,1,2
47,9,1,2,0,1694,0,1,2,20,6,560,3,-1,0,3,1,1,3.0,1,1,2
28,7,2,1,0,5090,1,0,2,6,8,1297,3,-1,0,3,1,1,3.0,1,1,0
41,5,0,0,0,-233,1,0,2,15,8,1156,2,-1,0,3,1,1,2.0,0,1,2
31,4,1,2,0,81,1,0,0,29,10,164,2,-1,0,3,1,1,2.0,1,0,1
25,7,2,1,0,1119,1,0,0,18,8,1063,1,-1,0,3,1,1,1.0,1,1,0
38,9,1,1,0,0,1,0,0,22,5,1545,1,-1,0,3,1,1,1.0,0,1,1
33,4,2,2,0,0,1,0,0,13,8,585,1,-1,0,3,1,1,1.0,0,1,1
48,4,1,2,0,1808,1,0,0,26,3,245,1,-1,0,3,1,1,1.0,1,0,2
30,4,1,2,0,10884,0,0,0,4,8,333,2,-1,0,3,1,1,2.0,1,1,0
29,4,2,2,0,572,0,0,0,4,6,224,1,-1,0,3,1,1,1.0,1,0,0
35,4,2,2,0,431,0,0,0,17,1,343,2,397,1,0,1,0,1.0,1,1,1
21,8,2,0,0,423,0,0,0,8,0,104,5,-1,0,3,1,1,5.0,1,0,0
53,1,1,0,0,5603,0,0,0,28,1,2372,6,-1,0,3,1,1,6.0,1,1,3
46,1,1,3,0,842,1,0,1,8,8,833,1,-1,0,3,1,1,1.0,1,1,2
44,9,0,1,0,275,0,0,0,17,9,1077,1,-1,0,3,1,1,1.0,1,1,2
26,0,2,1,0,255,0,0,0,14,1,209,2,106,2,2,1,0,0.6666666666666666,1,0,0
48,0,0,1,0,83,1,0,0,13,8,1101,1,-1,0,3,1,1,1.0,1,1,2
33,4,2,2,0,1304,1,0,0,18,8,536,2,-1,0,3,1,1,2.0,1,1,1
29,8,2,3,0,7585,0,0,0,3,7,145,2,198,1,0,1,0,1.0,1,0,0
26,1,2,1,0,-46,1,0,2,20,6,382,7,-1,0,3,1,1,7.0,0,1,0
51,6,1,2,0,5350,1,1,0,31,5,612,4,-1,0,3,1,1,4.0,1,1,3
57,5,1,1,0,5313,0,0,0,3,6,200,1,-1,0,3,1,1,1.0,1,0,3
33,4,1,2,0,679,0,0,0,5,1,1109,2,-1,0,3,1,1,2.0,1,1,1
42,11,2,3,0,942,0,0,0,27,4,245,1,92,2,2,1,0,0.3333333333333333,1,0,2
22,8,2,1,0,3982,0,0,0,20,0,206,1,-1,0,3,1,1,1.0,1,0,0
30,1,2,1,0,49,0,0,0,30,4,808,2,-1,0,3,1,1,2.0,1,1,0
48,11,2,3,0,1819,0,0,0,2,11,1440,1,458,1,0,1,0,0.5,1,1,2
32,1,1,1,1,-53,1,0,0,16,0,648,1,272,1,1,1,0,0.5,0,1,1
31,4,0,2,0,254,0,0,0,18,1,1576,8,-1,0,3,1,1,8.0,1,1,1
30,7,1,1,0,48,1,0,0,31,5,662,13,-1,0,3,1,1,13.0,1,1,0
33,4,2,2,0,718,1,0,0,29,6,271,1,84,3,2,1,0,0.25,1,0,1
72,5,1,1,0,1533,0,0,0,16,2,546,2,-1,0,3,1,1,2.0,1,1,4
84,5,1,1,0,81204,0,0,1,28,2,679,1,313,2,1,1,0,0.3333333333333333,1,1,4
34,4,1,2,0,828,0,1,0,11,1,1080,3,-1,0,3,1,1,3.0,1,1,1
28,0,2,1,0,352,1,1,0,18,8,431,1,-1,0,3,1,1,1.0,1,1,0
22,6,2,1,0,2138,0,1,0,10,1,164,1,109,2,1,1,0,0.3333333333333333,1,0,0
34,9,1,2,0,23076,0,0,0,26,8,243,2,35,6,1,1,0,0.2857142857142857,1,0,1
24,1,1,1,0,-389,1,1,2,4,6,1242,1,-1,0,3,1,1,1.0,0,1,0
32,4,1,2,0,905,0,0,0,12,3,666,4,-1,0,3,1,1,4.0,1,1,1
39,1,1,1,0,785,1,0,0,11,8,1232,2,-1,0,3,1,1,2.0,1,1,1
56,4,1,2,0,2333,0,0,0,4,8,244,1,-1,0,3,1,1,1.0,1,0,3
31,9,2,2,0,882,0,0,0,4,11,293,1,93,1,2,1,0,0.5,1,0,1
35,0,1,1,0,-203,1,0,0,11,5,1649,2,-1,0,3,1,1,2.0,0,1,1
53,0,1,1,0,459,0,0,0,5,0,558,1,-1,0,3,1,1,1.0,1,1,3
73,5,0,1,0,7111,1,0,0,12,10,146,1,-1,0,3,1,1,1.0,1,0,4
31,9,1,2,0,3338,1,0,0,21,2,264,2,-1,0,3,1,1,2.0,1,0,1
53,9,1,1,0,10185,0,0,0,23,7,115,1,-1,0,3,1,1,1.0,1,0,3
47,10,1,1,0,312,0,0,0,29,5,884,1,-1,0,3,1,1,1.0,1,1,2
42,9,0,1,0,314,1,0,2,30,10,234,1,-1,0,3,1,1,1.0,1,0,2
51,3,0,1,0,9228,0,0,0,18,5,655,4,-1,0,3,1,1,4.0,1,1,3
39,9,1,2,0,1524,0,0,0,20,0,567,1,-1,0,3,1,1,1.0,1,1,1
26,7,2,1,0,110,0,0,0,30,4,1136,2,-1,0,3,1,1,2.0,1,1,0
35,4,1,2,0,991,1,0,0,6,8,1489,3,-1,0,3,1,1,3.0,1,1,1
27,1,1,1,0,4333,0,0,0,20,0,163,1,-1,0,3,1,1,1.0,1,0,0
40,4,1,2,0,1598,1,1,0,6,8,1074,4,344,3,0,1,0,1.0,1,1,1
49,1,2,0,0,566,1,0,0,25,5,979,2,-1,0,3,1,1,2.0,1,1,2
33,10,2,1,0,2066,0,1,0,9,11,305,1,749,2,0,1,0,0.3333333333333333,1,1,1
73,5,2,1,0,1050,0,0,0,4,7,562,3,181,2,0,1,0,1.0,1,1,4
39,10,1,0,0,7005,1,0,0,28,5,429,2,184,3,2,1,0,0.5,1,1,1
90,5,0,1,0,1,0,0,0,13,3,152,3,-1,0,3,1,1,3.0,1,0,4
60,1,1,0,0,5,0,0,0,29,4,533,1,92,1,2,1,0,0.5,1,1,3
54,9,1,1,0,0,0,0,1,5,3,744,3,-1,0,3,1,1,3.0,0,1,3
35,0,1,1,0,304,0,0,0,18,7,237,1,-1,0,3,1,1,1.0,1,0,1
64,5,1,1,0,5966,1,0,0,22,6,983,1,-1,0,3,1,1,1.0,1,1,4
18,8,2,3,0,108,0,0,0,9,3,92,1,183,1,2,1,0,0.5,1,0,0
80,5,1,1,0,8304,0,0,1,9,6,712,1,64,12,0,1,0,0.07692307692307693,1,1,4
35,0,1,2,0,286,0,0,0,30,0,949,2,-1,0,3,1,1,2.0,1,1,1
29,0,2,1,0,265,1,0,0,25,9,414,1,184,1,0,1,0,0.5,1,1,0
68,5,1,1,0,445,0,0,0,18,3,475,1,-1,0,3,1,1,1.0,1,1,4
33,7,1,1,0,2918,0,1,0,20,9,1059,2,-1,0,3,1,1,2.0,1,1,1
44,6,1,3,0,163,1,0,0,4,8,364,3,-1,0,3,1,1,3.0,1,1,2
29,9,2,1,0,6,0,0,0,25,8,315,1,-1,0,3,1,1,1.0,1,1,0
55,3,1,0,0,2152,0,0,2,19,6,922,2,-1,0,3,1,1,2.0,1,1,3
35,1,1,1,0,1055,0,0,2,18,9,150,2,-1,0,3,1,1,2.0,1,0,1
32,9,2,1,0,0,0,0,0,18,1,594,4,-1,0,3,1,1,4.0,0,1,1
57,5,1,2,0,1269,0,0,0,31,1,1120,1,-1,0,3,1,1,1.0,1,1,3
34,3,1,2,0,0,0,0,0,18,1,148,1,84,2,0,1,0,0.3333333333333333,0,0,1
35,9,2,1,0,3490,1,0,0,29,1,643,2,-1,0,3,1,1,2.0,1,1,1
54,7,0,1,0,0,0,0,0,18,7,362,1,290,3,2,1,0,0.25,0,1,3
60,10,1,0,0,0,0,0,0,22,5,1193,1,412,1,1,1,0,0.5,0,1,3
26,4,2,2,0,1004,1,0,2,30,8,228,2,-1,0,3,1,1,2.0,1,0,0
31,1,1,0,0,33,1,0,0,24,5,901,2,-1,0,3,1,1,2.0,1,1,1
42,2,1,2,0,5345,0,0,2,11,6,878,3,-1,0,3,1,1,3.0,1,1,2
22,8,2,1,0,1522,0,0,0,30,10,368,2,-1,0,3,1,1,2.0,1,1,0
57,4,1,2,0,10583,0,0,0,25,7,272,1,178,6,2,1,0,0.14285714285714285,1,0,3
27,1,1,0,0,-413,0,1,2,27,6,422,6,-1,0,3,1,1,6.0,0,1,0
31,0,1,1,0,879,1,0,0,13,8,394,1,-1,0,3,1,1,1.0,1,1,1
23,8,2,1,0,107,0,0,0,14,10,84,1,183,1,2,1,0,0.5,1,0,0
44,9,1,2,0,4580,1,0,2,15,8,911,2,-1,0,3,1,1,2.0,1,1,2
52,4,1,2,0,1227,0,0,0,22,1,1123,4,-1,0,3,1,1,4.0,1,1,3
33,4,2,2,0,224,0,0,0,8,7,241,2,-1,0,3,1,1,2.0,1,0,1
77,5,1,3,0,1807,0,0,1,20,10,373,1,-1,0,3,1,1,1.0,1,1,4
49,7,1,1,0,-8,1,0,2,8,8,1119,1,-1,0,3,1,1,1.0,0,1,2
31,8,1,0,0,46,1,0,0,10,5,487,1,-1,0,3,1,1,1.0,1,1,1
37,1,0,1,0,316,1,0,2,26,8,642,2,-1,0,3,1,1,2.0,1,1,1
35,4,2,2,0,2646,0,0,0,13,10,221,1,182,1,2,1,0,0.5,1,0,1
42,1,1,0,0,2103,1,0,0,13,0,384,2,-1,0,3,1,1,2.0,1,1,2
39,4,1,2,0,-17,1,1,0,28,1,908,1,-1,0,3,1,1,1.0,0,1,1
33,9,2,2,0,3689,0,0,0,27,1,445,3,-1,0,3,1,1,3.0,1,1,1
29,6,1,1,0,123,0,1,0,21,0,158,2,181,1,2,1,0,1.0,1,0,0
32,4,1,2,0,2465,1,1,0,7,8,923,1,-1,0,3,1,1,1.0,1,1,1
34,4,2,3,0,6013,1,0,0,18,8,612,1,-1,0,3,1,1,1.0,1,1,1
28,4,2,2,0,223,1,0,0,1,6,303,1,278,3,2,1,0,0.25,1,1,0
29,4,2,2,0,307,1,0,0,2,6,690,1,-1,0,3,1,1,1.0,1,1,0
30,9,2,1,0,3144,0,0,0,19,8,212,2,-1,0,3,1,1,2.0,1,0,0
46,9,2,1,0,5862,0,0,0,1,6,84,1,-1,0,3,1,1,1.0,1,0,2
33,9,1,1,0,180,0,0,0,4,1,561,1,435,3,0,1,0,0.25,1,1,1
34,4,1,2,0,676,0,0,1,11,9,486,1,-1,0,3,1,1,1.0,1,1,1
60,1,1,0,0,5,0,0,0,4,8,494,1,95,2,2,1,0,0.3333333333333333,1,1,3
32,4,2,2,0,0,0,0,0,5,3,550,4,-1,0,3,1,1,4.0,0,1,1
37,4,1,2,0,1113,0,0,0,1,11,265,2,183,2,2,1,0,0.6666666666666666,1,0,1
59,5,1,1,0,1521,1,1,2,14,8,1125,2,-1,0,3,1,1,2.0,1,1,3
60,5,0,1,0,1091,0,0,0,30,5,441,5,-1,0,3,1,1,5.0,1,1,3
31,4,2,2,0,533,0,0,0,11,3,144,1,91,9,2,1,0,0.1,1,0,1
41,4,1,1,0,456,1,0,0,11,1,734,4,-1,0,3,1,1,4.0,1,1,2
27,9,2,1,0,643,0,0,1,14,10,301,1,93,1,2,1,0,0.5,1,1,0
79,5,0,0,0,2787,0,0,1,13,5,617,1,377,1,2,1,0,0.5,1,1,4
78,5,0,0,0,1389,0,0,0,8,0,335,1,-1,0,3,1,1,1.0,1,1,4
27,7,2,1,0,54,1,0,2,28,8,543,2,-1,0,3,1,1,2.0,1,1,0
26,9,2,1,0,223,0,1,0,21,5,1002,3,-1,0,3,1,1,3.0,1,1,0
67,5,0,1,0,704,0,0,0,8,3,186,2,97,1,2,1,0,1.0,1,0,4
35,9,2,2,0,470,1,0,0,25,5,743,13,-1,0,3,1,1,13.0,1,1,1
47,4,1,1,0,2892,0,0,2,17,6,556,1,-1,0,3,1,1,1.0,1,1,2
50,2,1,2,0,-168,1,0,0,23,5,1327,2,-1,0,3,1,1,2.0,0,1,2
46,0,1,1,0,-522,1,0,0,27,7,243,3,239,13,1,1,0,0.21428571428571427,0,0,2
56,1,0,0,0,-9,1,1,0,8,8,728,1,-1,0,3,1,1,1.0,0,1,3
29,0,2,1,0,464,0,0,0,9,9,208,2,91,3,2,1,0,0.5,1,0,0
45,0,1,2,0,2552,0,0,0,1,6,69,1,293,7,0,1,0,0.125,1,0,2
39,4,1,2,0,119,1,0,0,1,11,265,2,476,4,2,1,0,0.4,1,0,1
54,7,1,3,0,0,1,0,0,5,3,686,2,267,1,1,1,0,1.0,0,1,3
49,9,2,1,0,-188,1,1,0,17,9,454,1,-1,0,3,1,1,1.0,0,1,2
30,4,2,2,0,1028,0,0,0,4,3,1294,2,-1,0,3,1,1,2.0,1,1,0
56,9,1,1,0,589,1,0,2,29,8,535,2,-1,0,3,1,1,2.0,1,1,3
42,10,1,3,0,970,1,0,1,21,5,691,10,-1,0,3,1,1,10.0,1,1,2
34,9,2,1,0,2729,1,0,0,18,9,835,1,-1,0,3,1,1,1.0,1,1,1
43,4,2,2,0,1304,0,0,0,6,1,501,2,-1,0,3,1,1,2.0,1,1,2
61,5,1,1,0,2917,0,0,0,6,10,215,1,-1,0,3,1,1,1.0,1,0,4
37,0,1,2,0,3913,1,0,0,27,0,124,1,-1,0,3,1,1,1.0,1,0,1
44,3,1,0,0,-156,0,1,0,30,5,1211,2,-1,0,3,1,1,2.0,0,1,2
58,4,1,2,0,473,0,0,0,18,3,1109,1,262,1,2,1,0,0.5,1,1,3
33,4,2,2,0,3143,0,0,0,29,6,421,2,-1,0,3,1,1,2.0,1,1,1
35,4,1,2,0,-468,1,0,0,30,5,540,8,-1,0,3,1,1,8.0,0,1,1
27,1,2,0,0,265,1,0,0,13,8,1119,2,-1,0,3,1,1,2.0,1,1,0
43,10,1,2,0,0,0,0,0,16,5,745,1,281,1,0,1,0,0.5,0,1,2
45,1,1,1,0,61,1,0,2,26,8,745,4,-1,0,3,1,1,4.0,1,1,2
63,5,1,1,0,2896,0,0,0,4,7,180,2,-1,0,3,1,1,2.0,1,0,4
29,8,2,1,0,1779,0,0,0,4,6,400,1,-1,0,3,1,1,1.0,1,1,0
36,7,2,1,0,0,1,0,0,15,8,1002,4,-1,0,3,1,1,4.0,0,1,1
36,1,1,1,0,1193,0,0,0,30,10,640,1,-1,0,3,1,1,1.0,1,1,1
31,0,2,1,0,0,0,0,0,17,0,188,3,-1,0,3,1,1,3.0,0,0,1
39,4,1,2,0,494,0,0,0,10,7,106,2,478,3,0,1,0,0.5,1,0,1
57,5,1,0,0,3518,1,0,0,25,1,626,3,-1,0,3,1,1,3.0,1,1,3
31,9,1,2,0,120,0,0,0,8,1,1000,1,-1,0,3,1,1,1.0,1,1,1
30,4,1,2,0,419,1,0,0,4,6,194,1,-1,0,3,1,1,1.0,1,0,0
40,9,2,2,0,431,0,0,0,7,5,180,2,-1,0,3,1,1,2.0,1,0,1
47,4,2,2,0,86,0,0,0,5,1,253,1,97,4,2,1,0,0.2,1,0,2
27,8,2,1,0,213,0,0,0,27,7,378,1,-1,0,3,1,1,1.0,1,1,0
46,4,0,2,0,1297,0,0,0,11,1,716,3,-1,0,3,1,1,3.0,1,1,2
25,4,2,2,0,219,0,0,0,30,0,458,1,-1,0,3,1,1,1.0,1,1,0
27,10,2,0,0,9,0,1,0,9,5,919,2,-1,0,3,1,1,2.0,1,1,0
42,0,0,1,0,2129,0,0,0,13,1,633,1,182,2,1,1,0,0.3333333333333333,1,1,2
26,2,2,2,0,725,0,0,0,5,3,1916,2,189,29,1,1,0,0.06666666666666667,1,1,0
30,4,1,2,0,4328,0,0,0,30,0,262,3,189,11,1,1,0,0.25,1,0,0
58,5,1,0,0,1241,0,0,0,18,1,194,2,-1,0,3,1,1,2.0,1,0,3
26,1,2,0,0,409,1,0,0,21,5,577,2,-1,0,3,1,1,2.0,1,1,0
35,7,1,3,0,618,0,0,0,30,0,951,1,-1,0,3,1,1,1.0,1,1,1
31,9,2,1,0,846,0,0,0,26,8,405,3,205,2,0,1,0,1.0,1,1,1
34,1,2,1,0,1759,0,1,0,25,5,695,1,-1,0,3,1,1,1.0,1,1,1
33,1,1,1,0,139,1,1,0,18,8,732,2,291,5,0,1,0,0.3333333333333333,1,1,1
31,8,2,2,0,64,0,0,0,2,6,261,2,-1,0,3,1,1,2.0,1,0,1
30,1,2,1,0,161,0,1,1,8,11,298,3,-1,0,3,1,1,3.0,1,0,0
54,4,1,2,0,8295,0,0,0,5,6,207,1,-1,0,3,1,1,1.0,1,0,3
33,6,1,2,0,1278,0,0,0,6,10,649,1,-1,0,3,1,1,1.0,1,1,1
39,9,0,2,1,3,0,0,0,6,8,488,1,-1,0,3,1,1,1.0,1,1,1
45,10,0,1,0,3354,1,0,2,29,8,746,1,-1,0,3,1,1,1.0,1,1,2
33,9,2,2,0,317,1,0,0,4,6,323,1,80,14,1,1,0,0.06666666666666667,1,1,1
31,2,2,1,0,0,0,0,1,13,9,160,1,-1,0,3,1,1,1.0,0,0,1
32,4,0,2,0,222,0,1,0,15,5,820,4,-1,0,3,1,1,4.0,1,1,1
71,5,1,2,0,4388,0,0,0,8,5,896,2,-1,0,3,1,1,2.0,1,1,4
41,7,2,1,0,-675,1,1,0,18,7,147,4,-1,0,3,1,1,4.0,0,0,2
40,1,1,1,0,10,1,0,2,9,8,1692,2,-1,0,3,1,1,2.0,1,1,1
38,1,0,1,0,0,1,0,0,21,10,576,1,183,4,2,1,0,0.2,0,1,1
23,8,2,3,0,854,1,0,2,28,8,664,2,-1,0,3,1,1,2.0,1,1,0
41,9,2,2,0,431,0,0,0,23,5,196,1,88,5,0,1,0,0.16666666666666666,1,0,2
57,3,1,0,0,625,0,1,2,11,6,867,1,-1,0,3,1,1,1.0,1,1,3
22,8,2,1,0,23,0,0,0,27,10,137,1,-1,0,3,1,1,1.0,1,0,0
34,0,2,2,0,4254,1,0,0,21,9,714,1,-1,0,3,1,1,1.0,1,1,1
67,4,0,2,0,361,0,0,0,13,10,411,2,-1,0,3,1,1,2.0,1,1,4
77,5,1,2,0,7802,0,0,1,4,8,421,1,92,2,2,1,0,0.3333333333333333,1,1,4
30,1,1,1,0,5,0,0,0,17,0,840,3,-1,0,3,1,1,3.0,1,1,0
47,3,2,2,0,3727,0,0,2,12,6,993,6,-1,0,3,1,1,6.0,1,1,2
30,1,2,1,0,2145,1,0,0,18,8,727,2,-1,0,3,1,1,2.0,1,1,0
37,9,1,2,0,341,0,0,0,13,1,287,3,182,3,2,1,0,0.75,1,0,1
40,10,2,2,0,72,0,0,0,30,0,463,1,-1,0,3,1,1,1.0,1,1,1
34,9,2,1,0,85,1,0,2,20,8,1182,4,-1,0,3,1,1,4.0,1,1,1
27,8,2,2,0,3733,1,0,1,13,3,299,6,-1,0,3,1,1,6.0,1,0,0
32,4,2,2,0,311,0,0,2,12,8,757,2,-1,0,3,1,1,2.0,1,1,1
51,6,1,1,0,95,1,0,0,23,5,1309,4,-1,0,3,1,1,4.0,1,1,3
30,4,2,2,0,697,0,0,0,28,0,545,2,181,8,2,1,0,0.2222222222222222,1,1,0
37,4,0,2,0,-42,1,0,0,14,8,668,2,-1,0,3,1,1,2.0,0,1,1
54,9,1,1,0,0,0,0,1,30,0,766,3,84,3,2,1,0,0.75,0,1,3
40,1,1,0,0,830,1,0,0,13,8,873,3,370,2,0,1,0,1.0,1,1,1
47,9,1,1,0,1981,1,0,0,21,5,919,2,-1,0,3,1,1,2.0,1,1,2
37,7,1,1,0,981,0,0,0,7,5,682,2,386,1,2,1,0,1.0,1,1,1
35,1,1,0,0,159,1,1,0,12,8,826,1,-1,0,3,1,1,1.0,1,1,1
30,1,1,1,0,61,1,0,0,5,8,525,1,-1,0,3,1,1,1.0,1,1,0
46,1,1,0,0,369,1,0,2,13,8,916,2,-1,0,3,1,1,2.0,1,1,2
42,4,2,2,0,7560,0,0,0,28,4,132,1,-1,0,3,1,1,1.0,1,0,2
26,1,2,1,0,26,1,1,0,15,8,899,1,-1,0,3,1,1,1.0,1,1,0
42,9,2,1,0,1364,1,0,2,15,8,1867,6,-1,0,3,1,1,6.0,1,1,2
64,5,1,3,0,34,0,0,0,26,1,244,2,-1,0,3,1,1,2.0,1,0,4
46,10,1,1,0,926,0,0,0,7,5,385,5,-1,0,3,1,1,5.0,1,1,2
47,1,1,1,0,863,1,0,2,19,8,943,2,-1,0,3,1,1,2.0,1,1,2
60,9,1,1,0,294,0,0,1,3,6,206,4,-1,0,3,1,1,4.0,1,0,3
37,3,1,1,0,7433,0,1,0,5,3,630,3,-1,0,3,1,1,3.0,1,1,1
25,1,2,0,0,292,1,1,0,18,8,1027,2,-1,0,3,1,1,2.0,1,1,0
25,8,2,1,0,2975,0,0,0,2,11,799,2,-1,0,3,1,1,2.0,1,1,0
34,9,1,1,0,159,1,0,0,18,10,252,1,-1,0,3,1,1,1.0,1,0,1
70,5,1,0,0,2795,0,0,0,8,4,301,2,-1,0,3,1,1,2.0,1,1,4
31,4,1,2,0,676,0,0,0,7,1,1182,1,-1,0,3,1,1,1.0,1,1,1
41,9,2,2,0,145,0,0,0,22,5,1833,2,-1,0,3,1,1,2.0,1,1,2
28,6,1,2,0,0,1,0,0,4,3,546,3,196,4,0,1,0,0.6,0,1,0
39,6,1,2,0,1047,0,0,2,6,6,554,1,-1,0,3,1,1,1.0,1,1,1
60,9,1,1,0,0,0,0,0,25,8,641,4,-1,0,3,1,1,4.0,0,1,3
43,6,1,1,0,14144,1,0,0,21,9,504,1,-1,0,3,1,1,1.0,1,1,2
32,4,2,2,0,354,0,0,0,4,7,177,2,133,5,1,1,0,0.3333333333333333,1,0,1
53,1,1,1,0,1777,1,0,0,21,9,796,5,154,1,0,1,0,2.5,1,1,3
39,4,1,2,0,1425,1,0,0,12,8,775,3,-1,0,3,1,1,3.0,1,1,1
43,4,2,2,0,2081,0,0,0,22,10,554,3,-1,0,3,1,1,3.0,1,1,2
34,1,1,1,0,634,0,1,0,12,8,737,3,-1,0,3,1,1,3.0,1,1,1
29,1,1,1,0,7863,1,0,0,14,8,1129,1,-1,0,3,1,1,1.0,1,1,0
79,5,1,1,0,723,0,0,1,9,11,276,1,79,3,0,1,0,0.25,1,0,4
30,0,2,1,0,1309,0,0,0,28,4,622,1,-1,0,3,1,1,1.0,1,1,0
71,5,1,1,0,2850,0,0,0,17,3,185,1,-1,0,3,1,1,1.0,1,0,4
49,9,1,1,0,808,1,0,0,28,4,1232,1,-1,0,3,1,1,1.0,1,1,2
25,8,2,1,0,1747,1,0,0,24,5,903,1,-1,0,3,1,1,1.0,1,1,0
35,4,2,2,0,68,0,0,2,6,6,1085,1,-1,0,3,1,1,1.0,1,1,1
38,1,1,0,0,5839,1,0,2,4,6,984,2,-1,0,3,1,1,2.0,1,1,1
28,0,2,1,0,460,1,0,2,26,8,741,6,-1,0,3,1,1,6.0,1,1,0
31,4,2,1,0,1088,1,0,0,8,0,575,2,-1,0,3,1,1,2.0,1,1,1
25,9,2,1,0,139,0,1,0,12,10,138,1,-1,0,3,1,1,1.0,1,0,0
61,0,1,3,0,4629,1,0,0,29,5,349,3,183,2,2,1,0,1.0,1,1,4
34,0,1,1,0,-33,1,1,0,10,5,961,1,-1,0,3,1,1,1.0,0,1,1
37,1,1,1,0,1330,0,0,0,30,0,390,1,-1,0,3,1,1,1.0,1,1,1
31,6,2,2,0,17924,1,0,0,14,8,745,1,174,3,0,1,0,0.25,1,1,1
30,7,2,1,0,1268,1,0,0,8,0,105,4,320,8,1,1,0,0.4444444444444444,1,0,0
46,0,1,1,0,660,0,0,0,6,1,740,2,-1,0,3,1,1,2.0,1,1,2
59,5,1,1,0,6888,0,0,1,20,9,1025,2,-1,0,3,1,1,2.0,1,1,3
47,0,1,1,0,3676,0,0,0,18,10,567,1,95,3,2,1,0,0.25,1,1,2
43,2,1,1,0,104,1,0,0,18,5,635,3,-1,0,3,1,1,3.0,1,1,2
40,10,2,2,0,7968,0,0,0,2,6,596,1,-1,0,3,1,1,1.0,1,1,1
59,0,1,1,0,145,1,0,1,12,8,556,2,287,13,2,1,0,0.14285714285714285,1,1,3
59,9,1,1,0,10925,0,0,0,21,0,100,1,-1,0,3,1,1,1.0,1,0,3
49,9,0,2,0,596,1,0,1,15,11,722,1,-1,0,3,1,1,1.0,1,1,2
73,5,0,2,0,3203,0,0,0,20,0,148,1,-1,0,3,1,1,1.0,1,0,4
62,4,1,2,0,0,0,0,0,3,11,299,1,-1,0,3,1,1,1.0,0,0,4
44,7,1,1,0,522,0,1,2,20,6,911,1,-1,0,3,1,1,1.0,1,1,2
63,9,1,1,0,973,0,0,0,25,3,318,1,388,1,2,1,0,0.5,1,1,4
60,0,0,1,0,-41,1,1,0,6,3,1658,1,262,1,0,1,0,0.5,0,1,3
23,9,2,1,0,4,1,0,0,8,8,763,1,-1,0,3,1,1,1.0,1,1,0
68,5,1,1,0,1146,0,0,0,3,7,153,2,110,3,2,1,0,0.5,1,0,4
41,2,1,0,0,39,1,0,0,21,9,549,2,-1,0,3,1,1,2.0,1,1,2
34,1,1,0,0,3527,1,0,0,21,9,1022,1,-1,0,3,1,1,1.0,1,1,1
38,1,0,1,0,0,1,0,1,20,0,162,1,181,5,2,1,0,0.16666666666666666,0,0,1
23,7,2,1,0,870,0,0,0,6,5,316,4,-1,0,3,1,1,4.0,1,1,0
65,5,1,1,0,2326,0,1,0,21,1,276,1,-1,0,3,1,1,1.0,1,0,4
35,9,2,1,0,399,1,0,0,13,8,496,2,345,3,0,1,0,0.5,1,1,1
57,0,1,1,0,403,1,0,0,18,8,603,1,340,2,1,1,0,0.3333333333333333,1,1,3
57,0,1,1,0,4391,0,0,1,4,3,1416,1,-1,0,3,1,1,1.0,1,1,3
73,5,1,0,0,542,0,0,0,26,10,355,1,180,5,0,1,0,0.16666666666666666,1,1,4
24,8,2,1,0,689,0,0,0,8,11,630,1,-1,0,3,1,1,1.0,1,1,0
31,0,2,2,0,355,1,0,0,12,8,609,1,-1,0,3,1,1,1.0,1,1,1
82,3,0,0,0,1381,0,0,0,28,5,844,5,181,4,0,1,0,1.0,1,1,4
24,4,2,2,0,1030,0,0,0,4,7,396,2,-1,0,3,1,1,2.0,1,1,0
81,5,1,0,0,5220,0,0,1,13,9,135,1,94,2,1,1,0,0.3333333333333333,1,0,4
45,9,1,1,0,1348,0,1,0,1,0,358,2,-1,0,3,1,1,2.0,1,1,2
28,11,2,3,0,326,0,0,0,11,10,450,1,231,1,2,1,0,0.5,1,1,0
33,4,1,2,0,0,1,0,0,9,7,305,1,326,1,2,1,0,0.5,0,1,1
47,0,1,1,0,3676,0,0,0,15,5,415,2,342,1,1,1,0,1.0,1,1,2
39,0,0,1,0,728,1,1,0,18,10,222,1,-1,0,3,1,1,1.0,1,0,1
52,4,1,2,0,7135,0,0,0,19,1,1032,3,-1,0,3,1,1,3.0,1,1,3
70,5,1,0,0,324,0,0,0,11,1,632,1,308,6,1,1,0,0.14285714285714285,1,1,4
26,10,2,1,0,622,0,0,0,28,4,1451,2,-1,0,3,1,1,2.0,1,1,0
25,9,2,1,0,505,0,1,0,17,9,386,2,-1,0,3,1,1,2.0,1,1,0
48,7,0,3,0,973,0,0,0,8,10,319,1,134,2,2,1,0,0.3333333333333333,1,1,2
55,11,1,1,0,2206,0,0,0,12,1,265,1,91,5,2,1,0,0.16666666666666666,1,0,3
31,4,1,2,0,0,1,1,0,28,5,664,8,-1,0,3,1,1,8.0,0,1,1
73,5,1,0,0,796,0,0,0,23,10,427,1,182,2,0,1,0,0.3333333333333333,1,1,4
33,4,2,2,0,2364,0,0,0,17,8,508,1,-1,0,3,1,1,1.0,1,1,1
32,7,1,1,0,38,1,0,0,15,8,744,1,-1,0,3,1,1,1.0,1,1,1
49,9,1,1,0,1684,0,1,0,1,6,412,2,-1,0,3,1,1,2.0,1,1,2
54,4,1,2,0,752,0,0,1,29,5,211,5,491,4,1,1,0,1.0,1,0,3
39,9,0,1,0,902,1,0,0,10,3,691,2,180,5,0,1,0,0.3333333333333333,1,1,1
36,7,2,1,0,-253,1,0,0,14,0,1073,1,-1,0,3,1,1,1.0,0,1,1
76,5,1,0,0,3324,0,0,0,11,3,309,1,90,4,2,1,0,0.2,1,1,4
31,6,2,2,0,144,1,0,2,16,8,676,1,-1,0,3,1,1,1.0,1,1,1
27,4,2,0,1,13,0,0,0,30,4,475,3,-1,0,3,1,1,3.0,1,1,0
30,0,2,2,0,311,0,0,0,31,7,158,2,-1,0,3,1,1,2.0,1,0,0
31,4,2,2,0,307,0,0,0,8,5,361,1,229,2,0,1,0,0.3333333333333333,1,1,1
32,4,1,2,0,2667,1,0,0,4,7,251,1,181,4,0,1,0,0.2,1,0,1
45,3,1,1,0,4068,0,0,0,20,1,184,1,-1,0,3,1,1,1.0,1,0,2
33,0,2,1,0,572,1,0,0,14,0,344,1,74,2,0,1,0,0.3333333333333333,1,1,1
43,9,1,1,0,1358,0,0,0,10,7,159,3,-1,0,3,1,1,3.0,1,0,2
32,9,2,2,0,388,0,0,0,29,0,250,3,-1,0,3,1,1,3.0,1,0,1
41,1,1,1,0,2823,1,0,2,14,8,858,1,-1,0,3,1,1,1.0,1,1,2
29,4,2,2,0,697,0,0,0,30,0,365,1,85,1,2,1,0,0.5,1,1,0
69,5,0,0,0,482,0,0,0,2,5,260,2,-1,0,3,1,1,2.0,1,0,4
35,7,1,1,0,52,1,0,0,4,6,328,2,94,4,2,1,0,0.4,1,1,1
37,10,2,1,0,2722,0,0,1,27,0,426,2,179,3,1,1,0,0.5,1,1,1
33,6,2,2,0,61,0,0,0,19,1,836,3,-1,0,3,1,1,3.0,1,1,1
47,0,1,1,0,368,0,0,0,21,8,403,1,87,6,2,1,0,0.14285714285714285,1,1,2
40,1,1,1,0,1954,0,0,0,31,5,1107,2,-1,0,3,1,1,2.0,1,1,1
30,7,2,0,0,0,1,1,0,19,9,686,1,-1,0,3,1,1,1.0,0,1,0
47,9,1,1,0,0,0,0,0,21,9,591,1,10,1,0,1,0,0.5,0,1,2
37,10,2,1,0,443,0,0,0,29,4,1600,1,-1,0,3,1,1,1.0,1,1,1
55,4,0,2,0,2383,0,0,0,5,1,1019,2,63,2,2,1,0,0.6666666666666666,1,1,3
29,6,2,2,0,814,0,0,2,13,1,461,1,-1,0,3,1,1,1.0,1,1,0
33,7,1,1,0,227,1,1,0,13,1,477,2,-1,0,3,1,1,2.0,1,1,1
27,9,2,2,0,393,0,0,0,1,0,165,2,-1,0,3,1,1,2.0,1,0,0
36,4,2,2,0,811,0,0,0,6,7,229,1,-1,0,3,1,1,1.0,1,0,1
32,0,1,1,0,51,1,1,0,14,4,203,1,87,2,1,1,0,0.3333333333333333,1,0,1
37,4,1,2,0,238,0,0,0,3,9,149,1,-1,0,3,1,1,1.0,1,0,1
37,0,1,2,0,3221,0,0,0,15,6,379,2,376,13,1,1,0,0.14285714285714285,1,1,1
26,9,2,1,0,1105,1,0,0,6,11,415,1,297,3,1,1,0,0.25,1,1,0
52,4,1,2,0,388,0,0,0,25,8,272,1,-1,0,3,1,1,1.0,1,0,3
33,9,2,1,0,719,1,0,0,9,0,448,2,316,6,0,1,0,0.2857142857142857,1,1,1
35,4,1,2,0,495,0,0,0,30,0,266,1,87,1,0,1,0,0.5,1,0,1
32,7,2,1,0,3993,0,0,0,22,8,148,2,-1,0,3,1,1,2.0,1,0,1
25,1,2,1,0,303,0,0,0,18,7,265,1,-1,0,3,1,1,1.0,1,0,0
37,10,1,1,0,1978,0,0,0,11,7,335,1,-1,0,3,1,1,1.0,1,1,1
47,4,2,2,0,334,1,0,0,28,6,614,3,94,9,2,1,0,0.3,1,1,2
39,4,2,2,0,1515,1,0,0,4,8,815,6,167,6,0,1,0,0.8571428571428571,1,1,1
59,4,1,2,0,1,1,0,0,29,0,210,1,-1,0,3,1,1,1.0,1,0,3
33,9,1,2,0,4401,0,0,0,30,0,439,1,-1,0,3,1,1,1.0,1,1,1
66,4,1,3,0,2149,1,0,0,25,3,98,1,87,10,0,1,0,0.09090909090909091,1,0,4
26,8,2,2,0,39,0,0,0,26,8,396,3,-1,0,3,1,1,3.0,1,1,0
48,10,2,2,0,3229,0,0,2,16,6,1089,1,-1,0,3,1,1,1.0,1,1,2
46,4,1,3,0,2466,0,0,1,1,0,216,3,370,1,0,1,0,1.5,1,0,2
25,9,2,1,0,7103,1,0,0,28,8,188,3,10,1,0,1,0,1.5,1,0,0
54,9,2,2,0,118,0,0,0,5,0,280,1,-1,0,3,1,1,1.0,1,0,3
31,1,1,1,0,625,1,0,0,2,5,135,2,49,3,0,1,0,0.5,1,0,1
44,4,1,2,0,1791,0,0,0,11,3,71,1,190,1,2,1,0,0.5,1,0,2
73,5,1,0,0,5539,0,0,1,6,1,338,1,-1,0,3,1,1,1.0,1,1,4
28,1,2,2,0,4099,0,0,0,23,0,116,4,-1,0,3,1,1,4.0,1,0,0
24,9,1,1,0,556,1,0,0,8,3,278,1,94,4,2,1,0,0.2,1,0,0
53,0,2,1,0,2398,1,0,0,2,1,317,1,180,2,0,1,0,0.3333333333333333,1,1,3
32,4,1,2,0,1331,0,0,0,12,9,126,1,92,5,0,1,0,0.16666666666666666,1,0,1
38,9,1,1,0,226,1,0,2,30,8,762,3,-1,0,3,1,1,3.0,1,1,1
32,1,2,1,0,799,0,1,0,23,5,2078,6,-1,0,3,1,1,6.0,1,1,1
32,4,0,2,0,883,1,0,0,10,2,798,1,185,5,1,1,0,0.16666666666666666,1,1,1
93,5,1,3,0,775,0,0,0,22,5,860,2,177,7,2,1,0,0.25,1,1,4
54,9,1,3,0,240,1,0,0,29,10,142,1,-1,0,3,1,1,1.0,1,0,3
42,1,0,0,0,301,1,0,0,17,5,1175,2,-1,0,3,1,1,2.0,1,1,2
43,9,0,3,0,4389,0,0,0,8,0,618,1,-1,0,3,1,1,1.0,1,1,2
39,7,1,1,0,2843,1,0,2,19,6,585,1,-1,0,3,1,1,1.0,1,1,1
57,5,0,0,0,720,0,0,1,17,3,202,4,-1,0,3,1,1,4.0,1,0,3
78,5,0,1,0,3417,0,0,0,12,8,309,1,181,1,2,1,0,0.5,1,1,4
34,9,1,1,0,133,0,0,0,15,9,401,2,187,5,2,1,0,0.3333333333333333,1,1,1
25,0,2,2,0,1185,0,0,0,7,10,290,1,114,1,0,1,0,0.5,1,0,0
28,9,2,2,0,3623,0,0,0,10,7,261,1,-1,0,3,1,1,1.0,1,0,0
57,5,0,0,0,63,0,1,0,25,5,1448,17,-1,0,3,1,1,17.0,1,1,3
61,6,0,2,0,6610,0,0,0,24,3,481,2,-1,0,3,1,1,2.0,1,1,4
56,1,1,0,0,0,1,0,0,16,5,1222,1,-1,0,3,1,1,1.0,0,1,3
53,7,0,0,0,-291,1,1,2,7,8,591,1,-1,0,3,1,1,1.0,0,1,3
39,7,1,1,0,52,0,0,1,2,3,1420,3,-1,0,3,1,1,3.0,1,1,1
44,7,0,1,0,-368,1,0,0,5,8,895,1,-1,0,3,1,1,1.0,0,1,2
42,1,1,1,0,2913,0,0,0,3,6,705,1,195,1,0,1,0,0.5,1,1,2
58,0,1,1,0,169,0,0,0,15,3,216,1,91,4,2,1,0,0.2,1,0,3
29,1,2,3,0,694,1,1,0,16,5,1806,4,-1,0,3,1,1,4.0,1,1,0
59,5,0,1,0,1,0,0,0,19,1,335,1,-1,0,3,1,1,1.0,1,1,3
50,7,1,1,0,2376,1,0,0,24,11,395,1,-1,0,3,1,1,1.0,1,1,2
83,5,0,0,0,1097,0,0,1,5,7,181,1,-1,0,3,1,1,1.0,1,0,4
34,4,1,2,0,158,0,0,0,9,6,190,1,92,9,2,1,0,0.1,1,0,1
73,5,1,3,0,3443,0,0,1,4,11,770,3,-1,0,3,1,1,3.0,1,1,4
41,1,1,1,0,203,0,0,0,2,5,342,2,-1,0,3,1,1,2.0,1,1,2
25,8,2,1,0,3713,0,0,0,24,8,323,2,353,3,1,1,0,0.5,1,1,0
27,0,2,1,0,18188,1,0,2,12,6,541,17,-1,0,3,1,1,17.0,1,1,0
37,4,1,2,0,2987,1,0,0,15,3,93,1,91,9,0,1,0,0.1,1,0,1
61,5,0,1,0,4243,0,0,0,30,0,315,1,182,2,2,1,0,0.3333333333333333,1,1,4
31,0,2,1,0,622,0,0,0,18,5,420,1,-1,0,3,1,1,1.0,1,1,1
26,9,2,1,0,354,0,0,0,16,5,586,1,-1,0,3,1,1,1.0,1,1,0
58,5,1,3,0,9004,0,0,0,21,5,891,4,-1,0,3,1,1,4.0,1,1,3
38,0,0,1,0,19,1,0,2,30,8,604,2,-1,0,3,1,1,2.0,1,1,1
72,5,1,1,0,1129,0,0,0,25,9,208,1,91,1,2,1,0,0.5,1,0,4
34,0,1,1,0,0,1,0,0,10,3,97,1,85,1,0,1,0,0.5,0,0,1
36,4,1,2,0,254,0,0,0,3,3,303,2,-1,0,3,1,1,2.0,1,1,1
21,8,2,3,0,53,0,0,0,14,6,270,1,-1,0,3,1,1,1.0,1,0,0
52,7,1,1,0,659,0,0,0,27,10,113,1,-1,0,3,1,1,1.0,1,0,3
61,5,1,1,0,86,0,0,0,23,10,149,1,-1,0,3,1,1,1.0,1,0,4
29,0,2,1,0,1070,1,0,2,19,8,30,1,357,1,1,1,0,0.5,1,0,0
40,9,2,3,0,3652,1,0,2,14,8,1028,2,-1,0,3,1,1,2.0,1,1,1
72,5,1,2,0,0,0,0,0,13,3,99,1,-1,0,3,1,1,1.0,0,0,4
76,5,1,2,0,2991,0,0,0,22,10,344,1,183,1,2,1,0,0.5,1,1,4
57,4,0,3,0,2986,0,0,0,17,2,222,2,231,1,0,1,0,1.0,1,0,3
71,5,0,1,0,4380,0,0,0,22,11,369,1,-1,0,3,1,1,1.0,1,1,4
35,9,2,1,0,1227,0,0,0,30,5,1005,5,134,10,2,1,0,0.45454545454545453,1,1,1
58,0,0,1,0,1947,0,0,1,26,10,228,1,-1,0,3,1,1,1.0,1,0,3
36,9,0,1,0,54,1,0,0,27,1,1642,3,-1,0,3,1,1,3.0,1,1,1
34,9,1,1,0,294,1,0,0,8,6,301,3,-1,0,3,1,1,3.0,1,1,1
22,8,2,1,0,185,0,0,0,8,5,153,1,-1,0,3,1,1,1.0,1,0,0
27,4,2,2,0,1720,0,0,0,15,6,910,1,224,3,2,1,0,0.25,1,1,0
77,11,1,3,0,397,0,0,1,7,8,300,3,-1,0,3,1,1,3.0,1,0,4
28,8,2,2,0,844,0,0,0,16,0,551,2,-1,0,3,1,1,2.0,1,1,0
55,3,0,0,0,77,0,0,0,31,5,463,6,-1,0,3,1,1,6.0,1,1,3
62,5,1,1,0,1495,0,0,0,17,1,606,1,196,1,2,1,0,0.5,1,1,4
23,8,2,1,0,431,0,0,0,15,3,201,3,186,2,2,1,0,1.0,1,0,0
46,1,1,1,0,668,1,0,2,15,8,1263,2,-1,0,3,1,1,2.0,1,1,2
31,9,2,2,0,882,0,0,0,3,6,411,1,-1,0,3,1,1,1.0,1,1,1
33,9,1,1,0,303,1,0,0,3,3,355,1,301,5,2,1,0,0.16666666666666666,1,1,1
35,7,2,1,0,719,1,0,0,18,8,1359,3,368,3,0,1,0,0.75,1,1,1
33,1,1,0,0,195,0,0,0,16,9,984,5,-1,0,3,1,1,5.0,1,1,1
54,10,1,1,0,582,1,0,0,15,8,693,5,372,2,0,1,0,1.6666666666666667,1,1,3
39,9,1,1,0,251,1,0,0,17,5,342,2,-1,0,3,1,1,2.0,1,1,1
24,8,2,1,0,822,0,0,0,27,10,184,1,91,2,0,1,0,0.3333333333333333,1,0,0
23,0,2,2,0,897,1,0,0,8,3,190,2,280,8,0,1,0,0.2222222222222222,1,0,0
49,9,1,2,0,1071,0,0,0,16,11,225,1,91,1,2,1,0,0.5,1,0,2
34,2,1,2,0,146,1,0,0,14,5,788,2,-1,0,3,1,1,2.0,1,1,1
73,5,1,0,0,279,0,0,0,28,4,399,3,-1,0,3,1,1,3.0,1,1,4
30,4,1,2,0,7,1,0,0,28,1,173,1,164,4,1,1,0,0.2,1,0,0
34,0,1,1,0,48,1,0,0,7,8,1806,2,287,3,1,1,0,0.5,1,1,1
35,4,0,2,0,1723,1,0,0,25,5,862,1,-1,0,3,1,1,1.0,1,1,1
48,1,2,0,0,623,1,0,0,2,3,1425,2,-1,0,3,1,1,2.0,1,1,2
28,8,2,2,0,5741,0,0,0,10,11,1042,5,200,3,0,1,0,1.25,1,1,0
24,7,2,1,1,-122,1,0,2,13,8,1000,1,-1,0,3,1,1,1.0,0,1,0
32,9,1,1,0,560,0,0,0,6,1,1044,4,-1,0,3,1,1,4.0,1,1,1
44,7,2,1,0,618,0,0,0,12,8,193,1,-1,0,3,1,1,1.0,1,0,2
29,0,2,1,0,1277,0,0,0,20,5,165,2,481,1,2,1,0,1.0,1,0,0
75,5,0,0,0,3881,1,0,0,4,3,136,3,-1,0,3,1,1,3.0,1,0,4
55,5,0,1,0,2204,0,0,0,22,3,261,1,264,1,0,1,0,0.5,1,0,3
47,1,1,1,0,182,1,0,1,10,5,39,1,-1,0,3,1,1,1.0,1,0,2
37,7,1,1,0,775,0,1,0,25,5,1000,1,-1,0,3,1,1,1.0,1,1,1
75,5,1,0,0,1765,0,0,1,14,11,808,1,187,4,0,1,0,0.2,1,1,4
59,10,1,1,0,957,0,0,0,8,7,301,1,89,2,2,1,0,0.3333333333333333,1,1,3
43,1,2,1,0,740,1,0,2,20,6,585,2,-1,0,3,1,1,2.0,1,1,2
47,1,1,1,0,1230,1,0,1,12,9,378,1,-1,0,3,1,1,1.0,1,1,2
37,0,1,1,0,274,1,0,2,27,8,731,3,-1,0,3,1,1,3.0,1,1,1
36,7,1,3,0,618,0,0,0,13,5,360,1,335,2,2,1,0,0.3333333333333333,1,1,1
53,0,1,1,0,1796,0,0,1,15,2,476,1,193,1,0,1,0,0.5,1,1,3
55,4,0,2,0,2037,0,0,0,4,3,305,2,94,3,2,1,0,0.5,1,1,3
55,4,1,2,0,-375,0,0,0,30,5,814,2,-1,0,3,1,1,2.0,0,1,3
39,0,0,1,0,112,0,0,0,16,11,574,3,-1,0,3,1,1,3.0,1,1,1
39,1,1,1,0,1382,1,0,0,12,1,357,1,182,2,2,1,0,0.3333333333333333,1,1,1
60,0,1,1,0,3735,0,0,0,22,2,190,1,188,9,2,1,0,0.1,1,0,3
44,4,1,0,0,558,0,0,0,19,3,268,5,-1,0,3,1,1,5.0,1,0,2
26,8,2,2,0,10086,0,0,0,21,0,110,2,-1,0,3,1,1,2.0,1,0,0
24,8,2,1,0,3176,0,0,0,13,4,108,2,-1,0,3,1,1,2.0,1,0,0
30,1,2,1,0,315,0,0,0,23,6,1407,1,-1,0,3,1,1,1.0,1,1,0
56,4,1,3,0,4623,0,0,0,17,1,348,1,-1,0,3,1,1,1.0,1,1,3
42,7,1,1,0,1376,1,0,0,2,6,271,2,92,4,2,1,0,0.4,1,0,2
34,9,1,1,0,1012,1,1,1,28,10,540,1,-1,0,3,1,1,1.0,1,1,1
25,0,2,1,0,1871,0,0,0,8,11,260,1,96,1,2,1,0,0.5,1,0,0
56,9,0,1,0,179,0,0,0,18,5,536,1,-1,0,3,1,1,1.0,1,1,3
25,1,2,1,0,389,0,0,0,3,6,837,1,-1,0,3,1,1,1.0,1,1,0
34,9,1,1,0,294,1,0,0,9,2,265,1,184,3,2,1,0,0.25,1,0,1
34,4,2,2,0,3821,1,0,0,13,8,649,2,-1,0,3,1,1,2.0,1,1,1
58,9,1,1,0,589,1,0,0,10,3,511,3,183,6,2,1,0,0.42857142857142855,1,1,3
32,9,2,2,0,5514,0,0,0,22,0,319,1,182,1,2,1,0,0.5,1,1,1
24,9,2,1,0,403,0,0,2,17,6,247,1,-1,0,3,1,1,1.0,1,0,0
41,0,2,1,0,1020,1,0,2,19,8,882,1,-1,0,3,1,1,1.0,1,1,2
30,6,2,2,0,655,0,0,0,23,11,272,4,184,1,2,1,0,2.0,1,0,0
56,1,1,0,0,1137,0,0,1,2,5,176,1,-1,0,3,1,1,1.0,1,0,3
38,1,2,2,0,172,1,0,0,1,0,1176,1,-1,0,3,1,1,1.0,1,1,1
28,1,2,1,0,-46,1,0,0,1,6,154,2,91,12,2,1,0,0.15384615384615385,0,0,0
27,7,2,1,0,353,1,0,0,15,8,663,1,-1,0,3,1,1,1.0,1,1,0
34,4,2,2,0,5086,0,0,0,25,8,213,4,-1,0,3,1,1,4.0,1,0,1
51,4,1,2,0,346,0,0,0,11,1,237,1,180,6,2,1,0,0.14285714285714285,1,0,3
39,9,2,1,0,1355,1,0,0,14,8,1180,1,-1,0,3,1,1,1.0,1,1,1
35,7,1,1,0,4170,1,0,2,20,8,1777,1,-1,0,3,1,1,1.0,1,1,1
60,5,0,2,0,979,1,0,0,15,5,346,1,181,4,2,1,0,0.2,1,1,3
18,8,2,3,0,3,0,0,0,25,1,130,2,-1,0,3,1,1,2.0,1,0,0
52,1,1,3,0,0,1,0,0,9,5,1486,1,-1,0,3,1,1,1.0,0,1,3
35,1,0,0,0,300,1,0,2,13,8,945,2,-1,0,3,1,1,2.0,1,1,1
25,7,2,2,0,12,0,0,0,12,6,126,6,-1,0,3,1,1,6.0,1,0,0
26,8,2,1,0,620,0,0,0,22,8,223,1,94,1,2,1,0,0.5,1,0,0
67,3,0,1,0,5275,0,0,0,13,1,222,4,-1,0,3,1,1,4.0,1,0,4
29,4,1,2,0,205,0,0,0,4,6,787,1,-1,0,3,1,1,1.0,1,1,0
31,0,1,1,0,97,1,0,2,19,8,607,1,-1,0,3,1,1,1.0,1,1,1
34,10,1,1,0,978,0,0,0,3,6,262,2,71,1,2,1,0,1.0,1,0,1
43,9,2,1,0,451,0,0,0,12,1,289,2,-1,0,3,1,1,2.0,1,0,2
28,4,2,2,0,2725,0,0,0,16,6,292,1,504,1,0,1,0,0.5,1,0,0
46,7,1,0,0,437,1,0,0,13,8,546,3,-1,0,3,1,1,3.0,1,1,2
50,9,1,1,0,156,0,1,0,14,5,1130,3,-1,0,3,1,1,3.0,1,1,2
62,3,1,3,0,2021,0,0,1,26,3,361,1,-1,0,3,1,1,1.0,1,1,4
48,0,2,1,0,1544,1,0,1,30,6,263,1,450,2,0,1,0,0.3333333333333333,1,0,2
33,4,0,2,0,2885,0,0,0,5,1,1051,2,-1,0,3,1,1,2.0,1,1,1
47,7,0,2,0,1639,0,0,0,12,4,349,1,-1,0,3,1,1,1.0,1,1,2
32,0,2,1,0,131,1,0,0,22,6,522,1,183,2,2,1,0,0.3333333333333333,1,1,1
33,9,1,2,0,6843,0,0,0,20,9,755,1,100,10,1,1,0,0.09090909090909091,1,1,1
44,6,2,2,0,1367,1,0,0,13,0,1232,3,146,1,1,1,0,1.5,1,1,2
59,9,1,1,0,135,1,1,0,23,5,416,4,-1,0,3,1,1,4.0,1,1,3
53,9,1,1,0,1982,1,1,0,27,9,160,1,-1,0,3,1,1,1.0,1,0,3
33,4,2,2,0,131,1,0,0,12,10,209,3,427,2,0,1,0,1.0,1,0,1
45,0,0,1,0,2353,1,0,0,5,7,182,1,107,2,1,1,0,0.3333333333333333,1,0,2
30,9,1,1,0,-393,1,1,0,16,5,435,1,-1,0,3,1,1,1.0,0,1,0
29,10,2,2,0,1311,0,0,0,28,1,622,1,-1,0,3,1,1,1.0,1,1,0
56,10,1,1,0,0,0,0,1,2,3,492,1,-1,0,3,1,1,1.0,0,1,3
45,1,1,1,0,10252,0,0,0,22,11,173,1,141,2,2,1,0,0.3333333333333333,1,0,2
31,4,1,2,0,537,1,0,0,18,1,216,1,-1,0,3,1,1,1.0,1,0,1
39,10,2,2,0,7,1,0,0,20,9,931,4,-1,0,3,1,1,4.0,1,1,1
36,4,1,2,0,925,0,0,0,14,2,321,3,189,4,2,1,0,0.6,1,1,1
50,9,1,1,0,416,1,0,2,5,6,494,5,-1,0,3,1,1,5.0,1,1,2
31,10,1,1,0,86,1,1,2,3,6,963,2,-1,0,3,1,1,2.0,1,1,1
58,5,1,1,0,1230,0,0,0,20,8,420,1,87,1,0,1,0,0.5,1,1,3
30,4,2,2,0,572,0,0,0,17,6,339,3,183,2,2,1,0,1.0,1,1,0
36,4,1,2,0,1113,0,0,0,1,11,212,1,-1,0,3,1,1,1.0,1,0,1
39,9,1,1,0,116,0,0,0,22,8,554,2,-1,0,3,1,1,2.0,1,1,1
22,0,2,2,0,897,1,0,0,4,3,133,4,-1,0,3,1,1,4.0,1,0,0
45,11,1,2,0,406,0,0,0,7,11,314,1,-1,0,3,1,1,1.0,1,1,2
24,8,2,1,0,8165,0,0,0,15,11,216,1,-1,0,3,1,1,1.0,1,0,0
29,7,2,1,0,32,1,0,2,4,6,563,1,-1,0,3,1,1,1.0,1,1,0
29,10,2,1,0,25,0,0,0,14,0,207,2,-1,0,3,1,1,2.0,1,0,0
28,0,2,1,0,707,1,0,0,25,8,226,1,-1,0,3,1,1,1.0,1,0,0
27,1,1,1,0,419,1,0,2,4,6,1181,2,-1,0,3,1,1,2.0,1,1,0
39,4,0,2,0,517,1,1,2,14,8,1328,1,-1,0,3,1,1,1.0,1,1,1
55,4,1,2,0,7803,0,0,0,15,4,441,1,-1,0,3,1,1,1.0,1,1,3
38,9,1,1,0,5115,1,0,0,27,3,99,1,102,6,2,1,0,0.14285714285714285,1,0,1
29,1,2,1,0,734,1,1,0,30,0,259,1,296,1,1,1,0,0.5,1,0,0
36,1,1,0,0,599,1,0,2,21,8,649,2,-1,0,3,1,1,2.0,1,1,1
51,1,1,0,0,0,1,1,0,25,5,946,3,-1,0,3,1,1,3.0,0,1,3
27,9,2,2,0,1075,0,0,0,2,7,658,1,-1,0,3,1,1,1.0,1,1,0
38,4,1,3,0,3576,0,0,0,26,8,579,1,-1,0,3,1,1,1.0,1,1,1
46,0,0,1,0,2087,0,0,0,20,9,768,3,-1,0,3,1,1,3.0,1,1,2
33,2,2,2,0,300,1,1,0,30,4,922,5,-1,0,3,1,1,5.0,1,1,1
35,4,2,2,0,1599,1,1,0,13,0,407,1,-1,0,3,1,1,1.0,1,1,1
52,5,0,2,0,3687,1,1,2,16,6,741,4,-1,0,3,1,1,4.0,1,1,3
44,9,0,1,0,14,0,0,0,13,9,167,1,92,1,2,1,0,0.5,1,0,2
58,11,1,3,0,1547,0,0,1,5,1,1186,4,-1,0,3,1,1,4.0,1,1,3
31,4,2,2,0,147,0,0,0,9,7,469,1,181,2,2,1,0,0.3333333333333333,1,1,1
36,9,2,1,0,539,1,0,0,27,1,398,2,477,1,0,1,0,1.0,1,1,1
42,2,2,3,0,323,0,0,2,16,6,617,1,-1,0,3,1,1,1.0,1,1,2
33,1,2,3,0,129,1,1,0,30,0,482,1,161,1,0,1,0,0.5,1,1,1
35,8,2,1,0,188,1,0,0,5,8,863,1,78,8,2,1,0,0.1111111111111111,1,1,1
35,7,1,1,0,341,1,0,0,14,8,345,1,-1,0,3,1,1,1.0,1,1,1
44,4,1,2,0,1791,0,0,1,12,1,201,1,182,2,2,1,0,0.3333333333333333,1,0,2
38,3,0,1,0,70,0,0,0,1,6,263,1,-1,0,3,1,1,1.0,1,0,1
58,10,1,0,0,1183,0,0,0,31,5,1721,5,-1,0,3,1,1,5.0,1,1,3
36,0,0,1,0,592,0,0,0,13,10,204,2,99,5,0,1,0,0.3333333333333333,1,0,1
34,7,1,1,0,-538,1,0,2,26,8,682,1,-1,0,3,1,1,1.0,0,1,1
25,1,2,1,0,0,0,0,0,23,0,163,1,-1,0,3,1,1,1.0,0,0,0
32,9,2,1,0,483,0,0,0,8,1,580,3,-1,0,3,1,1,3.0,1,1,1
33,0,2,1,0,315,1,1,0,14,8,888,3,-1,0,3,1,1,3.0,1,1,1
33,1,0,0,0,390,1,0,2,9,8,665,2,-1,0,3,1,1,2.0,1,1,1
50,4,1,2,0,1396,0,0,0,25,1,731,6,-1,0,3,1,1,6.0,1,1,2
25,0,2,1,0,2816,0,0,0,30,0,327,1,-1,0,3,1,1,1.0,1,1,0
53,5,1,1,0,665,1,0,0,22,0,371,2,-1,0,3,1,1,2.0,1,1,3
20,8,2,1,0,215,0,0,0,24,9,325,1,95,5,2,1,0,0.16666666666666666,1,1,0
35,4,2,2,0,2707,0,0,0,5,3,699,1,-1,0,3,1,1,1.0,1,1,1
70,5,1,2,0,44,0,0,0,18,11,1104,2,88,2,1,1,0,0.6666666666666666,1,1,4
36,0,2,1,0,11174,1,0,0,15,0,953,1,-1,0,3,1,1,1.0,1,1,1
45,7,2,0,0,1893,1,0,2,3,6,1259,6,-1,0,3,1,1,6.0,1,1,2
48,4,1,2,0,1167,1,1,0,1,6,264,1,-1,0,3,1,1,1.0,1,0,2
24,4,1,3,0,448,0,0,0,14,0,324,1,-1,0,3,1,1,1.0,1,1,0
26,7,2,2,0,1140,1,0,0,6,3,984,2,-1,0,3,1,1,2.0,1,1,0
33,4,1,2,0,1064,1,0,0,13,8,562,1,-1,0,3,1,1,1.0,1,1,1
53,5,1,2,0,2269,0,0,0,17,9,1091,2,150,1,2,1,0,1.0,1,1,3
43,10,1,1,0,0,1,1,0,23,11,183,2,184,13,0,1,0,0.14285714285714285,0,0,2
34,9,2,1,0,2085,0,0,0,10,1,356,3,182,2,2,1,0,1.0,1,1,1
38,0,1,1,0,1767,1,0,0,12,9,893,7,-1,0,3,1,1,7.0,1,1,1
56,5,1,0,0,9367,0,0,0,4,8,617,2,-1,0,3,1,1,2.0,1,1,3
36,7,2,1,0,1227,1,1,0,4,8,775,5,341,3,0,1,0,1.25,1,1,1
60,4,1,2,0,474,0,0,0,31,1,415,5,186,3,1,1,0,1.25,1,1,3
66,6,1,2,0,147,0,0,1,12,4,411,1,-1,0,3,1,1,1.0,1,1,4
33,0,2,1,0,5,1,0,0,15,8,934,2,368,2,0,1,0,0.6666666666666666,1,1,1
31,4,2,2,0,3384,0,0,0,16,11,153,1,104,2,2,1,0,0.3333333333333333,1,0,1
43,4,1,2,0,839,0,0,0,22,5,942,1,-1,0,3,1,1,1.0,1,1,2
27,1,1,0,0,416,1,0,2,30,8,1193,2,-1,0,3,1,1,2.0,1,1,0
57,4,1,2,0,10583,0,0,0,22,6,295,3,-1,0,3,1,1,3.0,1,0,3
30,4,2,2,0,12857,1,0,0,6,9,150,1,-1,0,3,1,1,1.0,1,0,0
39,9,1,2,0,94,1,1,2,16,8,813,1,-1,0,3,1,1,1.0,1,1,1
22,0,2,1,0,33,0,0,0,12,3,369,1,-1,0,3,1,1,1.0,1,1,0
39,1,1,0,0,118,0,0,0,3,3,906,1,-1,0,3,1,1,1.0,1,1,1
45,0,1,3,0,5511,0,0,0,2,5,272,1,-1,0,3,1,1,1.0,1,0,2
25,1,2,1,0,1857,1,0,0,12,10,187,1,91,12,2,1,0,0.07692307692307693,1,0,0
26,0,2,1,0,338,0,0,0,29,10,209,1,188,2,3,1,0,0.3333333333333333,1,0,0
26,0,1,1,0,3415,0,0,0,8,0,209,1,-1,0,3,1,1,1.0,1,0,0
39,6,1,2,0,2630,0,0,2,12,6,651,5,-1,0,3,1,1,5.0,1,1,1
24,8,2,1,0,387,0,0,1,4,8,340,8,-1,0,3,1,1,8.0,1,1,0
30,6,2,2,0,916,0,0,0,29,2,449,2,-1,0,3,1,1,2.0,1,1,0
52,10,1,1,0,94,0,0,0,10,3,153,1,92,13,2,1,0,0.07142857142857142,1,0,3
43,1,1,1,0,2160,0,0,0,2,6,169,1,-1,0,3,1,1,1.0,1,0,2
41,4,1,2,0,0,0,0,0,11,1,1242,5,-1,0,3,1,1,5.0,0,1,2
55,4,1,0,0,2587,0,0,0,4,11,328,2,94,2,2,1,0,0.6666666666666666,1,1,3
30,1,1,1,0,309,1,0,2,7,8,1574,2,-1,0,3,1,1,2.0,1,1,0
53,4,0,2,0,2152,0,0,0,13,3,75,3,-1,0,3,1,1,3.0,1,0,3
31,1,1,0,0,-537,1,1,0,21,5,1039,7,-1,0,3,1,1,7.0,0,1,1
56,1,1,1,0,249,1,0,2,29,8,791,2,-1,0,3,1,1,2.0,1,1,3
44,4,1,2,0,4119,1,1,1,21,9,1074,1,-1,0,3,1,1,1.0,1,1,2
46,10,2,2,0,44,0,0,0,14,1,225,1,-1,0,3,1,1,1.0,1,0,2
44,0,1,1,0,205,0,0,0,3,9,289,1,-1,0,3,1,1,1.0,1,0,2
31,9,1,1,0,684,1,0,0,7,2,620,3,-1,0,3,1,1,3.0,1,1,1
55,4,1,3,0,3122,0,0,0,8,5,349,1,-1,0,3,1,1,1.0,1,1,3
35,9,2,2,0,2658,1,0,0,19,1,768,2,141,3,0,1,0,0.5,1,1,1
54,5,2,1,0,129,0,1,0,28,5,867,2,-1,0,3,1,1,2.0,1,1,3
54,0,1,1,0,602,0,0,0,3,7,143,2,-1,0,3,1,1,2.0,1,0,3
32,4,1,2,0,169,0,0,1,14,1,698,2,-1,0,3,1,1,2.0,1,1,1
51,1,0,0,0,-19,1,0,0,13,8,829,1,296,11,0,1,0,0.08333333333333333,0,1,3
54,0,0,1,0,1872,0,0,0,13,3,439,5,-1,0,3,1,1,5.0,1,1,3
47,4,1,3,0,4189,1,0,0,19,9,489,3,-1,0,3,1,1,3.0,1,1,2
43,9,1,1,0,-754,1,1,0,9,5,727,3,-1,0,3,1,1,3.0,0,1,2
29,7,2,3,0,196,0,0,0,30,4,726,2,-1,0,3,1,1,2.0,1,1,0
44,0,1,2,0,348,1,1,0,16,3,170,2,-1,0,3,1,1,2.0,1,0,2
59,4,1,2,0,2239,0,0,0,20,1,377,6,90,1,2,1,0,3.0,1,1,3
81,5,0,1,0,452,0,0,1,16,2,443,1,-1,0,3,1,1,1.0,1,1,4
54,4,0,2,0,12018,1,0,0,21,2,267,2,-1,0,3,1,1,2.0,1,0,3
61,4,1,2,0,175,0,0,1,5,1,270,2,-1,0,3,1,1,2.0,1,0,4
35,4,1,2,0,8,0,0,0,23,0,93,3,-1,0,3,1,1,3.0,1,0,1
38,6,2,2,0,5774,1,0,0,15,8,406,4,359,5,1,1,0,0.6666666666666666,1,1,1
48,7,0,1,0,-276,1,1,0,13,8,674,1,-1,0,3,1,1,1.0,0,1,2
53,4,1,2,0,15,0,0,0,20,1,921,2,-1,0,3,1,1,2.0,1,1,3
31,7,2,1,0,1709,0,1,1,28,4,944,3,-1,0,3,1,1,3.0,1,1,1
37,1,2,1,0,5024,0,1,0,25,5,661,4,-1,0,3,1,1,4.0,1,1,1
60,4,1,1,0,544,0,0,0,12,6,95,7,357,2,0,1,0,2.3333333333333335,1,0,3
35,1,2,1,0,3623,0,0,1,30,10,160,1,-1,0,3,1,1,1.0,1,0,1
51,2,1,3,0,606,1,0,2,28,8,560,9,-1,0,3,1,1,9.0,1,1,3
61,5,1,2,0,2557,1,0,0,10,3,158,2,92,5,2,1,0,0.3333333333333333,1,0,4
58,0,1,1,0,169,0,0,0,13,8,336,3,87,5,2,1,0,0.5,1,1,3
29,4,2,2,0,-27,0,0,0,13,8,270,1,-1,0,3,1,1,1.0,0,0,0
33,4,1,1,0,3935,1,0,0,6,8,765,1,342,2,0,1,0,0.3333333333333333,1,1,1
32,9,2,2,0,550,0,0,0,19,9,337,1,-1,0,3,1,1,1.0,1,1,1
32,6,2,2,0,0,1,0,0,6,8,767,1,-1,0,3,1,1,1.0,0,1,1
24,6,2,2,0,2984,1,0,2,27,8,935,1,-1,0,3,1,1,1.0,1,1,0
40,4,2,2,0,1361,0,0,0,29,4,1473,1,-1,0,3,1,1,1.0,1,1,1
34,9,2,2,0,925,1,0,0,13,0,709,1,-1,0,3,1,1,1.0,1,1,1
42,1,1,1,0,1598,1,1,0,16,0,1463,2,-1,0,3,1,1,2.0,1,1,2
33,4,2,2,0,432,0,0,1,20,1,588,6,-1,0,3,1,1,6.0,1,1,1
31,1,1,1,0,0,1,0,2,10,1,97,1,782,1,1,1,0,0.5,0,0,1
40,4,2,2,0,0,0,0,0,6,1,641,6,-1,0,3,1,1,6.0,0,1,1
35,4,2,2,0,671,1,0,0,10,7,112,1,-1,0,3,1,1,1.0,1,0,1
57,4,0,3,0,854,0,0,0,27,1,700,4,92,1,0,1,0,2.0,1,1,3
57,5,1,1,0,3738,1,0,0,20,5,178,2,92,8,0,1,0,0.2222222222222222,1,0,3
43,0,1,2,0,189,1,0,0,14,5,1062,4,-1,0,3,1,1,4.0,1,1,2
46,1,1,1,0,640,1,0,0,6,8,246,1,55,5,2,1,0,0.16666666666666666,1,0,2
57,4,0,2,0,3287,0,0,0,30,7,277,2,337,1,2,1,0,1.0,1,0,3
49,7,1,0,0,1830,1,0,0,15,3,136,1,-1,0,3,1,1,1.0,1,0,2
39,9,2,1,0,1022,1,0,2,20,8,1410,2,-1,0,3,1,1,2.0,1,1,1
47,9,1,2,0,2408,0,0,0,30,0,376,1,-1,0,3,1,1,1.0,1,1,2
36,4,1,2,0,0,1,0,1,23,10,140,1,143,3,0,1,0,0.25,0,0,1
46,0,1,1,0,974,0,0,0,17,7,178,1,-1,0,3,1,1,1.0,1,0,2
31,1,1,1,0,1406,1,1,0,13,0,1091,2,-1,0,3,1,1,2.0,1,1,1
33,4,1,2,0,158,0,0,0,6,3,192,2,-1,0,3,1,1,2.0,1,0,1
33,7,1,1,0,114,0,1,2,3,5,676,1,-1,0,3,1,1,1.0,1,1,1
38,9,2,1,0,-242,1,0,0,18,8,1173,3,278,6,2,1,0,0.42857142857142855,0,1,1
34,4,1,2,0,589,0,0,0,19,0,125,2,-1,0,3,1,1,2.0,1,0,1
28,4,2,2,0,0,1,0,0,16,5,767,5,-1,0,3,1,1,5.0,0,1,0
59,0,2,1,0,4744,0,0,0,4,11,879,1,-1,0,3,1,1,1.0,1,1,3
27,1,2,1,1,-27,0,0,2,23,6,498,2,-1,0,3,1,1,2.0,0,1,0
50,1,1,0,0,4979,0,0,1,6,0,180,1,-1,0,3,1,1,1.0,1,0,2
33,0,2,2,0,235,1,0,0,18,8,525,1,-1,0,3,1,1,1.0,1,1,1
59,7,1,1,0,2965,1,0,0,13,8,1970,3,-1,0,3,1,1,3.0,1,1,3
32,7,2,1,0,2615,0,0,0,19,9,853,1,-1,0,3,1,1,1.0,1,1,1
26,10,2,1,0,632,0,0,0,12,1,312,3,181,1,2,1,0,1.5,1,1,0
37,10,1,1,0,1978,0,0,0,9,11,404,1,182,1,2,1,0,0.5,1,1,1
43,5,1,1,0,860,0,0,1,30,10,132,1,-1,0,3,1,1,1.0,1,0,2
28,0,1,1,0,1595,0,0,0,9,11,268,1,254,4,2,1,0,0.2,1,0,0
26,0,2,0,0,-122,1,0,2,23,6,670,3,-1,0,3,1,1,3.0,0,1,0
39,4,2,2,0,5047,0,0,0,29,0,218,4,-1,0,3,1,1,4.0,1,0,1
60,9,2,0,0,11262,0,0,0,26,1,323,1,-1,0,3,1,1,1.0,1,1,3
36,7,2,2,0,1189,0,0,0,17,1,220,1,-1,0,3,1,1,1.0,1,0,1
81,5,1,0,0,243,0,0,0,27,10,131,1,-1,0,3,1,1,1.0,1,0,4
58,4,1,2,0,4152,1,0,0,30,0,750,2,164,4,1,1,0,0.4,1,1,3
25,8,2,1,0,348,0,0,0,10,1,245,1,-1,0,3,1,1,1.0,1,0,0
40,4,1,2,0,66,0,0,0,13,1,737,4,-1,0,3,1,1,4.0,1,1,1
57,4,1,2,0,2681,0,0,0,11,7,266,2,-1,0,3,1,1,2.0,1,0,3
31,0,1,1,0,35,0,0,0,30,0,615,1,-1,0,3,1,1,1.0,1,1,1
53,9,1,1,0,-725,1,0,2,27,8,1205,1,-1,0,3,1,1,1.0,0,1,3
51,4,1,2,0,346,0,0,0,12,3,122,1,92,5,2,1,0,0.16666666666666666,1,0,3
22,8,2,1,0,71,0,0,0,13,5,337,1,181,2,2,1,0,0.3333333333333333,1,1,0
52,9,1,1,0,371,1,1,0,21,0,224,2,182,1,2,1,0,1.0,1,0,3
37,0,2,2,0,1000,1,0,0,15,6,322,1,90,1,2,1,0,0.5,1,1,1
48,1,1,1,0,1730,1,0,0,4,8,361,1,89,3,2,1,0,0.25,1,1,2
29,9,2,1,0,825,0,0,0,25,6,472,2,-1,0,3,1,1,2.0,1,1,0
25,9,2,1,0,139,0,1,0,11,4,202,1,91,1,2,1,0,0.5,1,0,0
38,1,1,1,0,2467,0,0,0,2,6,192,1,-1,0,3,1,1,1.0,1,0,1
61,9,1,1,0,1191,0,0,0,21,8,214,4,-1,0,3,1,1,4.0,1,0,4
36,4,1,2,0,495,0,0,0,14,6,187,1,94,9,2,1,0,0.1,1,0,1
27,8,2,1,0,538,0,0,0,18,2,170,4,197,2,2,1,0,1.3333333333333333,1,0,0
35,9,1,1,0,2779,0,0,0,26,0,182,2,186,2,2,1,0,0.6666666666666666,1,0,1
33,9,2,2,0,127,1,0,0,6,0,583,2,222,17,0,1,0,0.1111111111111111,1,1,1
86,5,1,0,0,1255,0,0,1,14,5,247,1,180,3,2,1,0,0.25,1,0,4
38,9,1,1,0,6728,0,0,0,21,1,252,4,-1,0,3,1,1,4.0,1,0,1
40,4,1,1,0,406,1,0,2,12,6,577,2,-1,0,3,1,1,2.0,1,1,1
59,4,1,2,0,0,1,1,0,20,0,392,1,-1,0,3,1,1,1.0,0,1,3
34,1,1,0,0,329,1,0,0,17,0,952,1,343,1,0,1,0,0.5,1,1,1
64,5,1,3,0,679,0,0,1,16,9,167,1,-1,0,3,1,1,1.0,1,0,4
43,4,1,2,0,1059,0,1,0,1,6,335,2,-1,0,3,1,1,2.0,1,1,2
43,10,1,2,0,0,0,0,0,18,10,464,1,94,2,2,1,0,0.3333333333333333,0,1,2
59,5,2,1,0,351,1,0,2,27,8,1063,5,-1,0,3,1,1,5.0,1,1,3
55,4,1,0,0,113,0,0,0,12,1,306,1,457,3,0,1,0,0.25,1,1,3
27,9,2,1,0,1742,1,0,2,16,8,787,1,-1,0,3,1,1,1.0,1,1,0
47,4,1,2,0,2351,0,0,0,2,6,163,2,84,1,2,1,0,1.0,1,0,2
37,3,2,1,0,465,1,0,0,18,8,899,3,-1,0,3,1,1,3.0,1,1,1
68,5,1,1,0,0,0,0,0,22,6,586,1,-1,0,3,1,1,1.0,0,1,4
71,5,1,0,0,3230,0,0,0,24,8,341,2,133,3,0,1,0,0.5,1,1,4
58,10,1,1,0,687,1,0,0,30,0,341,2,-1,0,3,1,1,2.0,1,1,3
60,4,1,2,0,13546,0,0,0,17,0,452,3,-1,0,3,1,1,3.0,1,1,3
29,0,2,1,0,1027,1,0,0,2,3,177,1,-1,0,3,1,1,1.0,1,0,0
26,7,2,1,0,1347,0,0,1,18,6,280,6,92,5,1,1,0,1.0,1,0,0
45,9,1,1,0,879,0,0,0,7,5,621,2,-1,0,3,1,1,2.0,1,1,2
37,0,0,2,0,4708,0,0,0,2,6,238,1,181,2,2,1,0,0.3333333333333333,1,0,1
38,4,1,3,0,3576,0,0,0,25,9,349,2,183,1,2,1,0,1.0,1,1,1
47,1,1,1,0,1996,0,0,2,5,6,761,2,-1,0,3,1,1,2.0,1,1,2
34,10,2,1,0,1965,0,0,1,4,8,714,1,-1,0,3,1,1,1.0,1,1,1
45,1,0,0,0,-311,1,0,2,23,8,1030,1,-1,0,3,1,1,1.0,0,1,2
50,4,1,2,0,469,0,0,0,16,0,161,1,-1,0,3,1,1,1.0,1,0,2
37,4,1,2,0,57,0,0,0,5,3,345,1,-1,0,3,1,1,1.0,1,1,1
46,1,1,1,0,456,0,1,0,18,1,618,6,-1,0,3,1,1,6.0,1,1,2
32,7,2,3,0,2378,0,0,0,17,9,1132,2,-1,0,3,1,1,2.0,1,1,1
47,4,2,2,0,551,0,0,0,29,10,124,1,-1,0,3,1,1,1.0,1,0,2
40,7,0,0,0,471,1,0,0,16,0,1156,1,345,2,0,1,0,0.3333333333333333,1,1,1
27,9,2,1,0,643,0,0,0,13,5,317,1,-1,0,3,1,1,1.0,1,1,0
38,1,0,0,0,0,1,0,0,13,8,531,2,-1,0,3,1,1,2.0,0,1,1
33,1,2,0,0,863,1,0,1,13,8,622,3,-1,0,3,1,1,3.0,1,1,1
45,0,1,1,0,205,0,0,0,4,8,552,1,90,2,2,1,0,0.3333333333333333,1,1,2
49,9,1,2,0,523,1,0,0,2,6,712,1,60,3,0,1,0,0.25,1,1,2
45,4,1,2,0,160,0,0,0,30,0,619,1,-1,0,3,1,1,1.0,1,1,2
46,4,0,2,0,558,0,0,0,6,5,319,1,-1,0,3,1,1,1.0,1,1,2
36,4,2,2,0,3850,1,0,0,12,1,239,2,100,4,0,1,0,0.4,1,0,1
37,4,1,2,0,3737,0,0,0,7,5,224,1,-1,0,3,1,1,1.0,1,0,1
26,4,2,2,0,170,0,0,0,15,6,129,1,-1,0,3,1,1,1.0,1,0,0
36,4,2,2,0,579,0,0,2,12,0,481,1,-1,0,3,1,1,1.0,1,1,1
27,9,1,1,0,2183,1,1,2,21,8,857,1,-1,0,3,1,1,1.0,1,1,0
28,8,2,1,0,0,0,0,0,20,0,185,1,-1,0,3,1,1,1.0,0,0,0
26,0,2,2,0,313,0,1,0,2,6,199,1,96,2,2,1,0,0.3333333333333333,1,0,0
30,9,2,2,0,2325,0,0,0,10,1,263,1,127,7,0,1,0,0.125,1,0,0
33,7,1,1,0,478,0,0,0,30,0,475,2,-1,0,3,1,1,2.0,1,1,1
54,3,2,1,0,1213,0,0,0,12,9,241,1,-1,0,3,1,1,1.0,1,0,3
58,5,1,0,0,565,0,0,1,7,5,876,1,-1,0,3,1,1,1.0,1,1,3
34,4,1,1,1,879,1,0,0,17,0,712,1,344,1,0,1,0,0.5,1,1,1
32,9,1,1,0,484,1,0,0,12,1,668,2,463,1,2,1,0,1.0,1,1,1
31,4,2,2,0,515,0,0,0,1,6,296,5,-1,0,3,1,1,5.0,1,0,1
39,4,1,3,0,76,0,0,0,15,11,200,1,183,1,2,1,0,0.5,1,0,1
30,7,2,2,0,1788,0,0,0,4,1,288,1,181,2,0,1,0,0.3333333333333333,1,0,0
33,4,1,1,0,336,0,0,0,15,0,179,3,-1,0,3,1,1,3.0,1,0,1
43,4,0,2,0,388,1,0,2,8,8,2087,2,-1,0,3,1,1,2.0,1,1,2
31,1,2,2,0,761,0,0,1,18,9,514,2,-1,0,3,1,1,2.0,1,1,1
33,4,2,2,0,1120,0,0,0,11,1,1070,2,-1,0,3,1,1,2.0,1,1,1
37,7,1,1,0,466,1,1,0,25,8,377,1,-1,0,3,1,1,1.0,1,1,1
51,10,1,0,0,1162,1,0,0,25,5,2015,1,-1,0,3,1,1,1.0,1,1,3
35,9,1,1,0,2201,0,0,1,12,0,350,1,-1,0,3,1,1,1.0,1,1,1
27,4,2,2,0,703,1,0,2,5,6,590,3,-1,0,3,1,1,3.0,1,1,0
29,0,1,2,0,238,0,0,0,25,8,344,2,88,1,0,1,0,1.0,1,1,0
33,3,2,2,0,1107,1,0,0,18,7,201,1,-1,0,3,1,1,1.0,1,0,1
37,7,1,1,0,2678,0,0,0,25,7,156,1,-1,0,3,1,1,1.0,1,0,1
27,9,2,1,0,2,1,1,0,6,8,554,2,356,1,0,1,0,1.0,1,1,0
28,0,2,3,0,2736,0,0,0,8,5,705,1,-1,0,3,1,1,1.0,1,1,0
30,8,2,3,0,4468,0,0,0,2,3,204,1,-1,0,3,1,1,1.0,1,0,0
28,4,1,1,0,292,1,0,2,28,8,507,1,-1,0,3,1,1,1.0,1,1,0
47,0,0,1,0,555,1,1,1,17,10,478,1,-1,0,3,1,1,1.0,1,1,2
34,9,1,2,0,1539,1,0,0,15,6,441,1,56,1,1,1,0,0.5,1,1,1
23,8,2,1,0,381,0,0,0,23,3,696,1,189,2,1,1,0,0.3333333333333333,1,1,0
27,7,1,1,0,0,1,0,0,22,5,1608,13,-1,0,3,1,1,13.0,0,1,0
58,2,1,2,0,853,0,0,2,5,6,1149,2,-1,0,3,1,1,2.0,1,1,3
43,0,1,1,0,2271,0,0,1,10,9,524,1,-1,0,3,1,1,1.0,1,1,2
52,7,1,1,0,961,0,1,0,18,3,222,1,553,4,0,1,0,0.2,1,0,3
37,1,1,0,0,2120,1,0,0,15,8,655,3,175,4,0,1,0,0.6,1,1,1
33,9,2,1,0,163,1,0,0,20,1,627,2,-1,0,3,1,1,2.0,1,1,1
38,9,1,1,0,1919,0,0,0,4,1,846,1,-1,0,3,1,1,1.0,1,1,1
22,8,2,3,0,466,0,0,0,30,6,377,1,-1,0,3,1,1,1.0,1,1,0
40,1,1,0,0,1841,1,0,0,15,8,880,4,-1,0,3,1,1,4.0,1,1,1
57,5,1,2,0,0,1,1,2,28,8,648,1,-1,0,3,1,1,1.0,0,1,3
42,4,0,2,0,1243,0,0,0,26,1,1000,4,-1,0,3,1,1,4.0,1,1,2
48,2,2,1,0,315,0,0,2,11,3,271,1,-1,0,3,1,1,1.0,1,0,2
25,8,1,2,0,10,1,0,0,21,5,857,4,-1,0,3,1,1,4.0,1,1,0
38,9,1,1,0,976,1,0,0,14,5,766,3,-1,0,3,1,1,3.0,1,1,1
74,5,1,0,0,670,0,0,0,23,0,266,5,-1,0,3,1,1,5.0,1,0,4
33,9,1,2,0,1699,0,0,0,28,4,202,1,83,3,2,1,0,0.25,1,0,1
55,3,1,1,0,127,1,0,1,21,5,1130,8,-1,0,3,1,1,8.0,1,1,3
32,0,2,1,0,620,1,0,2,26,8,1234,3,-1,0,3,1,1,3.0,1,1,1
35,1,1,0,0,1177,0,0,0,8,6,243,4,-1,0,3,1,1,4.0,1,0,1
48,9,2,1,0,-92,1,0,0,3,3,1393,1,-1,0,3,1,1,1.0,0,1,2
28,1,2,1,0,-46,1,0,0,2,7,525,1,89,11,0,1,0,0.08333333333333333,0,1,0
54,11,1,1,0,2206,0,0,0,13,8,260,1,91,4,2,1,0,0.2,1,0,3
37,7,2,1,0,278,1,0,2,3,6,1045,3,-1,0,3,1,1,3.0,1,1,1
34,10,1,0,0,309,0,0,0,5,3,578,1,-1,0,3,1,1,1.0,1,1,1
51,9,1,1,0,6840,0,0,1,7,5,257,1,-1,0,3,1,1,1.0,1,0,3
32,1,1,1,0,2089,1,0,0,14,9,132,1,-1,0,3,1,1,1.0,1,0,1
34,4,2,2,0,275,0,0,0,2,1,196,2,455,23,1,1,0,0.08333333333333333,1,0,1
54,7,1,3,0,386,0,1,2,20,6,838,1,-1,0,3,1,1,1.0,1,1,3
33,1,2,1,0,76,1,0,2,4,6,1141,4,-1,0,3,1,1,4.0,1,1,1
60,1,1,0,0,493,0,0,0,18,1,671,4,-1,0,3,1,1,4.0,1,1,3
59,0,1,1,0,0,1,0,0,10,5,982,1,-1,0,3,1,1,1.0,0,1,3
45,9,1,1,0,0,1,0,0,7,2,344,1,-1,0,3,1,1,1.0,0,1,2
49,4,1,1,0,249,0,0,1,6,9,234,1,-1,0,3,1,1,1.0,1,0,2
59,7,1,1,0,-22,1,0,2,26,8,748,3,-1,0,3,1,1,3.0,0,1,3
38,7,1,1,0,5293,1,0,0,11,8,475,1,171,6,0,1,0,0.14285714285714285,1,1,1
54,7,2,1,0,0,0,0,0,23,11,209,1,-1,0,3,1,1,1.0,0,0,3
48,10,0,1,0,201,0,0,0,10,9,594,1,91,1,2,1,0,0.5,1,1,2
28,9,2,2,0,-123,0,1,0,23,5,690,1,-1,0,3,1,1,1.0,0,1,0
45,4,1,2,0,31472,0,0,0,19,5,568,7,-1,0,3,1,1,7.0,1,1,2
40,10,1,1,0,1960,1,0,2,2,6,605,6,-1,0,3,1,1,6.0,1,1,1
61,4,1,2,0,3371,0,0,0,28,11,299,2,-1,0,3,1,1,2.0,1,0,4
60,0,1,1,0,3735,0,0,0,22,7,248,1,90,10,2,1,0,0.09090909090909091,1,0,3
60,1,1,0,0,631,0,0,0,12,1,429,2,-1,0,3,1,1,2.0,1,1,3
34,4,1,2,0,271,1,0,0,15,3,308,1,94,4,2,1,0,0.2,1,1,1
33,1,2,1,0,-416,1,0,2,16,8,767,2,-1,0,3,1,1,2.0,0,1,1
58,4,0,2,0,372,0,1,2,29,10,11,1,-1,0,3,1,1,1.0,1,0,3
30,9,2,1,0,-522,1,1,0,5,8,670,2,286,6,0,1,0,0.2857142857142857,0,1,0
60,1,0,1,0,0,1,0,2,29,8,1207,1,-1,0,3,1,1,1.0,0,1,3
28,9,2,2,0,386,0,0,0,25,8,867,1,-1,0,3,1,1,1.0,1,1,0
33,6,0,1,0,1904,1,0,0,17,5,1584,2,-1,0,3,1,1,2.0,1,1,1
55,0,1,1,0,602,0,0,0,4,3,390,2,150,6,2,1,0,0.2857142857142857,1,1,3
38,4,2,2,0,623,0,0,0,28,6,297,4,144,4,1,1,0,0.8,1,0,1
50,10,1,1,0,3357,0,0,0,9,6,239,4,-1,0,3,1,1,4.0,1,0,2
41,1,1,1,0,-190,0,1,0,29,5,808,3,-1,0,3,1,1,3.0,0,1,2
39,7,2,1,0,403,1,0,0,7,8,1262,3,-1,0,3,1,1,3.0,1,1,1
27,9,2,1,0,158,0,0,2,1,5,650,2,-1,0,3,1,1,2.0,1,1,0
39,9,2,1,0,1435,0,0,0,17,6,383,1,296,19,1,1,0,0.05,1,1,1
32,6,1,1,0,514,1,0,0,11,5,812,1,-1,0,3,1,1,1.0,1,1,1
32,8,2,2,0,64,0,0,0,30,6,598,4,105,5,0,1,0,0.6666666666666666,1,1,1
66,3,1,0,0,40,0,0,1,14,10,290,2,-1,0,3,1,1,2.0,1,0,4
24,0,2,2,0,0,1,0,0,27,8,122,2,-1,0,3,1,1,2.0,0,0,0
25,1,1,1,0,97,1,0,2,27,8,709,1,-1,0,3,1,1,1.0,1,1,0
80,5,1,0,0,155,0,0,1,9,2,343,2,-1,0,3,1,1,2.0,1,1,4
50,3,1,1,0,388,0,0,0,15,11,173,2,99,4,0,1,0,0.4,1,0,2
41,2,1,1,0,707,0,0,2,18,6,707,1,-1,0,3,1,1,1.0,1,1,2
70,5,1,0,0,6538,0,0,0,9,11,394,1,-1,0,3,1,1,1.0,1,1,4
51,0,1,1,0,3025,0,0,0,7,8,476,1,352,1,1,1,0,0.5,1,1,3
39,7,2,1,0,91,0,0,0,3,11,213,1,185,1,2,1,0,0.5,1,0,1
36,0,1,2,0,3221,0,0,0,4,8,322,11,-1,0,3,1,1,11.0,1,1,1
29,9,2,1,0,3466,0,0,0,21,0,274,1,-1,0,3,1,1,1.0,1,0,0
30,9,2,2,0,0,1,0,0,5,5,140,1,424,8,2,1,0,0.1111111111111111,0,0,0
32,6,1,0,0,102,1,0,0,18,5,560,1,-1,0,3,1,1,1.0,1,1,1
64,5,1,0,0,2140,0,0,0,16,7,881,3,155,2,0,1,0,1.0,1,1,4
32,4,2,1,0,131,1,1,0,23,5,1152,2,-1,0,3,1,1,2.0,1,1,1
27,4,2,2,0,831,0,0,0,30,7,1081,2,-1,0,3,1,1,2.0,1,1,0
64,5,0,0,0,109,0,0,0,23,6,706,1,225,2,2,1,0,0.3333333333333333,1,1,4
54,0,1,1,0,1633,0,0,0,3,5,409,2,-1,0,3,1,1,2.0,1,1,3
74,5,1,1,0,9480,0,0,0,21,0,211,1,-1,0,3,1,1,1.0,1,0,4
41,4,1,0,0,5310,1,0,0,17,9,984,1,-1,0,3,1,1,1.0,1,1,2
34,7,1,1,0,1337,0,0,0,30,0,442,1,-1,0,3,1,1,1.0,1,1,1
32,4,2,2,0,2974,1,0,0,24,0,227,1,4,1,0,1,0,0.5,1,0,1
41,3,1,1,0,879,0,0,2,5,6,1053,2,-1,0,3,1,1,2.0,1,1,2
47,1,1,1,0,1730,1,0,0,30,0,231,1,-1,0,3,1,1,1.0,1,0,2
27,1,2,1,0,535,0,0,0,16,1,265,3,95,4,2,1,0,0.6,1,0,0
24,8,2,1,0,139,0,0,0,9,11,430,4,-1,0,3,1,1,4.0,1,1,0
24,1,1,0,0,656,1,0,2,16,8,894,1,-1,0,3,1,1,1.0,1,1,0
36,10,0,1,0,871,0,0,0,12,1,396,3,-1,0,3,1,1,3.0,1,1,1
26,1,2,1,0,535,0,0,0,14,1,125,1,-1,0,3,1,1,1.0,1,0,0
29,7,0,1,0,-7,1,0,0,13,8,1279,3,-1,0,3,1,1,3.0,0,1,0
30,7,2,1,0,140,1,0,0,15,8,760,1,-1,0,3,1,1,1.0,1,1,0
67,4,1,2,0,405,0,0,0,10,9,344,2,95,2,2,1,0,0.6666666666666666,1,1,4
72,5,1,1,0,5715,0,0,0,17,9,1127,5,184,3,2,1,0,1.25,1,1,4
56,7,1,1,0,654,0,0,0,15,11,875,1,-1,0,3,1,1,1.0,1,1,3
55,10,0,1,0,309,0,0,0,21,10,467,2,184,1,2,1,0,1.0,1,1,3
46,4,1,2,0,273,1,0,0,15,11,1962,1,105,3,0,1,0,0.25,1,1,2
59,2,1,1,0,496,0,0,0,22,10,738,3,183,1,2,1,0,1.5,1,1,3
63,1,1,1,0,180,0,0,0,15,5,390,2,182,5,2,1,0,0.3333333333333333,1,1,4
26,9,1,1,0,267,1,0,0,28,5,817,2,-1,0,3,1,1,2.0,1,1,0
34,7,1,1,0,1337,0,0,0,17,2,330,2,127,3,2,1,0,0.5,1,1,1
44,1,1,0,0,4031,1,0,0,7,8,983,4,-1,0,3,1,1,4.0,1,1,2
40,4,0,2,0,858,0,0,0,26,10,202,2,-1,0,3,1,1,2.0,1,0,1
30,0,2,1,0,223,1,0,2,6,6,862,11,-1,0,3,1,1,11.0,1,1,0
31,10,0,2,0,256,1,0,0,16,5,873,2,-1,0,3,1,1,2.0,1,1,1
41,4,0,2,0,5037,0,0,0,23,0,252,9,185,5,1,1,0,1.5,1,0,2
59,7,2,1,0,739,0,0,0,14,4,408,1,-1,0,3,1,1,1.0,1,1,3
26,9,2,1,0,1231,1,0,0,3,6,385,2,96,5,2,1,0,0.3333333333333333,1,1,0
33,7,2,1,0,2881,0,0,0,26,8,289,1,328,1,2,1,0,0.5,1,0,1
60,5,1,2,0,2557,1,0,0,2,3,415,1,-1,0,3,1,1,1.0,1,1,3
44,1,2,0,0,36,1,0,0,15,8,551,1,371,2,0,1,0,0.3333333333333333,1,1,2
66,3,1,0,0,1230,0,0,0,17,2,726,3,-1,0,3,1,1,3.0,1,1,4
78,5,1,3,0,4807,0,0,1,3,3,892,2,104,4,2,1,0,0.4,1,1,4
39,9,1,1,0,4101,1,0,0,18,3,146,2,264,1,1,1,0,1.0,1,0,1
71,3,0,0,0,1311,0,0,0,10,9,301,2,91,1,2,1,0,1.0,1,1,4
52,4,1,2,0,31,0,0,0,10,7,135,1,-1,0,3,1,1,1.0,1,0,3
33,0,1,2,0,882,0,0,0,22,0,104,1,183,4,0,1,0,0.2,1,0,1
38,9,2,1,0,1711,0,0,1,30,11,234,1,-1,0,3,1,1,1.0,1,0,1
60,6,1,0,0,362,0,1,0,29,5,816,6,-1,0,3,1,1,6.0,1,1,3
62,5,1,1,0,3114,0,0,0,18,8,243,2,186,1,2,1,0,1.0,1,0,4
27,4,2,2,0,2648,0,0,0,5,3,917,1,-1,0,3,1,1,1.0,1,1,0
26,1,2,1,0,5005,0,1,0,3,0,117,1,-1,0,3,1,1,1.0,1,0,0
56,9,0,1,0,146,1,0,0,5,1,419,3,-1,0,3,1,1,3.0,1,1,3
62,1,1,1,0,180,0,0,0,14,4,183,1,90,4,1,1,0,0.2,1,0,4
29,10,2,2,0,497,1,0,0,18,8,642,3,298,6,2,1,0,0.42857142857142855,1,1,0
34,9,1,1,0,133,0,0,0,12,8,171,2,181,3,2,1,0,0.5,1,0,1
31,4,2,2,0,1761,1,0,1,29,5,332,3,440,3,0,1,0,0.75,1,1,1
48,1,1,1,0,1596,1,0,2,14,8,760,1,-1,0,3,1,1,1.0,1,1,2
42,1,2,1,0,625,0,0,2,19,6,651,3,-1,0,3,1,1,3.0,1,1,2
32,6,1,1,0,409,0,0,0,9,7,217,2,-1,0,3,1,1,2.0,1,0,1
27,4,2,2,0,-69,1,0,0,15,3,205,3,-1,0,3,1,1,3.0,0,0,0
25,9,2,1,0,4859,0,0,0,12,4,227,1,-1,0,3,1,1,1.0,1,0,0
29,4,1,2,0,10576,0,0,2,15,8,1224,2,-1,0,3,1,1,2.0,1,1,0
29,4,2,2,0,985,1,0,0,23,5,396,2,-1,0,3,1,1,2.0,1,1,0
55,4,1,1,0,2693,0,0,0,22,11,182,1,184,7,2,1,0,0.125,1,0,3
34,4,1,2,0,3050,1,0,0,13,8,469,1,-1,0,3,1,1,1.0,1,1,1
32,4,2,2,0,2465,0,0,0,13,1,414,1,-1,0,3,1,1,1.0,1,1,1
69,5,0,2,0,247,0,0,0,22,0,138,2,-1,0,3,1,1,2.0,1,0,4
25,1,1,1,0,101,0,1,0,8,5,460,3,-1,0,3,1,1,3.0,1,1,0
33,9,2,2,0,0,1,0,0,21,9,654,1,-1,0,3,1,1,1.0,0,1,1
24,1,2,1,0,1857,1,0,0,8,10,147,1,92,5,1,1,0,0.16666666666666666,1,0,0
55,5,0,2,0,0,0,0,0,18,8,616,1,370,1,2,1,0,0.5,0,1,3
32,9,1,1,0,473,0,1,0,10,1,1064,1,95,3,2,1,0,0.25,1,1,1
39,0,1,1,0,1757,0,0,1,28,10,125,1,-1,0,3,1,1,1.0,1,0,1
34,0,1,1,0,1406,1,0,0,20,1,63,2,85,1,2,1,0,1.0,1,0,1
32,6,2,2,0,1249,1,0,0,19,9,472,1,-1,0,3,1,1,1.0,1,1,1
59,9,1,1,0,2308,0,0,0,30,0,815,1,87,1,1,1,0,0.5,1,1,3
50,4,1,2,0,414,1,0,0,3,0,707,1,302,3,0,1,0,0.25,1,1,2
36,4,2,2,0,1400,1,0,0,11,8,608,3,-1,0,3,1,1,3.0,1,1,1
31,4,1,2,0,6138,0,0,0,16,10,154,2,119,5,0,1,0,0.3333333333333333,1,0,1
35,3,1,0,0,113,1,0,0,17,5,923,2,-1,0,3,1,1,2.0,1,1,1
29,10,2,0,0,1374,0,0,0,14,8,1205,2,178,7,2,1,0,0.25,1,1,0
56,5,1,0,0,1947,0,0,0,2,7,225,2,123,5,0,1,0,0.3333333333333333,1,0,3
43,7,0,1,0,1040,1,0,2,19,8,552,3,-1,0,3,1,1,3.0,1,1,2
61,5,1,1,0,938,0,0,0,15,5,392,2,183,3,2,1,0,0.5,1,1,4
31,4,2,2,0,5205,0,0,0,9,6,529,2,-1,0,3,1,1,2.0,1,1,1
55,0,1,1,0,1633,0,0,0,11,4,210,1,192,2,2,1,0,0.3333333333333333,1,0,3
67,5,1,1,0,1443,0,0,0,8,0,245,1,-1,0,3,1,1,1.0,1,0,4
41,2,1,1,0,30,0,0,0,30,0,460,1,-1,0,3,1,1,1.0,1,1,2
38,0,1,1,0,47,1,0,0,4,8,288,5,-1,0,3,1,1,5.0,1,0,1
31,9,1,1,0,318,0,0,0,2,2,310,1,-1,0,3,1,1,1.0,1,1,1
55,9,1,2,0,169,0,1,0,5,1,618,2,-1,0,3,1,1,2.0,1,1,3
26,7,2,2,0,0,0,1,1,1,5,261,4,-1,0,3,1,1,4.0,0,0,0
37,9,2,1,0,1435,0,0,0,18,1,724,16,-1,0,3,1,1,16.0,1,1,1
57,4,0,2,0,6468,1,0,0,4,11,730,1,157,4,0,1,0,0.2,1,1,3
52,5,1,3,0,293,0,0,2,11,6,706,1,-1,0,3,1,1,1.0,1,1,3
27,2,1,1,0,2329,0,0,1,27,10,131,1,-1,0,3,1,1,1.0,1,0,0
23,8,2,1,0,1234,0,0,0,15,3,379,1,91,1,2,1,0,0.5,1,1,0
28,4,2,2,0,3796,0,0,0,8,5,315,2,-1,0,3,1,1,2.0,1,1,0
31,10,2,0,0,406,0,0,0,4,3,736,1,-1,0,3,1,1,1.0,1,1,1
35,1,1,1,0,563,0,1,0,4,6,147,1,119,3,0,1,0,0.25,1,0,1
65,4,0,2,0,90,1,0,0,22,0,416,1,-1,0,3,1,1,1.0,1,1,4
62,5,1,1,0,569,0,0,0,4,1,288,1,1,8,2,1,0,0.1111111111111111,1,0,4
33,9,2,1,0,2979,0,0,0,5,1,326,2,437,1,0,1,0,1.0,1,1,1
22,8,2,1,0,552,0,0,0,1,11,327,1,-1,0,3,1,1,1.0,1,1,0
60,9,1,1,0,824,1,0,0,9,3,127,1,558,7,1,1,0,0.125,1,0,3
44,4,1,2,0,309,1,0,0,5,3,676,1,-1,0,3,1,1,1.0,1,1,2
29,6,1,1,0,123,0,1,0,22,10,247,1,184,3,2,1,0,0.25,1,0,0
53,9,1,1,0,480,0,0,2,6,6,648,2,-1,0,3,1,1,2.0,1,1,3
37,4,1,2,0,2987,1,0,0,13,8,216,1,87,10,2,1,0,0.09090909090909091,1,0,1
50,9,0,1,0,0,0,0,0,1,0,280,1,184,3,2,1,0,0.25,0,0,2
40,0,1,1,0,260,1,0,0,13,8,306,1,181,5,2,1,0,0.16666666666666666,1,1,1
49,4,1,1,0,1623,1,0,0,19,9,1081,2,-1,0,3,1,1,2.0,1,1,2
36,8,2,3,0,417,0,0,0,10,3,151,1,-1,0,3,1,1,1.0,1,0,1
43,4,0,1,0,51,0,0,0,2,3,430,1,-1,0,3,1,1,1.0,1,1,2
30,9,1,1,0,2326,0,0,0,14,2,420,1,175,2,0,1,0,0.3333333333333333,1,1,0
33,4,2,2,0,7084,0,0,0,27,1,512,8,-1,0,3,1,1,8.0,1,1,1
39,0,0,1,0,19,1,0,0,2,5,503,2,147,5,2,1,0,0.3333333333333333,1,1,1
50,4,1,2,0,5969,0,0,0,25,4,455,1,544,2,0,1,0,0.3333333333333333,1,1,2
68,5,1,1,0,19317,1,0,0,4,1,249,1,-1,0,3,1,1,1.0,1,0,4
55,9,0,1,0,3450,0,0,0,10,3,169,1,183,1,0,1,0,0.5,1,0,3
43,1,1,0,0,2952,0,0,0,3,1,417,2,95,1,1,1,0,1.0,1,1,2
41,6,1,1,0,3123,1,0,0,3,0,1203,2,135,2,0,1,0,0.6666666666666666,1,1,2
24,4,1,1,0,867,1,0,2,20,6,546,10,-1,0,3,1,1,10.0,1,1,0
27,9,0,1,0,1977,1,0,0,22,8,449,1,-1,0,3,1,1,1.0,1,1,0
47,1,1,0,0,4227,1,0,0,13,8,659,1,-1,0,3,1,1,1.0,1,1,2
51,0,2,2,0,394,0,0,1,28,4,968,2,-1,0,3,1,1,2.0,1,1,3
43,4,1,2,0,149,1,0,2,23,6,662,2,-1,0,3,1,1,2.0,1,1,2
27,8,2,2,0,39,0,0,0,17,8,379,1,258,10,1,1,0,0.09090909090909091,1,1,0
45,4,1,3,0,2724,0,0,0,28,6,359,2,182,1,2,1,0,1.0,1,1,2
35,4,2,2,0,1756,0,0,0,20,1,195,1,-1,0,3,1,1,1.0,1,0,1
36,9,1,1,0,368,1,1,2,6,8,1597,2,-1,0,3,1,1,2.0,1,1,1
57,9,0,2,0,126,0,0,1,4,6,166,2,-1,0,3,1,1,2.0,1,0,3
32,4,2,1,0,2018,0,0,0,11,1,1238,1,-1,0,3,1,1,1.0,1,1,1
35,1,1,1,0,698,1,1,2,30,8,1343,3,-1,0,3,1,1,3.0,1,1,1
43,1,1,1,0,14646,0,0,0,23,10,210,1,-1,0,3,1,1,1.0,1,0,2
35,1,0,3,0,164,0,0,2,11,6,967,2,-1,0,3,1,1,2.0,1,1,1
45,1,2,1,0,0,0,0,0,5,1,374,2,472,1,2,1,0,1.0,0,1,2
39,7,0,1,0,0,1,0,0,13,0,1006,2,-1,0,3,1,1,2.0,0,1,1
31,1,2,1,0,228,0,0,0,6,1,744,1,88,4,1,1,0,0.2,1,1,1
33,7,1,1,0,207,1,0,0,14,8,629,4,-1,0,3,1,1,4.0,1,1,1
32,2,1,2,0,762,0,0,0,19,5,187,11,-1,0,3,1,1,11.0,1,0,1
35,0,0,1,0,1224,1,0,0,3,9,187,1,-1,0,3,1,1,1.0,1,0,1
25,4,2,2,0,528,0,0,0,14,1,201,1,-1,0,3,1,1,1.0,1,0,0
51,2,1,0,0,1443,0,0,0,18,3,172,10,-1,0,3,1,1,10.0,1,0,3
38,0,1,1,0,11303,0,0,0,28,2,473,2,216,2,0,1,0,0.6666666666666666,1,1,1
51,9,1,1,0,196,1,1,0,17,3,88,1,-1,0,3,1,1,1.0,1,0,3
39,4,1,2,0,2939,0,0,0,6,10,608,1,99,3,0,1,0,0.25,1,1,1
70,5,1,1,0,0,0,0,0,27,10,258,1,92,5,2,1,0,0.16666666666666666,0,0,4
52,2,1,2,1,-468,0,0,0,8,5,534,1,-1,0,3,1,1,1.0,0,1,3
39,4,1,2,0,481,0,0,0,7,2,929,5,189,1,1,1,0,2.5,1,1,1
50,0,1,1,0,4855,0,0,0,5,1,720,2,-1,0,3,1,1,2.0,1,1,2
48,0,0,1,0,362,0,0,0,13,1,529,1,-1,0,3,1,1,1.0,1,1,2
44,6,2,2,0,2734,1,0,0,12,8,897,4,-1,0,3,1,1,4.0,1,1,2
59,10,2,0,0,7724,0,0,0,21,9,373,3,-1,0,3,1,1,3.0,1,1,3
42,4,1,0,0,5310,1,0,0,22,8,545,2,186,1,2,1,0,1.0,1,1,2
24,1,2,1,0,167,0,1,0,25,8,288,1,96,2,2,1,0,0.3333333333333333,1,0,0
43,4,1,2,0,3186,0,0,0,16,9,380,1,88,1,0,1,0,0.5,1,1,2
57,4,1,2,0,372,0,0,0,21,9,553,3,-1,0,3,1,1,3.0,1,1,3
76,5,0,0,0,2693,0,0,0,21,10,107,2,-1,0,3,1,1,2.0,1,0,4
26,0,2,1,0,102,0,1,0,8,5,658,2,-1,0,3,1,1,2.0,1,1,0
29,10,2,0,0,550,0,0,0,29,4,801,1,-1,0,3,1,1,1.0,1,1,0
52,2,1,1,0,1306,0,0,0,15,6,288,1,-1,0,3,1,1,1.0,1,0,3
32,1,2,0,0,611,1,0,2,8,8,541,3,-1,0,3,1,1,3.0,1,1,1
58,9,1,1,0,3399,0,0,0,26,8,1078,1,97,7,1,1,0,0.125,1,1,3
38,4,0,1,0,257,1,0,0,30,0,435,1,-1,0,3,1,1,1.0,1,1,1
37,9,1,1,0,5115,1,0,0,17,9,1210,2,171,4,0,1,0,0.4,1,1,1
35,4,2,2,0,1162,0,0,0,30,0,175,1,-1,0,3,1,1,1.0,1,0,1
59,5,1,1,0,2396,0,0,0,27,1,1040,6,-1,0,3,1,1,6.0,1,1,3
37,4,1,2,0,393,1,0,0,14,8,567,3,275,4,0,1,0,0.6,1,1,1
26,8,2,2,0,294,0,0,0,4,2,208,2,-1,0,3,1,1,2.0,1,0,0
41,1,1,1,0,5060,0,0,0,4,8,963,1,83,3,2,1,0,0.25,1,1,2
37,4,1,1,0,565,0,0,0,6,1,174,1,93,3,0,1,0,0.25,1,0,1
41,9,2,1,0,5329,0,0,0,14,5,397,2,-1,0,3,1,1,2.0,1,1,2
56,4,1,2,0,0,0,1,2,20,6,422,1,-1,0,3,1,1,1.0,0,1,3
30,1,1,1,0,2493,0,0,0,28,4,293,2,-1,0,3,1,1,2.0,1,0,0
50,4,1,0,0,313,0,0,1,14,10,958,1,-1,0,3,1,1,1.0,1,1,2
18,8,2,3,0,108,0,0,0,10,1,167,1,-1,0,3,1,1,1.0,1,0,0
31,9,2,2,0,252,0,0,0,8,6,107,3,-1,0,3,1,1,3.0,1,0,1
23,8,2,1,0,107,0,0,0,13,0,256,5,181,2,2,1,0,1.6666666666666667,1,0,0
63,4,1,2,0,3115,0,0,0,16,9,432,5,-1,0,3,1,1,5.0,1,1,4
31,8,2,1,0,1776,0,0,0,15,6,220,1,207,1,1,1,0,0.5,1,0,1
32,4,2,2,0,506,0,0,0,5,7,63,2,-1,0,3,1,1,2.0,1,0,1
28,0,2,1,0,127,0,0,0,16,11,1334,2,-1,0,3,1,1,2.0,1,1,0
51,5,1,2,0,746,0,0,0,25,1,372,5,-1,0,3,1,1,5.0,1,1,3
22,8,2,0,0,3472,0,0,0,19,0,529,1,181,4,2,1,0,0.2,1,1,0
30,1,2,0,0,253,1,0,0,5,8,259,1,-1,0,3,1,1,1.0,1,0,0
29,4,2,2,0,765,0,0,0,16,9,238,1,-1,0,3,1,1,1.0,1,0,0
20,8,2,1,0,215,0,0,0,24,3,175,1,92,6,2,1,0,0.14285714285714285,1,0,0
32,9,2,2,0,4665,1,0,2,21,8,860,2,-1,0,3,1,1,2.0,1,1,1
29,6,2,2,0,805,0,0,0,23,3,132,1,103,7,0,1,0,0.125,1,0,0
28,4,2,2,0,939,1,0,2,27,8,740,1,-1,0,3,1,1,1.0,1,1,0
27,8,1,1,0,119,1,0,0,16,5,781,2,-1,0,3,1,1,2.0,1,1,0
32,7,0,1,0,454,1,0,0,18,5,978,1,-1,0,3,1,1,1.0,1,1,1
29,10,2,1,0,1055,0,0,0,23,11,427,1,603,1,0,1,0,0.5,1,1,0
73,5,1,3,0,519,0,0,1,16,10,434,1,57,1,0,1,0,0.5,1,1,4
32,4,2,2,0,46,0,0,0,21,1,788,6,-1,0,3,1,1,6.0,1,1,1
31,4,1,2,0,3160,1,0,0,26,0,688,2,-1,0,3,1,1,2.0,1,1,1
65,5,1,0,0,308,0,0,0,1,11,400,1,-1,0,3,1,1,1.0,1,1,4
59,4,1,1,0,4412,0,0,0,2,9,162,2,-1,0,3,1,1,2.0,1,0,3
32,4,2,2,0,718,1,0,0,15,6,95,1,-1,0,3,1,1,1.0,1,0,1
33,0,1,2,0,79,1,0,0,5,8,389,1,195,4,2,1,0,0.2,1,1,1
37,1,2,3,0,217,0,0,0,23,11,272,2,-1,0,3,1,1,2.0,1,0,1
41,1,1,0,0,1461,1,0,2,6,6,554,2,-1,0,3,1,1,2.0,1,1,2
30,4,2,2,0,536,0,0,0,14,4,362,2,91,2,2,1,0,0.6666666666666666,1,1,0
63,1,1,0,0,115,0,0,1,27,0,325,1,180,7,0,1,0,0.125,1,1,4
19,8,2,3,0,108,0,0,0,10,1,168,1,182,2,2,1,0,0.3333333333333333,1,0,0
31,1,0,1,0,-277,1,0,1,17,5,1008,2,-1,0,3,1,1,2.0,0,1,1
56,4,1,3,0,4623,0,0,0,25,3,305,1,192,1,2,1,0,0.5,1,1,3
48,4,1,2,0,1147,0,0,0,5,1,389,1,64,2,2,1,0,0.3333333333333333,1,1,2
28,7,2,1,0,339,0,0,0,3,2,350,1,182,1,2,1,0,0.5,1,1,0
37,7,1,1,0,775,0,0,0,14,1,150,2,-1,0,3,1,1,2.0,1,0,1
34,1,2,3,0,129,1,1,0,16,9,295,1,200,2,2,1,0,0.3333333333333333,1,0,1
78,11,1,3,0,2235,0,0,1,14,0,300,3,-1,0,3,1,1,3.0,1,0,4
37,7,1,1,0,4017,0,0,0,30,0,665,2,196,1,2,1,0,1.0,1,1,1
58,0,1,1,0,4348,1,0,0,23,6,790,4,141,1,1,1,0,2.0,1,1,3
54,4,1,1,0,1134,1,0,0,25,5,1330,3,-1,0,3,1,1,3.0,1,1,3
29,0,0,2,1,0,0,1,0,9,5,426,3,-1,0,3,1,1,3.0,0,1,0
76,5,0,0,0,802,0,0,0,9,7,241,1,181,5,2,1,0,0.16666666666666666,1,0,4
43,1,1,0,0,-192,1,0,2,8,8,1120,2,-1,0,3,1,1,2.0,0,1,2
34,4,2,2,0,5,0,0,0,18,1,370,2,-1,0,3,1,1,2.0,1,1,1
52,9,1,1,0,195,1,0,0,18,3,220,1,63,5,0,1,0,0.16666666666666666,1,0,3
49,1,1,1,0,1730,1,0,0,4,1,605,2,92,4,2,1,0,0.4,1,1,2
50,4,2,2,0,3537,0,0,2,24,10,305,1,-1,0,3,1,1,1.0,1,1,2
61,5,1,1,0,11,0,0,0,29,11,232,1,92,3,2,1,0,0.25,1,0,4
26,9,2,1,0,941,0,1,0,25,5,784,1,-1,0,3,1,1,1.0,1,1,0
56,0,0,1,0,1693,0,0,0,26,10,238,4,442,4,0,1,0,0.8,1,0,3
41,10,1,2,0,0,0,0,0,30,10,373,3,-1,0,3,1,1,3.0,0,1,2
26,1,2,0,0,-887,1,0,0,18,8,827,2,-1,0,3,1,1,2.0,0,1,0
65,5,1,0,0,3629,0,0,0,27,0,148,1,-1,0,3,1,1,1.0,1,0,4
25,4,2,2,0,362,0,0,0,3,6,617,2,-1,0,3,1,1,2.0,1,1,0
51,1,0,0,0,5,0,0,0,29,5,600,2,-1,0,3,1,1,2.0,1,1,3
27,7,2,1,0,339,0,0,0,4,6,182,1,-1,0,3,1,1,1.0,1,0,0
49,9,1,1,0,905,0,0,0,5,6,1543,1,-1,0,3,1,1,1.0,1,1,2
30,1,1,1,0,486,1,0,2,29,8,1109,3,-1,0,3,1,1,3.0,1,1,0
52,11,1,3,0,5361,0,0,0,5,1,607,3,-1,0,3,1,1,3.0,1,1,3
62,5,1,1,0,298,0,0,0,17,9,709,2,-1,0,3,1,1,2.0,1,1,4
59,7,0,1,0,1,1,0,0,28,4,602,1,253,5,1,1,0,0.16666666666666666,1,1,3
35,9,2,2,0,13460,1,0,0,15,8,1068,3,-1,0,3,1,1,3.0,1,1,1
32,4,1,2,0,607,1,0,2,18,6,1060,5,-1,0,3,1,1,5.0,1,1,1
44,4,0,2,0,5773,0,0,2,23,8,597,6,-1,0,3,1,1,6.0,1,1,2
30,1,2,1,0,1598,1,0,0,10,5,634,1,-1,0,3,1,1,1.0,1,1,0
24,8,2,1,0,23878,0,0,0,26,8,133,1,97,1,2,1,0,0.5,1,0,0
71,9,1,1,0,3020,0,0,1,30,5,304,1,270,3,0,1,0,0.25,1,1,4
59,5,1,2,0,422,1,0,0,14,8,647,4,-1,0,3,1,1,4.0,1,1,3
51,4,1,2,0,2635,0,0,0,21,8,407,3,74,5,0,1,0,0.5,1,1,3
42,7,1,1,0,3465,1,1,0,16,5,1039,2,-1,0,3,1,1,2.0,1,1,2
42,2,1,1,0,2959,1,0,1,2,5,711,1,342,1,0,1,0,0.5,1,1,2
32,8,2,2,0,1138,0,0,0,4,8,214,3,83,3,2,1,0,0.75,1,0,1
49,9,1,1,0,307,0,0,0,9,2,854,1,-1,0,3,1,1,1.0,1,1,2
39,2,1,0,0,437,1,0,2,27,10,150,1,-1,0,3,1,1,1.0,1,0,1
52,9,1,2,0,876,0,0,0,4,8,601,3,-1,0,3,1,1,3.0,1,1,3
32,4,2,2,0,6542,1,0,0,15,8,1598,4,175,5,0,1,0,0.6666666666666666,1,1,1
56,5,1,1,0,3738,1,0,0,17,0,156,1,305,6,1,1,0,0.14285714285714285,1,0,3
33,0,2,2,0,7608,0,0,0,30,7,238,4,-1,0,3,1,1,4.0,1,0,1
39,1,1,1,0,276,0,0,0,9,6,334,2,-1,0,3,1,1,2.0,1,1,1
48,4,2,2,0,5689,0,0,0,12,3,262,1,-1,0,3,1,1,1.0,1,0,2
37,4,2,2,0,1730,0,0,0,19,7,167,1,-1,0,3,1,1,1.0,1,0,1
39,4,2,2,0,5073,1,0,0,12,8,1182,1,286,4,0,1,0,0.2,1,1,1
43,4,1,2,0,0,0,0,0,14,5,1153,3,-1,0,3,1,1,3.0,0,1,2
62,1,1,1,0,272,0,0,0,11,1,146,1,286,2,0,1,0,0.3333333333333333,1,0,4
28,1,2,1,0,-46,1,0,0,1,11,199,1,92,14,2,1,0,0.06666666666666667,0,0,0
45,4,1,2,0,242,0,0,0,30,0,587,1,-1,0,3,1,1,1.0,1,1,2
58,4,1,2,0,1384,1,0,0,27,7,342,1,-1,0,3,1,1,1.0,1,1,3
58,4,1,2,0,256,0,0,0,10,2,422,1,188,3,2,1,0,0.25,1,1,3
68,5,1,1,0,1146,0,0,0,16,9,212,1,187,6,2,1,0,0.14285714285714285,1,0,4
47,9,1,1,0,1233,1,0,2,11,11,91,1,100,2,1,1,0,0.3333333333333333,1,0,2
29,8,2,1,0,1925,0,0,0,21,10,150,3,149,5,2,1,0,0.5,1,0,0
35,0,2,1,0,-32,0,1,0,9,3,63,4,182,5,0,1,0,0.6666666666666666,0,0,1
64,6,1,2,0,661,0,0,0,21,2,367,2,294,2,0,1,0,0.6666666666666666,1,1,4
47,4,1,2,0,2306,0,0,1,6,1,239,4,-1,0,3,1,1,4.0,1,0,2
35,1,1,1,0,149,1,0,0,29,0,507,3,349,1,1,1,0,1.5,1,1,1
36,3,2,1,0,1015,1,0,0,18,8,1008,1,347,2,2,1,0,0.3333333333333333,1,1,1
28,0,2,1,0,157,0,0,0,27,8,155,3,-1,0,3,1,1,3.0,1,0,0
49,9,1,2,0,1235,0,0,0,13,1,354,3,-1,0,3,1,1,3.0,1,1,2
35,4,2,2,0,7506,1,0,2,30,10,248,1,-1,0,3,1,1,1.0,1,0,1
28,4,2,1,0,171,0,0,0,10,7,93,1,-1,0,3,1,1,1.0,1,0,0
37,1,1,3,0,1508,0,1,2,6,6,381,2,-1,0,3,1,1,2.0,1,1,1
41,4,1,2,0,5561,0,0,0,20,1,649,2,-1,0,3,1,1,2.0,1,1,2
86,5,1,0,0,5236,0,0,1,1,0,558,2,-1,0,3,1,1,2.0,1,1,4
36,6,1,2,0,506,0,0,0,3,9,217,1,70,2,0,1,0,0.3333333333333333,1,0,1
29,7,2,1,0,1934,0,0,0,29,11,271,1,-1,0,3,1,1,1.0,1,0,0
60,5,1,1,0,18967,1,0,0,29,4,177,2,-1,0,3,1,1,2.0,1,0,3
49,1,1,1,0,2039,1,0,0,6,8,451,1,169,2,0,1,0,0.3333333333333333,1,1,2
34,0,1,2,0,899,1,0,2,12,9,114,1,170,3,0,1,0,0.25,1,0,1
32,1,2,1,0,118,1,0,0,17,5,1275,1,-1,0,3,1,1,1.0,1,1,1
23,6,2,2,0,780,0,0,0,16,11,393,1,183,3,2,1,0,0.25,1,1,0
54,11,1,1,0,2206,0,0,0,12,9,104,1,99,2,1,1,0,0.3333333333333333,1,0,3
38,9,0,1,0,902,1,0,0,3,3,650,1,-1,0,3,1,1,1.0,1,1,1
31,9,2,2,0,2807,0,0,2,8,9,154,1,-1,0,3,1,1,1.0,1,0,1
28,9,2,1,1,-1042,1,0,2,6,6,712,2,-1,0,3,1,1,2.0,0,1,0
33,1,1,1,0,89,1,0,0,18,5,278,2,-1,0,3,1,1,2.0,1,0,1
48,9,1,0,0,235,0,0,0,9,11,386,2,191,3,2,1,0,0.5,1,1,2
39,9,2,1,0,1104,0,0,0,7,1,395,2,-1,0,3,1,1,2.0,1,1,1
31,4,2,2,0,2016,0,0,0,30,0,209,1,-1,0,3,1,1,1.0,1,0,1
34,6,1,2,0,0,0,0,0,28,1,730,11,-1,0,3,1,1,11.0,0,1,1
30,6,2,2,0,3343,0,0,0,1,6,235,1,-1,0,3,1,1,1.0,1,0,0
35,10,2,2,0,415,0,0,0,4,1,462,1,92,4,2,1,0,0.2,1,1,1
33,4,0,2,0,2240,0,0,0,8,7,264,2,278,1,2,1,0,1.0,1,0,1
31,9,2,1,0,2544,0,0,0,12,4,229,1,279,2,2,1,0,0.3333333333333333,1,0,1
64,4,1,2,0,3951,0,0,0,29,10,164,1,-1,0,3,1,1,1.0,1,0,4
69,5,1,3,0,426,0,0,1,10,11,211,2,185,2,2,1,0,0.6666666666666666,1,0,4
28,4,2,2,0,187,0,0,0,9,7,295,1,-1,0,3,1,1,1.0,1,0,0
64,2,1,2,0,2331,0,0,1,9,9,201,1,-1,0,3,1,1,1.0,1,0,4
59,1,0,0,0,989,0,0,0,20,5,125,2,-1,0,3,1,1,2.0,1,0,3
51,0,2,1,0,726,1,0,0,27,0,89,8,-1,0,3,1,1,8.0,1,0,3
29,4,2,2,0,697,0,0,0,4,3,206,1,-1,0,3,1,1,1.0,1,0,0
61,5,0,1,0,927,0,0,0,30,0,427,3,-1,0,3,1,1,3.0,1,1,4
80,5,1,0,0,997,0,0,0,29,10,746,2,86,1,1,1,0,1.0,1,1,4
61,5,1,0,0,8729,0,0,0,30,10,480,1,-1,0,3,1,1,1.0,1,1,4
32,9,2,1,0,1732,1,0,0,14,1,1871,3,-1,0,3,1,1,3.0,1,1,1
39,9,2,2,0,393,0,0,0,28,6,325,1,94,1,2,1,0,0.5,1,1,1
72,5,0,2,0,438,0,0,0,23,3,279,1,-1,0,3,1,1,1.0,1,0,4
43,7,2,1,0,3403,1,0,0,12,9,707,2,97,2,2,1,0,0.6666666666666666,1,1,2
21,8,2,1,0,2488,0,0,0,30,6,258,6,169,3,2,1,0,1.5,1,0,0
39,0,1,1,0,150,0,0,0,3,6,296,4,-1,0,3,1,1,4.0,1,0,1
26,8,2,1,0,100,0,0,0,26,8,445,1,-1,0,3,1,1,1.0,1,1,0
50,2,1,2,0,230,0,0,1,30,5,1089,4,-1,0,3,1,1,4.0,1,1,2
61,5,1,2,0,2557,1,0,0,11,1,139,3,190,1,2,1,0,1.5,1,0,4
43,10,2,2,0,983,1,0,0,26,3,97,1,-1,0,3,1,1,1.0,1,0,2
39,4,1,2,0,271,1,0,0,12,1,1344,1,-1,0,3,1,1,1.0,1,1,1
46,1,1,3,0,9328,1,0,0,5,8,725,3,-1,0,3,1,1,3.0,1,1,2
28,6,2,2,0,805,0,0,0,16,3,331,1,-1,0,3,1,1,1.0,1,1,0
33,1,1,1,0,379,1,1,0,16,6,263,2,-1,0,3,1,1,2.0,1,0,1
52,5,1,2,0,2269,0,0,2,20,6,1210,1,-1,0,3,1,1,1.0,1,1,3
60,5,0,1,0,-639,1,0,0,15,8,585,1,-1,0,3,1,1,1.0,0,1,3
45,4,2,2,0,4831,0,0,0,29,4,479,11,-1,0,3,1,1,11.0,1,1,2
61,5,1,2,0,2557,1,0,0,10,9,89,1,91,4,2,1,0,0.2,1,0,4
27,8,2,2,0,0,0,0,0,5,7,82,3,-1,0,3,1,1,3.0,0,0,0
37,10,2,2,0,1291,0,0,0,5,1,150,1,97,2,2,1,0,0.3333333333333333,1,0,1
27,0,1,2,0,2855,0,0,0,25,4,240,1,301,3,0,1,0,0.25,1,0,0
32,9,2,2,0,654,1,0,0,25,8,615,4,-1,0,3,1,1,4.0,1,1,1
92,5,1,3,0,775,0,0,0,26,4,164,4,96,3,2,1,0,1.0,1,0,4
44,9,0,1,0,1262,1,0,2,26,8,788,11,-1,0,3,1,1,11.0,1,1,2
36,9,2,2,0,962,1,0,0,8,8,568,1,-1,0,3,1,1,1.0,1,1,1
26,9,2,2,0,1066,0,0,0,15,0,200,1,-1,0,3,1,1,1.0,1,0,0
29,6,2,2,0,3290,0,0,0,23,7,136,1,291,2,2,1,0,0.3333333333333333,1,0,0
33,1,2,1,0,329,0,0,0,6,11,224,1,145,2,1,1,0,0.3333333333333333,1,0,1
27,1,2,1,0,2486,1,0,2,29,8,733,1,-1,0,3,1,1,1.0,1,1,0
35,10,1,1,0,978,0,0,0,29,6,660,2,182,6,2,1,0,0.2857142857142857,1,1,1
48,4,2,2,0,86,0,0,0,28,6,281,3,186,6,1,1,0,0.42857142857142855,1,0,2
29,9,2,2,0,2325,0,0,0,2,3,125,1,-1,0,3,1,1,1.0,1,0,0
36,4,0,2,0,81,0,1,0,22,5,560,1,-1,0,3,1,1,1.0,1,1,1
39,0,1,1,0,732,0,0,0,23,0,522,4,-1,0,3,1,1,4.0,1,1,1
50,4,0,2,0,810,0,0,0,15,11,91,1,103,3,2,1,0,0.25,1,0,2
32,8,1,1,0,1536,0,0,0,7,1,289,2,-1,0,3,1,1,2.0,1,0,1
67,5,1,3,0,2540,0,0,1,14,11,279,3,92,9,2,1,0,0.3,1,0,4
41,9,1,2,0,231,0,0,0,26,1,428,2,-1,0,3,1,1,2.0,1,1,2
55,0,1,3,0,2038,0,0,0,9,0,394,1,-1,0,3,1,1,1.0,1,1,3
59,3,0,0,0,2518,0,0,0,30,5,675,3,-1,0,3,1,1,3.0,1,1,3
53,0,2,1,0,2892,0,0,0,9,0,527,3,-1,0,3,1,1,3.0,1,1,3
50,4,1,1,0,1165,0,0,0,16,5,455,1,-1,0,3,1,1,1.0,1,1,2
24,8,2,1,0,1234,0,0,0,21,5,314,1,156,2,2,1,0,0.3333333333333333,1,1,0
36,8,2,2,0,129,0,0,0,27,10,149,1,-1,0,3,1,1,1.0,1,0,1
43,1,1,0,0,3917,0,0,0,2,7,154,1,-1,0,3,1,1,1.0,1,0,2
31,0,2,1,0,431,1,1,2,20,8,1045,1,-1,0,3,1,1,1.0,1,1,1
52,9,1,1,0,386,0,0,0,20,0,438,1,-1,0,3,1,1,1.0,1,1,3
54,0,0,1,0,200,0,0,0,3,6,170,1,-1,0,3,1,1,1.0,1,0,3
58,4,1,2,0,3864,1,0,0,15,5,815,4,-1,0,3,1,1,4.0,1,1,3
32,6,0,2,0,3271,0,0,0,4,8,949,3,-1,0,3,1,1,3.0,1,1,1
38,9,1,1,0,4539,0,0,0,16,11,387,1,-1,0,3,1,1,1.0,1,1,1
22,3,2,1,0,1796,0,0,0,28,6,369,3,-1,0,3,1,1,3.0,1,1,0
60,4,1,2,0,5041,0,0,1,4,9,399,1,-1,0,3,1,1,1.0,1,1,3
40,9,0,1,0,311,0,0,0,6,1,738,2,-1,0,3,1,1,2.0,1,1,1
23,8,2,1,0,1809,0,0,0,8,5,414,2,-1,0,3,1,1,2.0,1,1,0
26,0,1,1,0,710,1,1,2,6,6,1276,2,-1,0,3,1,1,2.0,1,1,0
36,2,0,2,0,3407,0,0,0,9,6,993,4,85,4,2,1,0,0.8,1,1,1
36,3,1,0,0,78,1,0,1,30,5,2692,9,-1,0,3,1,1,9.0,1,1,1
70,5,1,1,0,2384,0,0,0,30,10,196,2,-1,0,3,1,1,2.0,1,0,4
26,6,2,2,0,168,0,0,0,30,0,394,1,-1,0,3,1,1,1.0,1,1,0
23,9,2,2,0,1129,1,0,2,28,8,806,1,-1,0,3,1,1,1.0,1,1,0
27,4,2,2,0,99,1,0,2,4,6,767,2,-1,0,3,1,1,2.0,1,1,0
53,0,2,1,0,654,0,0,2,10,5,67,1,-1,0,3,1,1,1.0,1,0,3
36,4,1,2,0,0,0,0,1,27,1,645,9,-1,0,3,1,1,9.0,0,1,1
28,0,1,1,0,330,0,0,0,2,2,357,1,188,3,1,1,0,0.25,1,1,0
37,1,1,0,0,3154,1,0,0,17,0,404,1,305,3,0,1,0,0.25,1,1,1
53,10,0,1,0,587,0,0,0,19,9,561,1,-1,0,3,1,1,1.0,1,1,3
32,9,2,2,0,34646,0,0,1,13,1,618,9,-1,0,3,1,1,9.0,1,1,1
31,0,1,1,0,8781,1,0,0,14,8,680,1,177,1,2,1,0,0.5,1,1,1
37,9,1,2,0,127,1,0,0,13,3,71,1,-1,0,3,1,1,1.0,1,0,1
38,7,2,1,0,91,0,0,0,2,7,207,1,-1,0,3,1,1,1.0,1,0,1
47,4,1,2,0,2351,0,0,0,10,7,80,1,-1,0,3,1,1,1.0,1,0,2
29,4,2,2,0,1445,0,0,0,26,0,328,2,143,2,2,1,0,0.6666666666666666,1,1,0
42,4,1,2,0,976,0,0,0,19,1,164,1,-1,0,3,1,1,1.0,1,0,2
51,9,1,1,0,117,0,0,0,18,3,442,2,-1,0,3,1,1,2.0,1,1,3
39,4,1,2,0,-190,0,1,2,11,6,893,8,-1,0,3,1,1,8.0,0,1,1
36,0,1,1,0,1031,0,0,0,17,6,282,4,-1,0,3,1,1,4.0,1,0,1
78,5,0,0,0,229,0,0,1,22,10,97,1,-1,0,3,1,1,1.0,1,0,4
24,8,2,1,0,23878,0,0,0,18,3,185,1,-1,0,3,1,1,1.0,1,0,0
18,8,2,3,0,108,0,0,0,8,11,169,1,-1,0,3,1,1,1.0,1,0,0
54,4,1,2,0,1303,0,0,0,3,3,1635,1,-1,0,3,1,1,1.0,1,1,3
28,9,2,2,0,4987,0,0,0,2,6,924,2,113,21,2,1,0,0.09090909090909091,1,1,0
27,4,2,2,0,2489,0,0,0,15,5,323,2,163,2,1,1,0,0.6666666666666666,1,1,0
25,8,2,3,0,480,0,0,0,8,11,140,1,-1,0,3,1,1,1.0,1,0,0
37,2,0,2,0,66,0,0,0,18,9,1164,2,-1,0,3,1,1,2.0,1,1,1
36,7,1,1,0,2984,1,0,2,2,6,394,1,-1,0,3,1,1,1.0,1,1,1
42,4,1,3,0,849,1,0,0,8,10,667,1,321,1,1,1,0,0.5,1,1,2
26,4,2,2,0,1646,0,0,0,12,0,524,4,206,5,2,1,0,0.6666666666666666,1,1,0
52,6,1,2,0,4012,0,0,0,31,1,634,3,92,5,1,1,0,0.5,1,1,3
63,5,2,2,0,791,0,0,0,21,10,212,2,-1,0,3,1,1,2.0,1,0,4
33,7,0,1,0,1117,0,0,0,2,6,417,1,-1,0,3,1,1,1.0,1,1,1
54,5,0,2,0,0,0,0,2,13,8,618,1,-1,0,3,1,1,1.0,0,1,3
34,0,2,1,0,151,1,0,0,12,8,590,1,370,1,1,1,0,0.5,1,1,1
57,0,2,1,0,5768,1,0,2,19,6,512,1,-1,0,3,1,1,1.0,1,1,3
58,2,1,1,0,670,1,0,0,12,8,1272,1,-1,0,3,1,1,1.0,1,1,3
35,0,2,1,0,-32,0,1,0,6,1,366,2,178,9,2,1,0,0.2,0,1,1
46,4,1,2,0,242,0,0,0,4,1,120,2,96,1,2,1,0,1.0,1,0,2
44,1,1,0,0,-101,1,0,0,15,8,679,1,366,4,0,1,0,0.2,0,1,2
55,4,0,2,0,2383,0,0,0,3,6,591,2,-1,0,3,1,1,2.0,1,1,3
52,1,1,1,0,2230,0,0,0,29,10,423,3,-1,0,3,1,1,3.0,1,1,3
36,10,2,2,0,1291,0,0,0,3,3,298,1,-1,0,3,1,1,1.0,1,0,1
40,1,1,3,0,1181,1,0,0,4,3,718,2,189,2,2,1,0,0.6666666666666666,1,1,1
55,4,0,2,0,0,0,0,0,18,1,309,4,-1,0,3,1,1,4.0,0,1,3
53,9,2,1,0,925,0,0,0,25,1,930,3,-1,0,3,1,1,3.0,1,1,3
46,1,1,0,0,977,0,1,1,2,3,436,3,-1,0,3,1,1,3.0,1,1,2
57,0,0,1,0,658,0,0,0,10,5,724,1,-1,0,3,1,1,1.0,1,1,3
57,0,1,1,0,2120,0,0,0,19,1,687,4,-1,0,3,1,1,4.0,1,1,3
46,7,1,1,0,4,0,0,0,30,0,268,1,261,5,1,1,0,0.16666666666666666,1,0,2
29,8,2,1,0,78,0,0,0,30,0,239,1,-1,0,3,1,1,1.0,1,0,0
43,4,2,2,0,2067,1,0,2,8,8,756,1,-1,0,3,1,1,1.0,1,1,2
55,5,0,1,0,-268,0,1,0,24,5,1417,1,-1,0,3,1,1,1.0,0,1,3
43,0,2,1,0,733,1,0,0,25,8,282,1,187,3,2,1,0,0.25,1,0,2
41,4,1,2,0,326,1,0,0,5,8,788,1,-1,0,3,1,1,1.0,1,1,2
64,4,1,2,0,5112,0,0,1,19,10,898,7,137,11,1,1,0,0.5833333333333334,1,1,4
49,10,1,0,0,518,0,0,0,29,4,1917,2,-1,0,3,1,1,2.0,1,1,2
34,4,1,2,0,3047,0,0,0,30,0,317,1,160,5,1,1,0,0.16666666666666666,1,1,1
50,4,1,2,0,253,0,0,0,28,8,513,9,-1,0,3,1,1,9.0,1,1,2
29,1,2,1,0,908,1,0,2,20,6,1663,1,-1,0,3,1,1,1.0,1,1,0
33,9,1,1,0,133,0,0,0,4,8,218,1,-1,0,3,1,1,1.0,1,0,1
32,9,1,1,0,3271,0,0,0,12,3,375,1,374,1,1,1,0,0.5,1,1,1
37,9,2,1,0,980,0,0,0,8,1,1306,5,-1,0,3,1,1,5.0,1,1,1
67,5,1,0,0,2391,0,0,0,28,6,737,6,186,10,1,1,0,0.5454545454545454,1,1,4
42,9,1,2,0,757,0,0,0,10,3,154,1,-1,0,3,1,1,1.0,1,0,2
22,7,2,1,0,129,0,0,0,15,0,218,2,181,1,2,1,0,1.0,1,0,0
24,8,2,0,0,1235,0,0,0,14,5,334,4,93,6,1,1,0,0.5714285714285714,1,1,0
48,1,1,1,0,1230,1,0,0,13,8,328,2,182,3,2,1,0,0.5,1,1,2
44,4,0,2,0,2367,0,0,0,22,11,263,1,184,6,2,1,0,0.14285714285714285,1,0,2
43,4,1,2,0,40,0,0,0,10,3,147,1,-1,0,3,1,1,1.0,1,0,2
45,4,2,2,0,2048,1,0,0,18,10,310,1,804,1,0,1,0,0.5,1,1,2
31,4,1,2,0,1331,0,0,0,30,0,297,1,86,3,2,1,0,0.25,1,0,1
46,4,1,1,0,0,0,0,0,18,9,1855,1,-1,0,3,1,1,1.0,0,1,2
57,9,1,2,0,6822,0,0,0,7,1,797,2,-1,0,3,1,1,2.0,1,1,3
37,4,2,2,0,62,1,0,0,2,1,428,2,272,8,2,1,0,0.2222222222222222,1,1,1
51,2,0,2,0,2109,0,0,0,13,10,79,2,-1,0,3,1,1,2.0,1,0,3
25,0,2,1,0,82,0,1,0,7,0,104,2,-1,0,3,1,1,2.0,1,0,0
26,9,1,1,0,370,0,1,0,8,5,1061,4,-1,0,3,1,1,4.0,1,1,0
57,4,1,0,0,6900,0,0,0,23,10,255,4,185,2,0,1,0,1.3333333333333333,1,0,3
38,0,0,1,0,198,1,0,2,26,8,431,2,-1,0,3,1,1,2.0,1,1,1
46,9,1,1,0,2149,1,0,0,15,0,282,2,-1,0,3,1,1,2.0,1,0,2
40,4,1,2,0,1308,0,0,1,3,3,1776,2,-1,0,3,1,1,2.0,1,1,1
36,10,1,2,0,4145,0,0,2,20,6,988,4,-1,0,3,1,1,4.0,1,1,1
35,3,2,1,0,1015,1,0,2,5,6,406,2,-1,0,3,1,1,2.0,1,1,1
34,1,1,1,0,751,1,1,0,17,9,1303,1,-1,0,3,1,1,1.0,1,1,1
38,9,1,1,0,497,0,0,2,14,0,173,1,-1,0,3,1,1,1.0,1,0,1
66,5,1,1,0,203,0,0,0,7,5,376,1,-1,0,3,1,1,1.0,1,1,4
57,0,2,1,0,3551,1,0,0,12,8,458,1,-1,0,3,1,1,1.0,1,1,3
43,0,1,1,0,132,0,0,0,17,7,220,1,-1,0,3,1,1,1.0,1,0,2
52,9,1,2,0,2557,0,0,0,8,5,340,1,156,1,1,1,0,0.5,1,1,3
72,6,1,2,0,132,0,0,0,27,0,444,1,-1,0,3,1,1,1.0,1,1,4
36,4,2,2,0,5958,1,0,0,22,11,155,1,184,1,2,1,0,0.5,1,0,1
34,6,1,0,0,7468,1,1,0,30,0,383,1,-1,0,3,1,1,1.0,1,1,1
77,5,1,0,0,3324,0,0,0,13,8,289,1,91,5,2,1,0,0.16666666666666666,1,0,4
25,8,2,1,0,2354,0,0,0,5,3,226,7,-1,0,3,1,1,7.0,1,0,0
31,1,2,1,0,54,1,0,0,29,6,401,1,-1,0,3,1,1,1.0,1,1,1
32,9,2,2,0,5514,0,0,1,22,10,181,1,-1,0,3,1,1,1.0,1,0,1
30,4,2,2,0,533,0,0,0,4,8,365,4,-1,0,3,1,1,4.0,1,1,0
78,4,1,3,0,1780,1,0,0,25,10,211,2,185,7,2,1,0,0.25,1,0,4
28,1,2,1,0,-197,1,0,2,9,8,2016,2,-1,0,3,1,1,2.0,0,1,0
30,1,2,1,0,7773,1,0,0,20,9,705,1,-1,0,3,1,1,1.0,1,1,0
38,7,1,1,0,1970,1,0,0,30,0,701,1,176,1,2,1,0,0.5,1,1,1
38,9,1,2,0,206,0,0,0,8,0,350,2,-1,0,3,1,1,2.0,1,1,1
23,8,2,1,0,0,0,0,0,30,0,297,1,83,6,2,1,0,0.14285714285714285,0,0,0
26,9,2,2,0,-67,1,0,0,15,8,637,1,-1,0,3,1,1,1.0,0,1,0
44,6,0,2,0,1070,1,0,0,11,9,172,1,91,5,2,1,0,0.16666666666666666,1,0,2
31,4,2,2,0,4718,1,0,0,21,9,536,1,-1,0,3,1,1,1.0,1,1,1
38,4,2,2,0,104,1,0,0,6,8,606,3,-1,0,3,1,1,3.0,1,1,1
64,3,1,3,0,2645,0,0,1,3,3,219,2,-1,0,3,1,1,2.0,1,0,4
53,9,1,1,0,1319,0,0,2,19,6,1318,3,-1,0,3,1,1,3.0,1,1,3
47,1,0,0,0,603,1,1,0,8,8,1080,1,-1,0,3,1,1,1.0,1,1,2
34,11,2,1,0,859,0,0,0,28,4,829,1,-1,0,3,1,1,1.0,1,1,1
62,5,1,2,0,2557,1,0,0,10,9,404,1,57,8,2,1,0,0.1111111111111111,1,1,4
49,2,0,3,1,-701,1,0,0,30,5,988,2,-1,0,3,1,1,2.0,0,1,2
40,7,2,1,0,1547,1,0,0,20,9,405,1,-1,0,3,1,1,1.0,1,1,1
38,0,0,1,0,19,1,0,0,5,3,1130,3,251,2,2,1,0,1.0,1,1,1
33,6,2,2,0,562,1,1,0,6,0,196,1,363,1,0,1,0,0.5,1,0,1
50,0,1,2,0,6574,0,0,0,8,11,495,1,92,3,2,1,0,0.25,1,1,2
29,4,2,2,0,9407,0,0,0,4,8,267,6,-1,0,3,1,1,6.0,1,0,0
34,9,1,2,0,127,0,0,0,3,6,117,1,-1,0,3,1,1,1.0,1,0,1
29,4,2,2,0,92,0,0,0,2,7,175,5,-1,0,3,1,1,5.0,1,0,0
53,2,2,1,0,62,1,0,2,30,8,1044,5,-1,0,3,1,1,5.0,1,1,3
53,7,0,1,0,36,1,1,2,2,5,25,1,417,1,2,1,0,0.5,1,0,3
29,6,2,2,0,1579,0,0,0,13,10,190,1,92,5,2,1,0,0.16666666666666666,1,0,0
51,2,1,2,0,5254,1,0,2,23,10,134,1,-1,0,3,1,1,1.0,1,0,3
49,0,2,2,0,228,1,0,0,2,7,368,1,-1,0,3,1,1,1.0,1,1,2
30,7,2,1,1,-366,1,0,0,18,5,516,1,-1,0,3,1,1,1.0,0,1,0
36,2,0,2,0,3407,0,0,0,16,7,392,4,-1,0,3,1,1,4.0,1,1,1
54,4,0,2,0,5475,0,0,0,22,5,321,4,-1,0,3,1,1,4.0,1,1,3
42,2,1,1,0,0,1,0,0,9,0,331,1,140,4,0,1,0,0.2,0,1,2
32,4,2,2,0,10281,0,0,0,22,0,400,1,-1,0,3,1,1,1.0,1,1,1
49,4,1,2,0,1167,1,1,0,24,11,249,1,91,14,2,1,0,0.06666666666666667,1,0,2
34,1,1,1,0,1089,1,0,0,13,8,394,3,-1,0,3,1,1,3.0,1,1,1
35,4,0,2,0,3837,1,0,2,8,8,1084,1,-1,0,3,1,1,1.0,1,1,1
36,4,2,2,0,2032,0,1,0,20,9,736,1,-1,0,3,1,1,1.0,1,1,1
51,10,1,1,0,234,0,0,0,22,1,735,1,-1,0,3,1,1,1.0,1,1,3
33,4,2,2,0,224,0,0,0,23,11,409,2,92,4,2,1,0,0.4,1,1,1
31,9,2,1,0,138,0,0,0,26,8,91,1,285,2,1,1,0,0.3333333333333333,1,0,1
58,1,1,1,0,3027,1,0,0,24,0,160,1,-1,0,3,1,1,1.0,1,0,3
50,0,1,1,0,4117,0,0,0,21,9,530,1,-1,0,3,1,1,1.0,1,1,2
57,4,1,2,0,473,0,0,0,1,6,295,1,-1,0,3,1,1,1.0,1,0,3
24,9,2,1,0,409,1,0,2,16,8,912,1,-1,0,3,1,1,1.0,1,1,0
29,0,2,1,0,3528,0,0,0,8,10,137,1,-1,0,3,1,1,1.0,1,0,0
35,7,1,1,0,152,1,0,2,2,6,563,1,-1,0,3,1,1,1.0,1,1,1
52,1,1,1,0,580,0,0,0,21,9,965,2,-1,0,3,1,1,2.0,1,1,3
41,1,1,1,0,2039,1,0,0,8,8,729,1,-1,0,3,1,1,1.0,1,1,2
59,5,0,1,0,1026,0,0,2,5,9,669,1,-1,0,3,1,1,1.0,1,1,3
60,5,1,1,0,523,0,0,0,13,1,192,3,-1,0,3,1,1,3.0,1,0,3
69,5,2,2,0,2144,0,0,0,29,5,417,1,184,4,2,1,0,0.2,1,1,4
48,4,1,2,0,1949,1,0,2,13,8,683,2,-1,0,3,1,1,2.0,1,1,2
53,1,1,0,0,421,1,0,0,20,9,677,1,-1,0,3,1,1,1.0,1,1,3
28,1,1,1,0,751,1,0,0,22,5,598,5,-1,0,3,1,1,5.0,1,1,0
54,0,1,3,0,140,0,0,1,27,0,473,2,182,2,0,1,0,0.6666666666666666,1,1,3
70,5,1,1,0,2575,0,0,1,20,0,216,2,-1,0,3,1,1,2.0,1,0,4
34,4,2,2,0,76,1,0,0,13,8,747,2,371,3,0,1,0,0.5,1,1,1
47,1,1,0,0,2749,1,0,0,30,0,774,2,164,1,0,1,0,1.0,1,1,2
35,9,1,1,0,4508,1,0,0,18,9,854,1,-1,0,3,1,1,1.0,1,1,1
43,2,1,1,0,0,0,0,2,3,6,1025,7,-1,0,3,1,1,7.0,0,1,2
45,4,1,2,0,506,0,0,0,23,0,229,2,-1,0,3,1,1,2.0,1,0,2
45,1,0,0,0,844,0,0,2,5,6,1018,3,-1,0,3,1,1,3.0,1,1,2
39,1,1,1,0,1756,1,0,0,3,0,939,1,-1,0,3,1,1,1.0,1,1,1
38,10,2,1,0,804,0,0,0,1,6,1087,1,-1,0,3,1,1,1.0,1,1,1
51,9,1,2,0,1347,1,1,0,10,3,160,1,243,1,0,1,0,0.5,1,0,3
60,0,0,1,0,12039,0,0,1,8,0,236,1,-1,0,3,1,1,1.0,1,0,3
40,0,2,1,0,664,0,0,0,21,5,1342,2,-1,0,3,1,1,2.0,1,1,1
38,7,2,1,0,895,1,0,0,12,8,1531,1,-1,0,3,1,1,1.0,1,1,1
35,1,1,0,0,22,1,0,0,15,8,1190,2,302,2,1,1,0,0.6666666666666666,1,1,1
29,9,2,2,0,2178,0,0,0,22,10,260,2,139,1,1,1,0,1.0,1,0,0
32,6,2,2,0,2559,0,0,0,7,5,889,1,-1,0,3,1,1,1.0,1,1,1
67,5,1,0,0,1430,0,0,0,11,4,499,2,91,3,0,1,0,0.5,1,1,4
26,0,2,1,0,96,0,0,0,11,1,349,1,70,3,0,1,0,0.25,1,1,0
45,4,0,1,0,644,1,0,2,4,6,633,1,-1,0,3,1,1,1.0,1,1,2
28,9,2,2,0,0,1,0,0,25,8,269,1,40,2,0,1,0,0.3333333333333333,0,0,0
28,4,2,2,0,390,0,0,0,29,11,845,1,232,4,2,1,0,0.2,1,1,0
44,0,1,1,0,10905,0,0,0,19,1,240,2,271,1,1,1,0,1.0,1,0,2
35,4,1,2,0,1380,0,0,0,23,3,155,1,-1,0,3,1,1,1.0,1,0,1
39,2,1,1,0,2139,1,0,0,15,8,576,4,371,1,0,1,0,2.0,1,1,1
65,5,1,0,0,276,0,0,0,22,0,229,1,-1,0,3,1,1,1.0,1,0,4
45,10,1,1,0,891,1,0,2,7,4,118,1,-1,0,3,1,1,1.0,1,0,2
32,4,2,2,0,2069,0,0,0,22,0,545,1,-1,0,3,1,1,1.0,1,1,1
31,4,1,2,0,3,1,1,0,11,3,331,1,-1,0,3,1,1,1.0,1,1,1
39,6,1,2,0,-3058,1,1,0,17,0,882,3,-1,0,3,1,1,3.0,0,1,1
29,4,2,1,0,3317,0,1,1,4,8,640,7,-1,0,3,1,1,7.0,1,1,0
29,3,2,2,0,19,0,0,0,3,2,274,1,230,1,2,1,0,0.5,1,0,0
49,9,0,1,0,305,0,0,0,24,5,367,2,-1,0,3,1,1,2.0,1,1,2
65,2,1,2,0,2331,0,0,1,11,1,425,1,183,2,2,1,0,0.3333333333333333,1,1,4
28,1,1,1,0,2788,1,0,2,6,6,369,2,-1,0,3,1,1,2.0,1,1,0
38,1,2,1,0,2580,1,0,0,8,0,1691,2,264,3,0,1,0,0.5,1,1,1
53,1,1,0,0,306,0,0,0,28,5,388,3,181,1,2,1,0,1.5,1,1,3
61,4,1,1,0,544,0,0,0,29,2,63,3,200,9,2,1,0,0.3,1,0,4
37,9,1,1,0,1707,1,0,0,26,5,546,2,784,3,0,1,0,0.5,1,1,1
30,9,2,2,0,0,1,0,0,5,6,159,2,-1,0,3,1,1,2.0,0,0,0
30,7,0,1,0,436,1,0,0,17,6,1720,1,-1,0,3,1,1,1.0,1,1,0
56,0,1,1,0,1694,0,0,0,21,1,793,10,-1,0,3,1,1,10.0,1,1,3
29,9,2,1,0,1165,0,0,0,3,2,244,2,184,1,2,1,0,1.0,1,0,0
38,7,1,1,0,775,0,0,0,12,3,1835,3,182,2,2,1,0,1.0,1,1,1
36,1,1,1,0,1049,1,0,0,14,8,224,4,-1,0,3,1,1,4.0,1,0,1
31,4,2,2,0,1619,0,0,0,30,0,327,2,-1,0,3,1,1,2.0,1,1,1
53,1,2,1,0,1004,0,0,0,13,8,393,1,84,1,1,1,0,0.5,1,1,3
67,5,1,3,0,2540,0,0,1,14,6,278,5,116,4,1,1,0,1.0,1,0,4
60,1,1,0,0,7929,0,0,2,1,0,111,1,-1,0,3,1,1,1.0,1,0,3
52,1,0,0,0,-191,1,0,2,15,8,755,1,-1,0,3,1,1,1.0,0,1,3
55,4,1,3,0,1504,1,0,0,22,8,338,2,-1,0,3,1,1,2.0,1,1,3
36,9,2,1,0,376,0,0,0,13,9,193,1,92,1,2,1,0,0.5,1,0,1
56,5,1,2,0,281,0,0,0,3,7,96,2,-1,0,3,1,1,2.0,1,0,3
59,5,0,1,0,514,0,0,0,3,3,261,1,-1,0,3,1,1,1.0,1,0,3
35,0,1,1,0,2,1,0,0,18,7,194,1,-1,0,3,1,1,1.0,1,0,1
28,1,2,1,0,517,0,1,0,8,5,681,1,-1,0,3,1,1,1.0,1,1,0
54,5,1,1,0,3538,0,0,0,27,8,820,1,-1,0,3,1,1,1.0,1,1,3
24,0,2,1,0,1052,0,0,0,30,0,354,1,-1,0,3,1,1,1.0,1,1,0
49,4,1,2,0,5887,0,0,0,2,6,181,3,293,2,0,1,0,1.0,1,0,2
35,9,1,1,0,545,1,0,0,16,0,1579,1,234,4,0,1,0,0.2,1,1,1
26,8,2,1,0,864,1,0,0,15,8,659,1,-1,0,3,1,1,1.0,1,1,0
54,4,1,1,0,2693,0,0,0,22,7,222,1,188,6,1,1,0,0.14285714285714285,1,0,3
48,10,1,1,0,926,0,0,0,12,1,504,2,178,10,2,1,0,0.18181818181818182,1,1,2
51,10,1,1,0,1416,0,0,0,9,11,345,1,-1,0,3,1,1,1.0,1,1,3
85,5,1,0,0,12114,0,0,1,12,3,165,2,-1,0,3,1,1,2.0,1,0,4
59,10,1,1,0,957,0,0,0,9,2,479,2,-1,0,3,1,1,2.0,1,1,3
48,1,1,0,0,214,1,1,0,14,8,307,1,177,2,0,1,0,0.3333333333333333,1,1,2
26,0,2,2,0,2532,1,1,0,18,3,269,1,-1,0,3,1,1,1.0,1,0,0
29,4,2,2,0,265,0,0,0,22,8,491,1,-1,0,3,1,1,1.0,1,1,0
33,10,2,2,0,6748,0,0,0,14,1,1579,2,-1,0,3,1,1,2.0,1,1,1
32,4,2,2,0,7290,1,0,0,18,8,357,1,-1,0,3,1,1,1.0,1,1,1
22,0,2,1,0,372,0,0,0,6,10,218,1,-1,0,3,1,1,1.0,1,0,0
47,9,1,0,0,235,0,0,0,2,7,136,2,203,1,1,1,0,1.0,1,0,2
52,4,1,2,0,3634,0,0,0,8,3,341,8,-1,0,3,1,1,8.0,1,1,3
34,4,1,2,0,158,0,0,0,9,11,278,2,132,4,0,1,0,0.4,1,0,1
40,4,1,2,0,-17,1,1,0,11,8,474,1,256,1,2,1,0,0.5,0,1,1
32,4,2,2,0,2551,1,0,0,21,5,638,3,-1,0,3,1,1,3.0,1,1,1
28,4,2,2,0,187,0,0,0,10,11,255,1,93,2,2,1,0,0.3333333333333333,1,0,0
28,4,2,2,0,874,1,0,0,5,6,509,1,-1,0,3,1,1,1.0,1,1,0
28,9,2,2,0,676,0,0,0,5,3,1138,2,-1,0,3,1,1,2.0,1,1,0
24,9,2,1,0,598,0,0,0,12,8,762,1,182,2,2,1,0,0.3333333333333333,1,1,0
59,5,1,2,0,148,1,1,0,8,8,685,2,366,1,1,1,0,1.0,1,1,3
30,9,1,1,0,289,1,0,0,14,1,1184,4,-1,0,3,1,1,4.0,1,1,0
55,4,0,1,0,204,1,0,0,11,5,1973,2,-1,0,3,1,1,2.0,1,1,3
59,9,1,1,0,259,0,0,0,15,6,415,1,89,1,2,1,0,0.5,1,1,3
67,5,1,1,0,203,0,0,0,11,10,405,1,266,2,2,1,0,0.3333333333333333,1,1,4
30,9,2,1,0,816,1,0,2,14,9,179,1,-1,0,3,1,1,1.0,1,0,0
28,6,2,2,0,1579,0,0,0,13,4,163,1,91,3,0,1,0,0.25,1,0,0
33,0,2,1,0,555,1,0,0,9,11,204,1,365,1,2,1,0,0.5,1,0,1
51,9,1,1,0,-1944,1,0,0,7,8,623,1,-1,0,3,1,1,1.0,0,1,3
27,9,2,2,0,931,1,0,0,4,3,1078,1,-1,0,3,1,1,1.0,1,1,0
33,7,1,1,0,1697,0,0,0,3,9,179,1,-1,0,3,1,1,1.0,1,0,1
40,4,1,2,0,1855,0,0,1,8,3,78,6,-1,0,3,1,1,6.0,1,0,1
28,9,2,2,0,2489,1,0,1,27,3,342,2,-1,0,3,1,1,2.0,1,1,0
32,7,1,1,0,-34,1,0,2,30,8,1236,2,-1,0,3,1,1,2.0,0,1,1
47,4,0,2,0,12026,1,0,1,27,10,251,1,-1,0,3,1,1,1.0,1,0,2
46,0,0,0,0,429,1,0,0,26,0,465,2,369,2,2,1,0,0.6666666666666666,1,1,2
45,4,1,2,0,160,0,0,0,10,9,182,2,194,1,2,1,0,1.0,1,0,2
40,9,1,2,0,11766,1,0,0,13,0,218,2,242,9,0,1,0,0.2,1,0,1
30,1,2,1,0,953,1,0,2,2,6,747,2,-1,0,3,1,1,2.0,1,1,0
24,8,2,2,0,3415,0,0,0,27,0,97,1,-1,0,3,1,1,1.0,1,0,0
32,1,2,1,0,217,1,0,0,15,8,692,3,-1,0,3,1,1,3.0,1,1,1
55,7,1,3,0,2944,0,0,0,27,1,672,6,-1,0,3,1,1,6.0,1,1,3
43,9,1,1,0,3285,1,0,2,13,8,1721,2,-1,0,3,1,1,2.0,1,1,2
37,9,2,2,0,197,0,0,0,15,3,531,1,91,2,2,1,0,0.3333333333333333,1,1,1
61,6,0,2,0,6,1,0,0,14,0,133,2,-1,0,3,1,1,2.0,1,0,4
41,2,1,0,0,0,0,0,0,3,5,438,2,389,1,1,1,0,1.0,0,1,2
61,5,1,1,0,1058,0,0,0,27,5,218,2,91,3,2,1,0,0.5,1,0,4
49,3,1,0,0,889,0,0,1,7,5,388,1,-1,0,3,1,1,1.0,1,1,2
35,9,2,1,0,183,0,0,0,23,10,281,1,52,4,0,1,0,0.2,1,0,1
74,5,1,0,0,1765,0,0,1,11,11,290,2,-1,0,3,1,1,2.0,1,0,4
30,4,2,2,0,398,0,0,0,30,0,554,1,6,2,2,1,0,0.3333333333333333,1,1,0
41,7,1,1,0,803,1,0,0,9,0,592,4,316,3,0,1,0,1.0,1,1,2
79,5,1,0,0,8556,0,0,1,18,4,326,2,272,2,2,1,0,0.6666666666666666,1,1,4
40,10,2,1,0,334,0,0,0,5,7,219,1,91,6,1,1,0,0.14285714285714285,1,0,1
37,4,1,2,0,1276,0,0,0,14,1,156,2,-1,0,3,1,1,2.0,1,0,1
36,4,1,2,0,2161,0,0,0,8,11,708,2,183,5,2,1,0,0.3333333333333333,1,1,1
30,0,1,1,0,396,1,0,0,13,8,366,3,348,2,0,1,0,1.0,1,1,0
32,4,1,2,0,376,1,0,0,23,7,248,4,-1,0,3,1,1,4.0,1,0,1
41,4,1,2,0,0,1,0,0,18,9,897,3,-1,0,3,1,1,3.0,0,1,2
40,7,1,1,0,446,1,0,2,16,8,1252,1,-1,0,3,1,1,1.0,1,1,1
23,0,2,2,0,314,0,1,0,8,0,142,4,-1,0,3,1,1,4.0,1,0,0
41,10,1,1,0,0,1,1,0,5,8,400,1,-1,0,3,1,1,1.0,0,1,2
35,3,2,0,0,745,0,0,1,5,6,522,3,-1,0,3,1,1,3.0,1,1,1
44,4,0,2,1,-411,1,0,2,2,6,432,4,-1,0,3,1,1,4.0,0,1,2
25,1,2,1,0,189,0,1,0,8,5,687,2,-1,0,3,1,1,2.0,1,1,0
38,1,1,0,0,1852,1,0,0,13,8,606,1,-1,0,3,1,1,1.0,1,1,1
37,4,1,2,0,203,0,0,0,21,10,759,1,90,5,2,1,0,0.16666666666666666,1,1,1
26,7,2,1,0,136,0,0,0,20,0,120,1,-1,0,3,1,1,1.0,1,0,0
55,1,1,0,0,512,0,0,0,5,1,1200,2,-1,0,3,1,1,2.0,1,1,3
33,4,2,2,0,816,1,0,0,11,10,383,2,503,2,0,1,0,0.6666666666666666,1,1,1
36,9,2,1,0,651,0,0,0,7,1,876,1,-1,0,3,1,1,1.0,1,1,1
38,2,2,1,0,2543,0,0,0,10,1,223,1,414,4,0,1,0,0.2,1,0,1
58,6,1,0,0,1013,1,0,0,11,1,206,1,461,1,0,1,0,0.5,1,0,3
39,1,0,0,0,1317,1,0,0,20,9,543,1,170,4,1,1,0,0.2,1,1,1
61,4,1,2,0,0,0,0,0,16,10,136,2,-1,0,3,1,1,2.0,0,0,4
37,9,2,1,0,2442,0,0,0,16,3,91,3,-1,0,3,1,1,3.0,1,0,1
51,5,0,1,0,1679,0,0,0,12,1,417,1,365,9,1,1,0,0.1,1,1,3
30,0,2,2,0,0,1,0,0,4,3,730,2,-1,0,3,1,1,2.0,0,1,0
40,3,2,2,0,7441,0,0,0,31,5,1461,6,-1,0,3,1,1,6.0,1,1,1
56,1,1,1,0,1210,0,0,2,11,6,935,1,-1,0,3,1,1,1.0,1,1,3
36,1,1,0,0,408,1,1,2,20,8,1063,2,-1,0,3,1,1,2.0,1,1,1
35,0,0,1,0,437,1,0,2,4,6,908,1,-1,0,3,1,1,1.0,1,1,1
44,10,0,2,0,0,0,0,0,5,3,1960,3,-1,0,3,1,1,3.0,0,1,2
30,9,2,2,0,635,0,0,0,13,1,851,8,-1,0,3,1,1,8.0,1,1,0
51,4,2,1,0,1610,1,0,2,16,6,1248,3,-1,0,3,1,1,3.0,1,1,3
39,4,1,1,0,11835,1,0,0,11,1,744,2,-1,0,3,1,1,2.0,1,1,1
46,4,1,2,0,1600,1,1,0,11,1,1244,1,-1,0,3,1,1,1.0,1,1,2
35,9,1,2,0,1629,0,0,0,25,5,653,4,-1,0,3,1,1,4.0,1,1,1
32,0,1,2,0,653,0,0,0,2,6,84,1,-1,0,3,1,1,1.0,1,0,1
35,10,2,2,0,415,0,0,0,4,3,649,1,176,1,0,1,0,0.5,1,1,1
51,1,1,1,0,518,1,0,0,12,8,918,1,-1,0,3,1,1,1.0,1,1,3
19,8,2,3,0,108,0,0,0,9,7,273,2,182,1,2,1,0,1.0,1,0,0
42,7,1,1,0,774,0,0,0,28,4,997,1,-1,0,3,1,1,1.0,1,1,2
84,5,1,1,0,81204,0,0,1,1,0,390,1,94,3,2,1,0,0.25,1,1,4
60,4,1,2,0,315,0,0,0,1,11,840,1,183,3,2,1,0,0.25,1,1,3
41,1,1,1,0,2689,1,0,0,15,0,135,1,-1,0,3,1,1,1.0,1,0,2
36,7,2,1,0,365,0,0,0,4,8,643,1,-1,0,3,1,1,1.0,1,1,1
30,4,2,2,0,3779,0,0,0,13,0,1093,1,-1,0,3,1,1,1.0,1,1,0
28,8,2,2,0,3054,0,0,0,30,0,384,1,80,6,1,1,0,0.14285714285714285,1,1,0
51,4,1,2,0,469,0,0,0,15,0,200,1,181,2,2,1,0,0.3333333333333333,1,0,3
36,1,1,1,0,1165,1,0,2,13,8,1001,4,-1,0,3,1,1,4.0,1,1,1
57,9,1,2,0,-1,0,0,2,14,8,850,2,-1,0,3,1,1,2.0,0,1,3
46,6,0,2,0,21,0,0,0,30,5,566,2,-1,0,3,1,1,2.0,1,1,2
50,9,1,1,0,3654,0,0,0,29,10,215,2,78,2,1,1,0,0.6666666666666666,1,0,2
33,1,1,1,0,0,0,0,0,29,5,454,6,-1,0,3,1,1,6.0,0,1,1
33,4,0,2,0,2240,0,0,0,3,6,198,1,-1,0,3,1,1,1.0,1,0,1
27,1,2,2,0,567,0,0,0,25,9,238,2,184,1,2,1,0,1.0,1,0,0
25,8,2,3,0,722,0,0,1,21,0,623,2,-1,0,3,1,1,2.0,1,1,0
29,1,1,1,0,-493,1,0,0,18,8,536,2,334,4,0,1,0,0.4,0,1,0
65,2,1,2,0,2331,0,0,1,9,3,290,1,92,1,2,1,0,0.5,1,0,4
33,9,0,1,0,801,0,0,0,7,1,341,5,-1,0,3,1,1,5.0,1,1,1
34,0,1,1,0,1406,1,0,0,27,8,145,1,-1,0,3,1,1,1.0,1,0,1
40,1,1,1,0,1515,1,0,0,10,1,503,1,-1,0,3,1,1,1.0,1,1,1
41,9,1,2,0,67,1,0,0,19,9,814,1,-1,0,3,1,1,1.0,1,1,2
72,5,1,0,0,4657,0,0,0,22,2,305,3,309,5,2,1,0,0.5,1,1,4
31,9,1,2,0,1570,1,0,0,8,7,277,4,286,1,0,1,0,2.0,1,0,1
39,1,1,1,0,1307,1,0,1,31,10,158,1,-1,0,3,1,1,1.0,1,0,1
50,4,1,2,0,5108,1,0,0,18,2,406,1,182,2,0,1,0,0.3333333333333333,1,1,2
49,7,0,1,0,947,0,0,2,20,6,808,2,-1,0,3,1,1,2.0,1,1,2
61,4,2,2,0,2,0,0,0,12,1,131,1,114,3,0,1,0,0.25,1,0,4
57,5,2,2,0,842,0,0,0,13,1,284,3,-1,0,3,1,1,3.0,1,0,3
35,3,1,2,0,1265,1,0,0,15,8,326,5,179,4,0,1,0,1.0,1,1,1
65,0,1,1,0,952,0,0,0,6,11,255,1,96,1,2,1,0,0.5,1,0,4
30,0,2,1,0,265,1,0,0,25,8,681,1,181,2,2,1,0,0.3333333333333333,1,1,0
27,7,2,1,0,955,0,0,0,23,0,206,1,-1,0,3,1,1,1.0,1,0,0
30,9,2,2,0,4060,0,0,0,3,3,179,1,93,1,1,1,0,0.5,1,0,0
39,9,0,1,0,291,1,0,0,7,8,882,2,-1,0,3,1,1,2.0,1,1,1
46,3,1,0,0,3512,0,0,0,30,10,175,1,197,1,0,1,0,0.5,1,0,2
46,4,1,2,0,2817,0,0,0,17,11,543,1,-1,0,3,1,1,1.0,1,1,2
34,4,2,2,0,2159,0,0,2,18,3,386,1,-1,0,3,1,1,1.0,1,1,1
37,4,1,2,0,630,0,0,0,30,0,315,1,87,1,2,1,0,0.5,1,1,1
36,7,1,1,0,52,1,0,0,7,11,351,1,95,6,2,1,0,0.14285714285714285,1,1,1
32,9,2,2,0,1246,1,0,0,4,3,192,2,-1,0,3,1,1,2.0,1,0,1
37,1,1,0,0,-106,1,1,0,12,8,690,1,-1,0,3,1,1,1.0,0,1,1
43,4,1,2,0,1791,0,0,0,5,1,254,1,-1,0,3,1,1,1.0,1,0,2
35,4,1,2,0,43,1,0,0,20,0,860,1,-1,0,3,1,1,1.0,1,1,1
47,0,2,1,0,3696,0,0,0,12,4,758,4,-1,0,3,1,1,4.0,1,1,2
47,1,1,1,0,802,1,1,0,12,8,289,2,-1,0,3,1,1,2.0,1,0,2
35,4,1,2,0,2161,0,0,0,9,7,139,2,181,3,2,1,0,0.5,1,0,1
46,4,0,2,0,461,0,0,0,30,2,369,2,-1,0,3,1,1,2.0,1,1,2
56,4,1,2,0,830,1,1,2,6,8,1201,1,-1,0,3,1,1,1.0,1,1,3
56,7,1,0,0,486,0,1,1,21,5,1877,1,-1,0,3,1,1,1.0,1,1,3
37,9,1,1,0,1762,0,0,0,16,0,334,2,-1,0,3,1,1,2.0,1,1,1
46,4,1,2,0,349,0,0,0,15,3,295,2,616,1,0,1,0,1.0,1,0,2
69,9,1,2,0,482,0,0,0,29,5,478,1,267,1,0,1,0,0.5,1,1,4
31,4,2,2,0,2734,1,0,0,15,8,858,3,-1,0,3,1,1,3.0,1,1,1
37,9,2,1,0,265,1,1,0,3,3,140,1,366,2,0,1,0,0.3333333333333333,1,0,1
34,1,1,1,0,262,0,0,0,1,6,339,1,-1,0,3,1,1,1.0,1,1,1
25,7,2,3,0,2022,0,0,0,29,5,276,8,97,12,1,1,0,0.6153846153846154,1,0,0
34,9,2,1,0,666,0,0,0,21,1,1503,2,-1,0,3,1,1,2.0,1,1,1
21,8,2,1,0,123,0,0,1,12,1,449,1,-1,0,3,1,1,1.0,1,1,0
53,1,1,1,0,6112,0,0,0,3,3,211,1,-1,0,3,1,1,1.0,1,0,3
33,4,1,2,0,271,1,0,0,13,9,182,2,91,2,2,1,0,0.6666666666666666,1,0,1
27,0,1,1,0,1595,0,0,0,29,2,196,2,197,2,2,1,0,0.6666666666666666,1,0,0
32,0,1,1,0,200,0,0,0,1,11,729,1,29,3,0,1,0,0.25,1,1,1
44,1,1,1,1,105,1,0,0,20,0,586,1,-1,0,3,1,1,1.0,1,1,2
32,0,1,1,0,995,0,0,0,3,11,331,1,99,2,1,1,0,0.3333333333333333,1,1,1
51,6,2,1,0,0,0,0,0,29,10,1707,2,-1,0,3,1,1,2.0,0,1,3
32,4,2,2,0,769,0,0,0,29,1,695,2,-1,0,3,1,1,2.0,1,1,1
48,1,2,0,0,8990,0,0,1,2,3,1790,2,-1,0,3,1,1,2.0,1,1,2
42,10,1,1,0,1289,0,0,0,15,5,250,4,415,2,0,1,0,1.3333333333333333,1,0,2
29,7,1,1,0,6567,1,0,0,15,8,792,2,298,1,0,1,0,1.0,1,1,0
60,5,1,1,0,1853,0,0,0,11,1,408,1,-1,0,3,1,1,1.0,1,1,3
33,1,2,0,0,127,1,0,2,29,8,1059,2,-1,0,3,1,1,2.0,1,1,1
38,4,1,2,0,238,0,0,0,4,1,139,1,92,3,0,1,0,0.25,1,0,1
35,1,1,0,0,414,0,0,2,13,8,504,4,-1,0,3,1,1,4.0,1,1,1
59,4,1,2,0,296,0,1,0,15,5,805,3,-1,0,3,1,1,3.0,1,1,3
31,9,1,2,0,26,0,1,0,18,9,419,1,127,6,1,1,0,0.14285714285714285,1,1,1
37,0,2,1,0,4803,0,0,0,15,4,396,2,-1,0,3,1,1,2.0,1,1,1
39,7,1,1,0,2758,0,0,0,4,3,658,3,-1,0,3,1,1,3.0,1,1,1
65,5,0,1,0,828,0,0,0,13,5,305,1,-1,0,3,1,1,1.0,1,1,4
42,1,1,1,0,443,1,0,2,2,6,671,5,-1,0,3,1,1,5.0,1,1,2
60,11,1,3,0,17297,0,0,0,26,1,664,11,-1,0,3,1,1,11.0,1,1,3
27,9,2,1,0,439,1,0,0,15,0,1038,2,-1,0,3,1,1,2.0,1,1,0
36,2,1,2,0,3057,0,0,2,16,6,2769,4,-1,0,3,1,1,4.0,1,1,1
33,8,1,1,0,1536,0,0,0,9,9,262,1,94,2,2,1,0,0.3333333333333333,1,0,1
26,4,2,2,0,362,0,0,0,15,11,925,1,104,2,2,1,0,0.3333333333333333,1,1,0
30,8,2,2,0,228,1,0,0,13,8,314,2,-1,0,3,1,1,2.0,1,1,0
30,1,2,1,0,799,0,0,2,13,6,674,1,-1,0,3,1,1,1.0,1,1,0
37,9,2,2,0,6101,0,0,0,6,3,141,1,-1,0,3,1,1,1.0,1,0,1
54,10,0,1,0,1664,0,0,0,2,6,257,3,-1,0,3,1,1,3.0,1,0,3
46,9,1,1,0,57,0,0,2,28,8,796,1,-1,0,3,1,1,1.0,1,1,2
45,9,0,1,0,2657,0,0,0,7,1,895,3,-1,0,3,1,1,3.0,1,1,2
32,7,2,2,0,945,0,0,0,20,9,531,1,-1,0,3,1,1,1.0,1,1,1
23,7,2,1,0,870,0,0,0,29,2,296,1,176,4,2,1,0,0.2,1,0,0
79,5,1,1,0,668,0,0,1,2,5,363,1,-1,0,3,1,1,1.0,1,1,4
37,0,1,1,0,1207,1,0,1,6,0,1353,2,138,2,2,1,0,0.6666666666666666,1,1,1
62,4,1,2,0,3371,0,0,0,25,7,187,1,178,2,2,1,0,0.3333333333333333,1,0,4
26,0,1,1,0,1595,0,0,0,15,6,155,1,105,1,0,1,0,0.5,1,0,0
32,4,0,2,0,874,0,0,0,12,1,1282,6,-1,0,3,1,1,6.0,1,1,1
40,4,1,2,0,0,1,0,0,25,7,506,2,-1,0,3,1,1,2.0,0,1,1
31,0,2,2,0,676,1,0,0,22,0,124,2,343,2,1,1,0,0.6666666666666666,1,0,1
37,7,0,1,0,319,1,0,2,6,6,467,3,-1,0,3,1,1,3.0,1,1,1
36,0,2,1,0,148,1,0,0,15,8,1357,4,374,2,0,1,0,1.3333333333333333,1,1,1
35,7,2,2,0,0,0,0,0,3,5,704,1,-1,0,3,1,1,1.0,0,1,1
47,9,0,1,0,1013,0,0,0,15,11,170,1,92,3,0,1,0,0.25,1,0,2
30,4,2,2,0,201,1,0,0,17,7,325,2,-1,0,3,1,1,2.0,1,1,0
31,4,2,1,0,360,1,0,0,18,8,309,1,-1,0,3,1,1,1.0,1,1,1
27,0,1,1,0,897,0,0,0,5,6,397,1,-1,0,3,1,1,1.0,1,1,0
41,0,0,1,0,6046,1,1,1,15,7,300,6,182,2,2,1,0,2.0,1,0,2
71,5,1,2,0,3561,0,0,1,15,7,577,7,-1,0,3,1,1,7.0,1,1,4
25,9,2,2,0,3630,0,0,1,9,6,221,7,-1,0,3,1,1,7.0,1,0,0
38,0,1,1,0,1767,1,0,0,9,5,483,4,239,7,2,1,0,0.5,1,1,1
27,9,2,2,0,1075,0,0,0,2,11,529,2,184,1,2,1,0,1.0,1,1,0
54,0,1,1,0,0,0,0,0,27,4,565,1,-1,0,3,1,1,1.0,0,1,3
37,0,0,1,0,1533,1,0,0,21,9,555,4,-1,0,3,1,1,4.0,1,1,1
30,9,1,2,0,541,1,0,2,26,8,414,2,-1,0,3,1,1,2.0,1,1,0
62,5,0,2,0,0,0,0,0,13,9,227,2,-1,0,3,1,1,2.0,0,0,4
26,4,2,2,0,943,0,0,0,11,9,166,1,195,1,2,1,0,0.5,1,0,0
43,4,1,2,0,79,0,0,0,26,8,640,1,-1,0,3,1,1,1.0,1,1,2
65,0,1,1,0,952,0,0,0,2,6,310,1,-1,0,3,1,1,1.0,1,1,4
35,1,2,1,0,0,1,0,0,16,0,1174,1,345,4,1,1,0,0.2,0,1,1
33,4,2,2,0,62,1,0,0,18,8,473,3,-1,0,3,1,1,3.0,1,1,1
33,4,2,2,0,6807,0,0,0,20,0,163,1,-1,0,3,1,1,1.0,1,0,1
25,0,2,1,0,285,0,0,0,3,5,658,3,-1,0,3,1,1,3.0,1,1,0
61,3,1,0,0,2580,0,0,0,16,11,270,3,202,7,1,1,0,0.375,1,0,4
59,10,1,1,0,1047,0,0,0,21,1,438,1,184,3,2,1,0,0.25,1,1,3
59,0,1,1,0,2343,1,0,2,5,8,1042,1,-1,0,3,1,1,1.0,1,1,3
38,10,1,2,0,2812,1,0,0,30,0,830,1,-1,0,3,1,1,1.0,1,1,1
42,4,2,2,1,0,1,0,0,21,9,824,1,-1,0,3,1,1,1.0,0,1,2
29,10,2,0,0,1374,0,0,0,17,9,309,3,208,4,2,1,0,0.6,1,1,0
33,0,2,2,0,146,0,0,0,23,5,351,3,-1,0,3,1,1,3.0,1,1,1
22,8,2,1,0,216,0,0,0,6,1,178,1,179,2,2,1,0,0.3333333333333333,1,0,0
39,6,2,2,0,426,0,0,2,18,6,1029,1,-1,0,3,1,1,1.0,1,1,1
29,4,2,2,0,572,0,0,0,16,2,314,1,195,1,2,1,0,0.5,1,1,0
48,4,0,2,0,17964,1,0,0,26,8,208,2,96,3,1,1,0,0.5,1,0,2
23,4,2,2,0,2143,0,0,0,30,7,180,2,-1,0,3,1,1,2.0,1,0,0
47,4,1,2,0,288,0,0,0,31,7,193,1,181,1,2,1,0,0.5,1,0,2
63,5,0,2,0,0,0,0,0,13,8,263,1,181,2,2,1,0,0.3333333333333333,0,0,4
27,9,2,1,0,489,1,0,0,30,5,356,4,-1,0,3,1,1,4.0,1,1,0
32,1,1,1,0,1879,0,0,0,6,3,591,8,-1,0,3,1,1,8.0,1,1,1
43,0,2,1,0,733,1,0,0,21,1,126,1,88,4,2,1,0,0.2,1,0,2
34,9,1,1,0,390,1,0,0,27,7,95,2,231,2,0,1,0,0.6666666666666666,1,0,1
80,3,1,0,0,0,0,0,0,23,3,639,1,189,1,0,1,0,0.5,0,1,4
57,5,1,1,0,1044,0,0,1,11,4,585,1,192,2,2,1,0,0.3333333333333333,1,1,3
29,1,1,1,0,940,1,1,0,15,8,382,1,-1,0,3,1,1,1.0,1,1,0
27,9,2,2,0,2781,1,0,0,24,8,168,1,389,1,0,1,0,0.5,1,0,0
22,8,2,3,0,1232,0,0,0,30,5,283,1,430,2,1,1,0,0.3333333333333333,1,0,0
61,6,0,2,0,52587,0,0,0,10,1,290,1,-1,0,3,1,1,1.0,1,0,4
68,5,0,1,0,4189,0,0,1,14,5,897,2,-1,0,3,1,1,2.0,1,1,4
40,10,2,2,0,7968,0,0,0,3,11,733,1,93,1,2,1,0,0.5,1,1,1
77,5,1,2,0,0,0,0,0,16,10,847,1,60,1,2,1,0,0.5,0,1,4
60,5,0,1,0,1099,0,0,0,11,5,764,2,-1,0,3,1,1,2.0,1,1,3
37,0,1,1,0,1967,0,0,1,27,10,376,1,-1,0,3,1,1,1.0,1,1,1
53,9,0,2,0,2228,0,0,0,17,9,890,1,-1,0,3,1,1,1.0,1,1,3
34,0,1,2,0,142,1,0,0,13,8,459,1,-1,0,3,1,1,1.0,1,1,1
56,7,1,1,0,1989,0,0,0,3,3,336,2,281,2,0,1,0,0.6666666666666666,1,1,3
53,4,1,2,0,3634,0,0,0,7,8,211,4,88,8,2,1,0,0.4444444444444444,1,0,3
34,9,1,2,0,197,0,0,0,20,1,78,3,-1,0,3,1,1,3.0,1,0,1
37,0,1,1,0,1110,1,0,1,22,5,802,11,-1,0,3,1,1,11.0,1,1,1
75,5,1,2,0,6027,0,0,0,16,9,1248,2,94,2,0,1,0,0.6666666666666666,1,1,4
26,0,2,2,0,760,1,0,0,4,7,456,2,281,5,2,1,0,0.3333333333333333,1,1,0
60,6,1,2,0,10861,0,0,0,9,9,98,1,91,2,0,1,0,0.3333333333333333,1,0,3
40,7,0,1,0,687,1,0,0,2,3,531,1,208,1,2,1,0,0.5,1,1,1
26,4,2,2,0,222,0,0,0,26,0,192,1,334,1,0,1,0,0.5,1,0,0
27,4,2,1,0,843,0,0,0,8,4,187,1,-1,0,3,1,1,1.0,1,0,0
21,8,2,1,0,123,0,0,1,11,9,513,1,91,1,2,1,0,0.5,1,1,0
42,9,1,2,0,921,0,0,0,5,1,531,3,-1,0,3,1,1,3.0,1,1,2
29,7,1,1,0,1135,1,0,0,17,3,323,1,-1,0,3,1,1,1.0,1,1,0
74,5,0,1,0,4079,0,0,0,19,10,343,3,-1,0,3,1,1,3.0,1,1,4
26,4,2,2,0,390,0,0,0,7,1,325,1,-1,0,3,1,1,1.0,1,1,0
39,0,1,1,0,260,1,0,0,11,1,175,2,116,2,0,1,0,0.6666666666666666,1,0,1
53,1,1,0,0,751,1,0,0,3,3,1528,2,-1,0,3,1,1,2.0,1,1,3
34,7,2,1,0,-701,1,0,0,11,8,610,2,-1,0,3,1,1,2.0,0,1,1
41,1,1,1,1,720,0,1,0,24,5,651,1,-1,0,3,1,1,1.0,1,1,2
78,5,0,0,0,2787,0,0,1,1,5,372,1,-1,0,3,1,1,1.0,1,1,4
46,0,0,1,0,2196,0,0,0,28,5,573,5,-1,0,3,1,1,5.0,1,1,2
38,4,2,2,0,6158,1,0,0,15,0,139,5,145,9,0,1,0,0.5,1,0,1
34,6,2,1,0,296,0,0,0,27,1,609,13,-1,0,3,1,1,13.0,1,1,1
60,5,1,1,0,8332,0,0,0,16,7,279,1,194,7,1,1,0,0.125,1,0,3
71,5,0,3,0,392,0,0,1,7,5,276,2,-1,0,3,1,1,2.0,1,0,4
44,6,1,1,0,706,0,0,2,5,9,204,1,-1,0,3,1,1,1.0,1,0,2
32,2,1,1,0,-242,1,0,0,20,0,1202,3,-1,0,3,1,1,3.0,0,1,1
30,2,2,0,0,0,1,1,2,27,8,1051,1,-1,0,3,1,1,1.0,0,1,0
31,10,2,1,0,1214,0,0,0,4,3,974,1,-1,0,3,1,1,1.0,1,1,1
34,1,2,0,0,-109,1,0,0,15,5,860,4,-1,0,3,1,1,4.0,0,1,1
29,0,1,1,0,7707,1,0,0,29,0,961,2,334,2,0,1,0,0.6666666666666666,1,1,0
41,4,2,1,0,3234,1,0,0,30,4,2770,1,-1,0,3,1,1,1.0,1,1,2
36,9,1,2,0,202,0,0,0,29,4,313,1,120,3,0,1,0,0.25,1,1,1
32,9,1,1,0,660,0,0,0,25,10,226,2,490,1,0,1,0,1.0,1,0,1
26,6,2,1,0,3676,0,0,0,7,0,148,1,-1,0,3,1,1,1.0,1,0,0
29,7,2,1,0,271,1,0,2,20,8,1882,2,-1,0,3,1,1,2.0,1,1,0
37,1,1,1,0,125,0,0,2,26,8,679,2,-1,0,3,1,1,2.0,1,1,1
60,9,1,1,0,259,0,0,0,6,5,396,1,386,2,2,1,0,0.3333333333333333,1,1,3
41,10,1,1,0,1077,1,1,1,9,2,207,3,387,2,0,1,0,1.0,1,0,2
48,4,1,2,0,3842,0,0,0,1,6,215,2,-1,0,3,1,1,2.0,1,0,2
22,7,2,1,0,344,1,0,0,18,8,347,1,-1,0,3,1,1,1.0,1,1,0
28,4,2,1,0,171,0,0,0,5,6,324,1,87,1,2,1,0,0.5,1,1,0
36,8,2,1,0,17,0,0,0,22,0,621,1,-1,0,3,1,1,1.0,1,1,1
33,9,2,2,0,1393,1,0,0,18,5,1127,3,-1,0,3,1,1,3.0,1,1,1
29,7,0,1,0,84,1,0,0,13,0,1101,2,-1,0,3,1,1,2.0,1,1,0
42,4,1,2,0,2816,0,0,0,10,9,193,2,-1,0,3,1,1,2.0,1,0,2
34,4,2,2,0,1228,0,0,0,30,0,580,2,84,8,2,1,0,0.2222222222222222,1,1,1
43,4,0,2,0,2367,0,0,0,22,11,83,1,113,3,2,1,0,0.25,1,0,2
58,6,0,2,0,1382,0,0,2,9,6,700,1,-1,0,3,1,1,1.0,1,1,3
68,5,0,0,0,476,0,0,1,28,6,363,1,-1,0,3,1,1,1.0,1,1,4
31,4,1,2,0,1224,1,1,0,24,5,1441,2,-1,0,3,1,1,2.0,1,1,1
28,9,2,1,0,154,1,0,0,18,3,416,2,-1,0,3,1,1,2.0,1,1,0
31,9,2,2,0,208,0,0,0,12,1,1344,7,-1,0,3,1,1,7.0,1,1,1
33,4,2,2,0,5437,0,0,0,4,8,267,1,91,1,0,1,0,0.5,1,0,1
52,4,1,2,0,583,0,0,0,17,8,376,1,181,3,2,1,0,0.25,1,1,3
57,7,1,0,0,491,1,0,0,15,0,1217,3,-1,0,3,1,1,3.0,1,1,3
38,2,0,1,0,1190,1,0,0,4,6,81,2,391,3,0,1,0,0.5,1,0,1
26,10,2,2,0,77,0,0,0,26,0,175,1,-1,0,3,1,1,1.0,1,0,0
32,7,2,1,0,5806,1,0,0,20,9,1503,2,-1,0,3,1,1,2.0,1,1,1
28,4,2,2,0,223,1,0,1,27,1,157,2,119,1,1,1,0,1.0,1,0,0
64,5,1,1,0,1574,0,0,1,29,5,301,3,-1,0,3,1,1,3.0,1,1,4
28,1,1,1,0,173,0,0,0,18,5,588,7,-1,0,3,1,1,7.0,1,1,0
76,5,0,0,0,3049,0,0,0,24,7,170,3,-1,0,3,1,1,3.0,1,0,4
69,9,1,1,0,9064,0,0,0,7,1,714,1,-1,0,3,1,1,1.0,1,1,4
33,9,1,2,0,1699,0,0,0,4,1,600,1,-1,0,3,1,1,1.0,1,1,1
60,3,1,1,0,0,0,0,1,3,1,676,2,181,5,0,1,0,0.3333333333333333,0,1,3
27,8,2,1,0,279,0,0,0,12,10,323,1,-1,0,3,1,1,1.0,1,1,0
42,4,1,2,0,1205,0,0,1,8,11,376,2,-1,0,3,1,1,2.0,1,1,2
28,6,2,2,0,442,0,0,0,19,6,474,3,95,3,1,1,0,0.75,1,1,0
66,5,1,0,0,3629,0,0,0,2,3,474,1,172,2,1,1,0,0.3333333333333333,1,1,4
53,3,1,0,0,2581,0,0,0,21,10,828,1,189,1,0,1,0,0.5,1,1,3
34,4,1,2,0,1006,1,0,0,19,9,783,3,195,2,1,1,0,1.0,1,1,1
42,9,1,1,0,3082,0,0,0,11,11,285,1,-1,0,3,1,1,1.0,1,0,2
42,4,0,3,0,7702,0,0,0,16,3,138,2,-1,0,3,1,1,2.0,1,0,2
63,5,1,1,0,4752,0,0,0,2,11,233,2,-1,0,3,1,1,2.0,1,0,4
55,2,0,1,0,538,1,0,0,7,1,353,2,-1,0,3,1,1,2.0,1,1,3
41,1,2,0,0,1618,1,0,2,14,8,1553,1,-1,0,3,1,1,1.0,1,1,2
30,4,2,2,0,3340,0,0,0,3,6,238,3,-1,0,3,1,1,3.0,1,0,0
42,1,1,0,0,1461,1,0,0,7,8,757,2,170,3,0,1,0,0.5,1,1,2
30,0,2,2,0,305,0,0,0,30,0,633,1,85,2,2,1,0,0.3333333333333333,1,1,0
68,5,0,0,0,2027,0,0,0,15,6,619,2,92,2,2,1,0,0.6666666666666666,1,1,4
39,9,2,1,0,391,0,1,0,30,5,962,4,-1,0,3,1,1,4.0,1,1,1
31,0,2,1,0,19,1,0,0,18,9,1978,1,-1,0,3,1,1,1.0,1,1,1
66,5,1,1,0,2048,0,0,0,27,1,212,1,-1,0,3,1,1,1.0,1,0,4
41,10,2,2,0,7968,0,0,0,2,11,404,1,184,4,2,1,0,0.2,1,1,2
39,0,2,1,0,2345,1,0,0,8,8,491,2,344,2,0,1,0,0.6666666666666666,1,1,1
62,4,1,2,0,2785,0,0,0,6,5,270,3,-1,0,3,1,1,3.0,1,0,4
43,9,0,3,0,4389,0,0,1,2,5,632,2,85,1,2,1,0,1.0,1,1,2
31,4,2,2,0,533,0,0,1,12,8,372,1,90,10,2,1,0,0.09090909090909091,1,1,1
47,4,1,2,0,4693,0,1,0,12,9,89,1,97,3,2,1,0,0.25,1,0,2
45,0,1,1,0,5346,1,1,2,21,10,187,1,-1,0,3,1,1,1.0,1,0,2
51,7,0,1,0,9,0,0,2,18,6,371,2,-1,0,3,1,1,2.0,1,1,3
36,4,1,0,0,1506,0,0,0,14,1,326,3,-1,0,3,1,1,3.0,1,1,1
52,9,1,1,0,371,1,1,0,21,10,453,1,183,3,2,1,0,0.25,1,1,3
51,9,1,2,0,825,0,0,0,17,9,977,3,-1,0,3,1,1,3.0,1,1,3
42,4,1,2,0,1275,1,1,0,21,9,925,5,-1,0,3,1,1,5.0,1,1,2
31,4,1,2,0,131,0,0,0,18,3,332,2,-1,0,3,1,1,2.0,1,1,1
50,4,1,2,0,938,0,0,0,30,0,780,1,-1,0,3,1,1,1.0,1,1,2
33,4,2,2,0,87,0,0,0,12,1,978,1,-1,0,3,1,1,1.0,1,1,1
30,1,1,1,0,501,1,1,0,20,9,994,1,177,1,0,1,0,0.5,1,1,0
28,1,2,0,0,54,1,0,0,14,8,533,1,371,1,1,1,0,0.5,1,1,0
43,6,2,3,0,3173,0,0,2,15,8,746,1,-1,0,3,1,1,1.0,1,1,2
41,1,1,1,0,1236,1,0,0,11,8,911,3,-1,0,3,1,1,3.0,1,1,2
27,8,2,1,0,253,0,0,0,25,8,242,2,-1,0,3,1,1,2.0,1,0,0
41,4,1,2,0,27696,0,0,0,12,3,138,2,184,3,2,1,0,0.5,1,0,2
31,7,2,1,0,1027,0,0,0,2,5,217,3,-1,0,3,1,1,3.0,1,0,1
54,4,0,2,0,-449,1,0,0,14,8,691,1,-1,0,3,1,1,1.0,0,1,3
27,1,1,1,0,61,1,0,2,19,6,1012,1,-1,0,3,1,1,1.0,1,1,0
66,4,1,3,0,2149,1,0,0,26,8,135,2,90,11,2,1,0,0.16666666666666666,1,0,4
32,9,1,1,0,765,1,1,0,14,0,850,2,-1,0,3,1,1,2.0,1,1,1
31,4,0,2,0,414,0,1,0,16,5,241,1,-1,0,3,1,1,1.0,1,0,1
36,2,1,1,0,2971,0,0,0,12,9,247,1,97,8,0,1,0,0.1111111111111111,1,0,1
37,0,2,2,0,1000,1,0,0,22,11,239,1,99,2,2,1,0,0.3333333333333333,1,0,1
50,4,1,2,0,346,0,0,0,6,3,178,1,-1,0,3,1,1,1.0,1,0,2
33,9,1,1,0,133,0,0,0,12,9,627,2,192,1,2,1,0,1.0,1,1,1
48,0,1,0,0,3644,1,1,1,31,5,1039,9,-1,0,3,1,1,9.0,1,1,2
45,4,0,2,0,854,0,1,0,8,5,730,1,-1,0,3,1,1,1.0,1,1,2
41,1,1,0,0,1250,1,0,2,20,8,1392,2,-1,0,3,1,1,2.0,1,1,2
30,8,2,2,0,3300,0,0,0,21,9,1571,1,-1,0,3,1,1,1.0,1,1,0
33,10,1,1,0,1211,0,0,0,11,3,535,1,188,1,2,1,0,0.5,1,1,1
29,4,2,2,0,36252,1,0,0,30,0,501,1,-1,0,3,1,1,1.0,1,1,0
30,10,1,2,0,330,0,0,0,3,5,264,1,80,1,2,1,0,0.5,1,0,0
44,9,2,1,0,1679,0,0,1,20,10,718,1,-1,0,3,1,1,1.0,1,1,2
46,3,1,1,0,38,0,0,0,25,9,541,1,-1,0,3,1,1,1.0,1,1,2
45,1,2,0,0,116,0,0,2,13,0,122,1,-1,0,3,1,1,1.0,1,0,2
73,5,1,2,0,448,0,0,0,24,7,136,1,-1,0,3,1,1,1.0,1,0,4
54,6,1,2,0,990,0,0,0,3,6,244,2,-1,0,3,1,1,2.0,1,0,3
29,1,2,1,0,482,0,1,0,10,5,1097,3,-1,0,3,1,1,3.0,1,1,0
41,10,1,2,0,0,0,0,0,29,0,882,1,181,3,2,1,0,0.25,0,1,2
46,1,1,1,0,1147,1,0,0,20,0,720,1,-1,0,3,1,1,1.0,1,1,2
51,1,1,0,0,541,0,0,0,11,1,663,3,-1,0,3,1,1,3.0,1,1,3
64,5,1,2,0,1644,0,0,1,7,11,569,4,-1,0,3,1,1,4.0,1,1,4
31,1,2,1,0,953,1,0,0,14,8,479,1,346,2,2,1,0,0.3333333333333333,1,1,1
45,2,1,3,0,3133,1,1,0,10,5,804,1,-1,0,3,1,1,1.0,1,1,2
44,4,1,2,0,2383,0,0,0,1,5,571,2,-1,0,3,1,1,2.0,1,1,2
48,0,0,1,0,4099,0,0,0,2,0,397,2,-1,0,3,1,1,2.0,1,1,2
33,10,2,2,0,1974,0,0,0,14,1,498,2,191,1,0,1,0,1.0,1,1,1
59,4,1,2,0,5397,0,0,0,23,6,671,3,-1,0,3,1,1,3.0,1,1,3
71,5,0,1,0,0,0,0,0,26,3,771,1,171,1,2,1,0,0.5,0,1,4
30,7,2,1,0,1599,0,0,0,11,3,152,2,-1,0,3,1,1,2.0,1,0,0
30,9,1,1,0,776,0,0,0,30,0,861,2,-1,0,3,1,1,2.0,1,1,0
54,9,2,2,0,467,1,0,0,18,5,674,3,-1,0,3,1,1,3.0,1,1,3
78,5,0,0,0,527,0,0,0,16,11,193,1,-1,0,3,1,1,1.0,1,0,4
49,4,1,2,0,4751,0,0,0,12,1,884,4,-1,0,3,1,1,4.0,1,1,2
37,6,2,2,0,1188,0,0,0,24,6,310,1,-1,0,3,1,1,1.0,1,1,1
46,0,1,1,0,974,0,0,0,5,6,174,2,80,1,2,1,0,1.0,1,0,2
31,4,2,2,0,924,0,0,0,27,3,172,1,-1,0,3,1,1,1.0,1,0,1
33,1,2,1,0,498,0,0,0,30,0,301,1,-1,0,3,1,1,1.0,1,1,1
29,4,2,2,0,1808,0,0,0,7,5,273,2,433,1,2,1,0,1.0,1,0,0
38,6,2,2,0,605,0,0,1,18,6,1603,10,-1,0,3,1,1,10.0,1,1,1
30,9,2,2,0,1289,1,0,2,21,8,1697,2,-1,0,3,1,1,2.0,1,1,0
36,6,1,1,0,188,1,1,0,4,8,1046,3,333,2,2,1,0,1.0,1,1,1
61,0,1,1,0,4608,0,0,0,12,7,212,1,-1,0,3,1,1,1.0,1,0,4
59,5,0,2,0,3444,0,0,0,10,1,252,1,185,2,2,1,0,0.3333333333333333,1,0,3
32,9,0,2,0,53,0,0,0,22,1,671,2,-1,0,3,1,1,2.0,1,1,1
43,1,1,1,0,413,1,0,0,12,1,235,2,182,4,2,1,0,0.4,1,0,2
35,2,1,1,0,2971,0,0,0,4,8,429,4,164,2,0,1,0,1.3333333333333333,1,1,1
32,9,2,3,0,491,0,0,0,8,10,251,2,91,7,2,1,0,0.25,1,0,1
30,0,0,1,0,377,1,0,2,4,6,524,15,-1,0,3,1,1,15.0,1,1,0
39,4,1,2,0,1795,0,0,0,8,1,922,7,-1,0,3,1,1,7.0,1,1,1
44,4,1,2,0,1954,0,0,0,2,6,294,1,-1,0,3,1,1,1.0,1,0,2
30,1,2,1,0,5909,1,0,0,18,8,420,2,-1,0,3,1,1,2.0,1,1,0
49,4,1,2,0,1,0,0,1,13,1,640,2,101,4,2,1,0,0.4,1,1,2
33,9,1,1,0,183,0,0,0,16,5,457,2,182,3,1,1,0,0.5,1,1,1
33,0,1,1,0,920,0,0,0,16,9,130,1,95,2,0,1,0,0.3333333333333333,1,0,1
39,7,1,1,0,117,1,0,0,18,8,1032,2,-1,0,3,1,1,2.0,1,1,1
29,4,2,2,0,874,1,0,0,16,7,231,1,181,2,2,1,0,0.3333333333333333,1,0,0
53,4,1,2,0,0,0,0,0,11,1,608,2,-1,0,3,1,1,2.0,0,1,3
27,0,1,1,0,0,1,0,0,6,8,837,1,-1,0,3,1,1,1.0,0,1,0
43,7,1,1,0,774,0,0,0,25,7,101,1,421,1,2,1,0,0.5,1,0,2
34,0,0,1,0,661,1,0,0,5,1,245,2,183,10,0,1,0,0.18181818181818182,1,0,1
37,9,1,2,0,549,0,0,0,2,7,239,1,-1,0,3,1,1,1.0,1,0,1
77,5,1,0,0,2590,0,0,1,12,1,345,1,178,20,0,1,0,0.047619047619047616,1,1,4
46,0,1,1,0,368,0,0,0,20,1,293,1,90,4,1,1,0,0.2,1,0,2
45,1,1,1,0,1723,0,0,0,1,6,166,2,-1,0,3,1,1,2.0,1,0,2
60,0,1,1,0,12980,0,0,0,5,7,115,1,-1,0,3,1,1,1.0,1,0,3
26,9,2,2,0,401,0,0,0,5,8,188,2,-1,0,3,1,1,2.0,1,0,0
30,4,2,2,0,4210,0,0,0,12,1,796,4,-1,0,3,1,1,4.0,1,1,0
73,4,1,2,0,1609,0,0,0,14,5,169,2,-1,0,3,1,1,2.0,1,0,4
38,3,2,0,0,199,1,0,0,12,8,1203,1,306,1,0,1,0,0.5,1,1,1
38,1,1,0,0,1401,0,0,0,13,8,516,1,-1,0,3,1,1,1.0,1,1,1
37,4,1,2,0,6771,0,0,0,7,11,337,1,186,1,2,1,0,0.5,1,1,1
47,9,1,1,0,568,1,0,0,12,1,1613,1,-1,0,3,1,1,1.0,1,1,2
28,4,2,2,0,9314,0,0,0,2,5,276,2,-1,0,3,1,1,2.0,1,0,0
29,4,2,2,0,428,0,0,0,22,8,293,2,-1,0,3,1,1,2.0,1,0,0
43,7,1,0,0,2557,1,0,1,15,10,166,3,183,5,2,1,0,0.5,1,0,2
46,4,0,2,0,624,0,0,0,17,11,336,2,183,2,2,1,0,0.6666666666666666,1,1,2
21,8,2,1,0,71,0,0,0,13,4,169,2,-1,0,3,1,1,2.0,1,0,0
32,9,2,1,0,230,1,0,0,18,8,442,1,266,8,0,1,0,0.1111111111111111,1,1,1
29,1,2,1,0,322,0,0,2,14,6,434,1,96,6,1,1,0,0.14285714285714285,1,1,0
38,4,1,2,0,1308,1,0,0,2,3,626,1,-1,0,3,1,1,1.0,1,1,1
46,7,0,1,0,4329,0,0,0,21,9,534,2,-1,0,3,1,1,2.0,1,1,2
36,4,2,2,0,-78,1,0,2,2,6,1068,1,-1,0,3,1,1,1.0,0,1,1
32,1,2,0,0,12198,1,0,0,18,8,178,1,-1,0,3,1,1,1.0,1,0,1
36,9,0,1,0,1,0,0,0,8,1,1242,3,-1,0,3,1,1,3.0,1,1,1
49,7,1,0,0,1830,1,0,0,13,1,261,1,179,1,2,1,0,0.5,1,0,2
36,4,1,2,0,3949,0,0,0,28,4,130,2,-1,0,3,1,1,2.0,1,0,1
26,1,2,1,0,3145,0,0,0,28,2,1141,1,209,1,1,1,0,0.5,1,1,0
35,4,1,2,0,193,1,0,0,30,0,565,1,13,1,0,1,0,0.5,1,1,1
48,4,1,2,0,2351,0,0,0,15,11,150,1,105,3,2,1,0,0.25,1,0,2
50,10,1,1,0,3674,1,0,2,30,8,886,3,-1,0,3,1,1,3.0,1,1,2
56,5,0,0,0,694,0,0,0,29,4,144,1,102,1,1,1,0,0.5,1,0,3
49,9,0,2,0,1807,1,0,0,12,7,229,1,-1,0,3,1,1,1.0,1,0,2
59,4,1,2,0,5397,0,0,0,23,11,244,1,92,3,2,1,0,0.25,1,0,3
40,1,1,1,0,1451,0,0,0,30,11,117,1,121,1,2,1,0,0.5,1,0,1
49,7,1,1,0,823,0,0,0,8,1,780,4,-1,0,3,1,1,4.0,1,1,2
38,9,1,1,0,5115,1,0,0,2,6,318,1,95,7,2,1,0,0.125,1,1,1
42,9,2,1,1,-1129,1,0,2,2,6,555,5,-1,0,3,1,1,5.0,0,1,2
29,1,2,1,0,-20,0,1,0,21,5,574,1,-1,0,3,1,1,1.0,0,1,0
26,6,2,2,0,2857,0,0,0,3,5,446,1,-1,0,3,1,1,1.0,1,1,0
40,9,2,2,0,1175,0,0,0,14,0,184,1,-1,0,3,1,1,1.0,1,0,1
35,9,1,2,0,3160,1,0,0,16,9,445,2,95,1,0,1,0,1.0,1,1,1
56,9,1,1,0,589,1,0,2,23,10,518,1,147,2,2,1,0,0.3333333333333333,1,1,3
21,8,2,3,0,1506,0,0,0,14,11,340,1,-1,0,3,1,1,1.0,1,1,0
79,5,1,0,0,3025,0,0,0,11,2,166,3,126,3,1,1,0,0.75,1,0,4
28,4,2,2,0,437,0,0,0,5,8,338,1,-1,0,3,1,1,1.0,1,1,0
59,0,1,1,0,3735,0,0,0,18,7,203,4,121,2,0,1,0,1.3333333333333333,1,0,3
42,4,1,2,0,4,1,0,0,8,8,579,2,295,1,2,1,0,1.0,1,1,2
32,1,2,1,0,400,0,0,0,4,8,268,3,-1,0,3,1,1,3.0,1,0,1
67,5,0,0,0,2027,0,0,0,15,7,161,2,-1,0,3,1,1,2.0,1,0,4
70,5,1,1,0,1853,0,0,1,26,1,314,1,-1,0,3,1,1,1.0,1,1,4
30,10,1,2,0,330,0,0,0,14,0,111,1,-1,0,3,1,1,1.0,1,0,0
40,1,1,1,0,-839,1,1,0,16,5,1018,2,-1,0,3,1,1,2.0,0,1,1
34,4,1,2,0,3696,0,0,0,8,0,758,2,160,5,1,1,0,0.3333333333333333,1,1,1
40,4,1,2,0,158,0,0,1,30,0,712,2,-1,0,3,1,1,2.0,1,1,1
80,5,1,0,0,1468,0,0,0,13,4,330,3,-1,0,3,1,1,3.0,1,1,4
34,4,1,2,0,703,1,0,0,14,0,342,1,-1,0,3,1,1,1.0,1,1,1
37,4,1,2,0,5355,0,0,1,17,3,466,4,-1,0,3,1,1,4.0,1,1,1
32,7,2,1,0,152,1,0,0,25,8,158,2,-1,0,3,1,1,2.0,1,0,1
39,4,1,2,0,2763,1,0,2,2,6,526,2,-1,0,3,1,1,2.0,1,1,1
68,5,1,1,0,1443,0,0,1,21,2,2062,2,257,1,2,1,0,1.0,1,1,4
52,4,1,2,0,7192,0,0,0,4,1,1486,1,-1,0,3,1,1,1.0,1,1,3
76,5,1,0,0,1492,0,0,1,3,9,383,1,-1,0,3,1,1,1.0,1,1,4
51,9,1,2,0,0,0,0,0,7,8,662,2,66,2,2,1,0,0.6666666666666666,0,1,3
34,4,2,2,0,1494,1,0,0,18,9,596,1,182,1,1,1,0,0.5,1,1,1
47,0,0,1,0,225,0,0,0,28,1,1126,4,-1,0,3,1,1,4.0,1,1,2
45,3,1,1,0,360,0,0,0,3,9,215,1,-1,0,3,1,1,1.0,1,0,2
34,0,2,1,0,63,1,0,0,17,0,678,1,-1,0,3,1,1,1.0,1,1,1
33,4,2,3,0,1534,1,0,0,11,5,1041,2,-1,0,3,1,1,2.0,1,1,1
41,6,1,2,0,231,0,0,0,7,1,352,2,-1,0,3,1,1,2.0,1,1,2
59,1,0,0,0,1265,0,1,0,7,5,849,1,-1,0,3,1,1,1.0,1,1,3
30,4,2,2,0,364,0,0,0,30,0,306,2,-1,0,3,1,1,2.0,1,1,0
59,9,0,1,0,2396,0,0,0,20,9,488,1,-1,0,3,1,1,1.0,1,1,3
44,0,2,1,0,1534,0,0,0,7,1,166,1,99,2,1,1,0,0.3333333333333333,1,0,2
60,5,0,1,0,545,1,0,2,6,8,1030,1,-1,0,3,1,1,1.0,1,1,3
26,9,2,1,0,237,1,0,0,4,8,1091,3,-1,0,3,1,1,3.0,1,1,0
39,1,2,1,0,1672,1,0,0,20,0,462,1,648,1,0,1,0,0.5,1,1,1
36,8,2,2,0,129,0,0,0,28,4,918,1,93,1,2,1,0,0.5,1,1,1
59,5,2,1,0,2,0,0,1,2,3,935,1,-1,0,3,1,1,1.0,1,1,3
49,0,1,1,0,3608,1,0,2,13,9,231,1,-1,0,3,1,1,1.0,1,0,2
38,6,2,2,0,1612,1,0,0,8,8,423,1,-1,0,3,1,1,1.0,1,1,1
22,0,2,1,0,114,0,0,0,30,7,517,1,-1,0,3,1,1,1.0,1,1,0
55,9,1,1,0,3899,1,0,1,28,5,596,4,-1,0,3,1,1,4.0,1,1,3
28,10,2,0,0,236,0,0,0,4,8,193,1,87,3,0,1,0,0.25,1,0,0
34,9,1,2,0,8029,1,0,0,14,1,593,4,-1,0,3,1,1,4.0,1,1,1
32,7,2,1,0,6983,0,0,0,7,1,255,1,-1,0,3,1,1,1.0,1,0,1
41,10,2,2,0,79,0,0,1,9,9,394,1,390,2,2,1,0,0.3333333333333333,1,1,2
28,3,2,2,0,19,0,0,0,17,0,149,1,-1,0,3,1,1,1.0,1,0,0
36,0,1,1,0,1207,1,0,0,19,9,1792,2,-1,0,3,1,1,2.0,1,1,1
31,7,1,1,0,447,0,0,0,19,7,220,3,-1,0,3,1,1,3.0,1,0,1
42,4,0,2,0,238,0,0,0,25,11,692,1,-1,0,3,1,1,1.0,1,1,2
53,0,1,1,0,3765,0,0,2,20,6,1094,3,-1,0,3,1,1,3.0,1,1,3
34,7,1,1,0,2956,0,0,0,6,1,835,2,-1,0,3,1,1,2.0,1,1,1
24,8,2,1,0,1925,0,0,0,11,1,1363,1,-1,0,3,1,1,1.0,1,1,0
48,4,0,2,0,2263,0,0,0,29,5,874,2,-1,0,3,1,1,2.0,1,1,2
25,4,1,2,0,4461,0,0,0,11,7,796,5,-1,0,3,1,1,5.0,1,1,0
59,6,1,2,0,2013,0,0,0,17,9,409,2,-1,0,3,1,1,2.0,1,1,3
50,4,1,2,0,2366,0,0,0,28,4,816,2,149,1,1,1,0,1.0,1,1,2
47,5,1,0,0,1374,0,1,1,8,8,479,2,359,3,0,1,0,0.5,1,1,2
31,8,2,1,0,3511,0,0,0,6,10,311,1,96,1,2,1,0,0.5,1,1,1
21,8,2,1,0,215,0,0,0,24,8,382,1,89,7,2,1,0,0.125,1,1,0
45,4,0,2,0,1,0,0,0,6,1,490,2,-1,0,3,1,1,2.0,1,1,2
27,1,2,1,0,535,0,0,0,13,8,159,1,87,3,2,1,0,0.25,1,0,0
43,9,1,1,0,136,0,0,0,25,1,363,7,-1,0,3,1,1,7.0,1,1,2
43,9,2,3,0,11115,0,0,0,23,10,476,1,74,2,2,1,0,0.3333333333333333,1,1,2
49,9,2,1,0,9131,1,0,0,18,1,532,1,461,5,0,1,0,0.16666666666666666,1,1,2
30,1,1,1,0,167,1,0,0,10,5,255,1,-1,0,3,1,1,1.0,1,0,0
47,4,1,2,0,1147,0,0,0,2,6,654,1,95,1,0,1,0,0.5,1,1,2
52,7,0,1,0,36,1,1,0,11,8,930,1,-1,0,3,1,1,1.0,1,1,3
63,5,1,1,0,2896,0,0,0,1,5,304,1,119,2,2,1,0,0.3333333333333333,1,1,4
76,5,1,0,0,2223,0,0,1,4,3,429,1,-1,0,3,1,1,1.0,1,1,4
30,6,2,2,0,916,0,0,0,29,7,92,2,90,2,2,1,0,0.6666666666666666,1,0,0
33,9,1,1,0,557,0,0,0,4,8,367,1,-1,0,3,1,1,1.0,1,1,1
30,8,2,2,0,2539,0,0,1,5,7,199,5,-1,0,3,1,1,5.0,1,0,0
30,0,2,1,0,-36,0,0,0,16,5,561,9,-1,0,3,1,1,9.0,0,1,0
51,7,0,1,0,242,0,1,0,14,5,1336,4,-1,0,3,1,1,4.0,1,1,3
31,10,1,2,0,330,0,0,0,13,5,309,1,181,3,2,1,0,0.25,1,1,1
26,9,2,1,0,1231,1,0,0,4,11,230,1,93,7,2,1,0,0.125,1,0,0
38,9,1,0,0,217,1,0,2,9,6,491,6,-1,0,3,1,1,6.0,1,1,1
36,4,2,2,0,490,0,0,0,28,1,207,8,98,1,0,1,0,4.0,1,0,1
56,10,1,1,0,12,0,0,0,12,10,511,3,187,1,0,1,0,1.5,1,1,3
57,4,1,2,0,9103,0,1,2,20,6,1098,2,-1,0,3,1,1,2.0,1,1,3
